case,code,dof,path,s_tor,bmn_rel,bmod_l2,q_rel,phi_edge_rel,physical_psi_l2,physical_psi_max,physical_Bphi_l2,physical_Bphi_max,physical_bpol_l2,physical_bpol_max,physical_b_l2,physical_b_max,physical_bmod_l2,physical_bmod_max,physical_s_pol_max_abs,physical_s_tor_max_abs,physical_rho_tor_max_abs
E4_E1,kin6d,973,libneo_Boozer,0.05025,1.2365256599612345e-06,1.0476146148891711e-06,1.65531004614472e-06,5.242058136456507e-07,1.8467583408142853e-06,2.7779489810097013e-06,9.53381815962853e-08,1.3393150796174452e-07,4.2475805278841394e-05,0.00010348724868318546,2.3752559831149894e-06,6.952147344209086e-06,1.5001537137221357e-07,4.644983213590778e-07,1.1257608398193564e-06,1.0253076225819058e-06,2.2869589685059477e-06
E4_E1,kin6d,973,libneo_Boozer,0.13475,7.496278601894471e-07,6.332670037147066e-07,4.630334969779604e-06,5.242058136456507e-07,2.063166900560543e-06,3.885730618953917e-06,9.980724682084968e-08,1.766966930295731e-07,1.821344370067905e-05,3.4344760235794146e-05,1.6615891675785926e-06,3.7501196038215834e-06,1.5249110970956337e-07,3.729079022047159e-07,1.969586376215915e-06,1.8764863231046647e-06,2.555933256487286e-06
E4_E1,kin6d,973,libneo_Boozer,0.21925,1.0621035110628449e-06,8.149091475036374e-07,4.483356986773046e-07,5.242058136456507e-07,2.5248609579134754e-06,4.7326941307768725e-06,1.2104887912201798e-07,2.0486404599015066e-07,2.009441680254549e-05,4.3796633202248805e-05,2.3262065891848962e-06,6.059507141039325e-06,2.5233792544324746e-07,6.650542003623635e-07,2.418545536314598e-06,2.151086060719898e-06,2.2969784679305327e-06
E4_E1,kin6d,973,libneo_Boozer,0.30375,9.5754164369898e-07,7.025228975531759e-07,9.458936847117627e-07,5.242058136456507e-07,2.8617360247481273e-06,6.1086834867121625e-06,1.1016777387223985e-07,2.0969655289646372e-07,1.483731567885129e-05,4.4874221845503296e-05,2.012349049130918e-06,7.2635175535589296e-06,2.6826132431080755e-07,9.489656342009758e-07,3.0827558281654177e-06,2.9329710867220804e-06,2.6608389815940825e-06
E4_E1,kin6d,973,libneo_Boozer,0.38825,9.869148913223074e-07,7.452774304879084e-07,2.275864469769573e-06,5.242058136456507e-07,3.2377589066296546e-06,7.301680414610404e-06,1.0058877784627407e-07,2.030219254443482e-07,1.4943181426227417e-05,2.9962043819556066e-05,2.279211947910729e-06,5.451325678097215e-06,3.1090304604528513e-07,8.751616931077838e-07,3.4035609020599544e-06,3.4053269568623534e-06,2.7325752859352903e-06
E4_E1,kin6d,973,libneo_Boozer,0.47275,1.1000053272403894e-06,7.913066418820981e-07,6.065505737673504e-07,5.242058136456507e-07,4.186515685022838e-06,1.1364230046440307e-05,1.2455080995330084e-07,2.851930400543555e-07,1.2606365520396698e-05,2.6154074507984408e-05,2.1131365956090654e-06,5.221834898371712e-06,3.1302428919490046e-07,8.646393326367542e-07,4.989905829255736e-06,4.722944549007124e-06,3.434519587508511e-06
E4_E1,kin6d,973,libneo_Boozer,0.55725,8.936768840805962e-07,6.407834582307797e-07,3.4062222471487047e-06,5.242058136456507e-07,5.046027552550277e-06,1.3629174138449303e-05,1.2680448026634768e-07,2.3380474812906522e-07,1.584993416979795e-05,3.125239475404458e-05,2.8685162847711226e-06,6.736411975632437e-06,4.6175871625841967e-07,1.1897968703497934e-06,5.130506699146942e-06,5.008796024386086e-06,3.354882667561121e-06
E4_E1,kin6d,973,libneo_Boozer,0.64175,1.7460559694144928e-06,1.2709650441966754e-06,8.247140961259447e-07,5.242058136456507e-07,6.1557560300958455e-06,1.739080205054169e-05,1.4268804731352331e-07,3.2138426210407937e-07,1.1164454609103124e-05,2.098307366611796e-05,2.160356568964928e-06,4.827221561130449e-06,4.1010393881642694e-07,1.0927430885868352e-06,5.415793221330567e-06,5.260451362176788e-06,3.2832895557888264e-06
E4_E1,kin6d,973,libneo_Boozer,0.72625,1.6824697409912792e-06,1.4170726852200967e-06,3.8569897142792797e-07,5.242058136456507e-07,9.296730284956719e-06,3.13549496797858e-05,1.5988195564455552e-07,4.724691195584351e-07,1.798484247234894e-05,3.3865571376184195e-05,3.6797693713491396e-06,8.243528458305587e-06,7.454831739897801e-07,2.076176685910022e-06,7.748633360504797e-06,7.663958754289268e-06,4.496545006671404e-06
E4_E1,kin6d,973,libneo_Boozer,0.81075,2.973042089939713e-06,2.263479214801298e-06,3.1978267531762583e-06,5.242058136456507e-07,1.5342730902675958e-05,4.2723874207761686e-05,3.6704882206653514e-07,8.0103636332805e-07,2.413017781815121e-05,4.020523103088083e-05,5.198665073704654e-06,1.0285458228302103e-05,9.974479290245825e-07,2.5994793383831855e-06,7.3580535124850854e-06,7.147004468022189e-06,3.968712345758796e-06
E4_E1,kin6d,973,libneo_Boozer,0.89525,4.672766243736514e-06,3.7758370500352127e-06,3.316055518176597e-06,5.242058136456507e-07,3.079957831474295e-05,0.00010411604693407713,6.54536526725747e-07,1.0143525458927648e-06,3.6673458702302486e-05,5.457155393623266e-05,8.266752162733265e-06,1.4594968917115912e-05,1.3626671056679159e-06,3.823957570431534e-06,1.0089391932366354e-05,1.006815827053753e-05,5.32042900558416e-06
E4_E1,kin6d,973,libneo_Boozer,0.97975,8.198678499231198e-06,6.822081993951959e-06,1.6700419997794924e-05,5.242058136456507e-07,0.00043031520011504093,0.0018285265243770687,2.1590618736308044e-06,6.024288268503058e-06,6.573143922560773e-05,0.000121724506557328,1.55204495790519e-05,3.387199249859697e-05,3.8685128291918845e-06,1.154657797964656e-05,3.456171857163515e-05,3.6450152359646104e-05,1.8412284506164056e-05
E4_E1,kin6d,973,NEO_RT,0.05,,1.0513317614215799e-06,1.6035276543258092e-06,,,,,,,,,,,,,,
E4_E1,kin6d,973,NEO_RT,0.13454545454545455,,6.337395332369196e-07,4.629024372815316e-06,,,,,,,,,,,,,,
E4_E1,kin6d,973,NEO_RT,0.21909090909090911,,8.130663159200344e-07,4.086395458680059e-07,,,,,,,,,,,,,,
E4_E1,kin6d,973,NEO_RT,0.30363636363636365,,7.025180959293644e-07,9.352846799259851e-07,,,,,,,,,,,,,,
E4_E1,kin6d,973,NEO_RT,0.3881818181818182,,7.452633174929391e-07,2.292889169863699e-06,,,,,,,,,,,,,,
E4_E1,kin6d,973,NEO_RT,0.4727272727272728,,7.910270594803816e-07,6.099018088345787e-07,,,,,,,,,,,,,,
E4_E1,kin6d,973,NEO_RT,0.5572727272727274,,6.412725131624476e-07,3.409177044555456e-06,,,,,,,,,,,,,,
E4_E1,kin6d,973,NEO_RT,0.641818181818182,,1.273585807906147e-06,8.153914008435237e-07,,,,,,,,,,,,,,
E4_E1,kin6d,973,NEO_RT,0.7263636363636364,,1.4193277169497442e-06,4.225224767839819e-07,,,,,,,,,,,,,,
E4_E1,kin6d,973,NEO_RT,0.810909090909091,,2.259092548841029e-06,3.184273474898802e-06,,,,,,,,,,,,,,
E4_E1,kin6d,973,NEO_RT,0.8954545454545456,,3.7936636144336132e-06,3.316746490233946e-06,,,,,,,,,,,,,,
E4_E1,kin6d,973,NEO_RT,0.9800000000000001,,6.849275828780471e-06,1.6724547530433398e-05,,,,,,,,,,,,,,
E4_E1,kin6d,973,NEO_2,0.05,,1.0513313072349688e-06,1.6035276565462553e-06,,,,,,,,,,,,,,
E4_E1,kin6d,973,NEO_2,0.13454545454545455,,6.337396244397784e-07,4.629024371927137e-06,,,,,,,,,,,,,,
E4_E1,kin6d,973,NEO_2,0.21909090909090911,,8.13066222903657e-07,4.0863954831049654e-07,,,,,,,,,,,,,,
E4_E1,kin6d,973,NEO_2,0.30363636363636365,,7.025179828049543e-07,9.352846783716728e-07,,,,,,,,,,,,,,
E4_E1,kin6d,973,NEO_2,0.3881818181818182,,7.452633418286299e-07,2.2928891778573046e-06,,,,,,,,,,,,,,
E4_E1,kin6d,973,NEO_2,0.4727272727272728,,7.910270701969482e-07,6.099018057259542e-07,,,,,,,,,,,,,,
E4_E1,kin6d,973,NEO_2,0.5572727272727274,,6.412725185579092e-07,3.4091770393374077e-06,,,,,,,,,,,,,,
E4_E1,kin6d,973,NEO_2,0.641818181818182,,1.273585799602601e-06,8.153914028419251e-07,,,,,,,,,,,,,,
E4_E1,kin6d,973,NEO_2,0.7263636363636364,,1.4193276084927977e-06,4.2252247767216033e-07,,,,,,,,,,,,,,
E4_E1,kin6d,973,NEO_2,0.810909090909091,,2.2590925056633394e-06,3.184273473788579e-06,,,,,,,,,,,,,,
E4_E1,kin6d,973,NEO_2,0.8954545454545456,,3.7936637613750437e-06,3.3167464928984813e-06,,,,,,,,,,,,,,
E4_E1,kin6d,973,NEO_2,0.9800000000000001,,6.849275757993299e-06,1.672454753198771e-05,,,,,,,,,,,,,,
E4_E1,kin6d,4231,libneo_Boozer,0.05025,3.416872968682143e-07,2.4315644723793213e-07,1.2376865965446626e-07,3.662428316175692e-08,1.1888945711651138e-07,2.0625344432822636e-07,7.796881947139876e-09,1.3486523759548235e-08,4.7770540255821166e-06,2.038803245032259e-05,2.670324968640256e-07,1.3696253731193618e-06,1.7605649708704195e-08,8.289182227277971e-08,8.68894102223905e-08,1.0609895662039293e-07,2.3665345816326067e-07
E4_E1,kin6d,4231,libneo_Boozer,0.13475,1.6868124854019743e-07,1.2020441547132072e-07,3.1785051923804986e-08,3.662428316175692e-08,1.3463927644120862e-07,2.46974860300082e-07,1.2500266625474751e-08,2.208905594271806e-08,2.327526945946759e-06,9.023309476737678e-06,2.123221383939649e-07,9.851457562150298e-07,2.291373760967361e-08,1.1370017115913874e-07,1.1362264454306548e-07,1.2771473592576577e-07,1.7395884849280563e-07
E4_E1,kin6d,4231,libneo_Boozer,0.21925,1.875802249956498e-07,1.3340213207322787e-07,2.4915645879808324e-08,3.662428316175692e-08,1.6230406443832061e-07,3.4683377203648707e-07,1.1250035382917663e-08,2.044826913768435e-08,1.8310021294115607e-06,5.752180015636017e-06,2.119750391451139e-07,7.958629395453153e-07,2.671849941484454e-08,1.0770775945729534e-07,1.7875253169319372e-07,1.9084331470686777e-07,2.0378727400016672e-07
E4_E1,kin6d,4231,libneo_Boozer,0.30375,1.6564673100012404e-07,1.203800598178558e-07,2.5722898056024235e-07,3.662428316175692e-08,1.927310151812081e-07,4.098564043615948e-07,1.564338339979891e-08,2.7047010143750865e-08,1.747495652179181e-06,5.469859785184733e-06,2.3716669522798337e-07,8.85370631578297e-07,3.164481184167098e-08,9.426021452322642e-08,2.014661507621085e-07,2.146992224005828e-07,1.9477905555120856e-07
E4_E1,kin6d,4231,libneo_Boozer,0.38825,1.9041996495279262e-07,1.3720857796340055e-07,1.7389114259636074e-08,3.662428316175692e-08,1.946862114047792e-07,4.1662790410228607e-07,8.74398885169022e-09,2.0542110549001978e-08,1.2830234196245294e-06,3.810291306458463e-06,1.956980069930345e-07,6.932709009961126e-07,3.1086300650866285e-08,1.3358937735584043e-07,1.8001750951013307e-07,1.8855975747467113e-07,1.5130846664490605e-07
E4_E1,kin6d,4231,libneo_Boozer,0.47275,1.671290650774299e-07,1.1963468887294798e-07,2.449039939733666e-07,3.662428316175692e-08,2.2553677562984514e-07,5.750510950633661e-07,7.1331286013104275e-09,1.155983096351431e-08,1.4105107344465207e-06,3.3818010520056836e-06,2.3614134215662335e-07,6.751079381668255e-07,4.2039622788521364e-08,1.348540868360242e-07,2.3510673258231307e-07,2.427478402733385e-07,1.7652635531106853e-07
E4_E1,kin6d,4231,libneo_Boozer,0.55725,1.7106140794992473e-07,1.2285451809888469e-07,3.2880743727758954e-07,3.662428316175692e-08,2.9248723637185135e-07,7.103535484245607e-07,1.0178637091197076e-08,1.8062176235455565e-08,1.1872539015672065e-06,4.587208206145479e-06,2.148989224143767e-07,9.887585402172908e-07,4.464317980132003e-08,2.01721732808171e-07,2.5391154356846357e-07,2.609978392298373e-07,1.748162608006254e-07
E4_E1,kin6d,4231,libneo_Boozer,0.64175,1.9275999582032726e-07,1.386344046386949e-07,2.6148937015690876e-08,3.662428316175692e-08,3.316221591599747e-07,9.041499764832267e-07,7.82951679730467e-09,1.70632449433424e-08,1.0430765719999536e-06,2.208852136728343e-06,2.0156068131891174e-07,5.082409998021184e-07,3.947657085676622e-08,1.2673190938903253e-07,2.706457843393295e-07,2.7243351174988106e-07,1.7003861074726956e-07
E4_E1,kin6d,4231,libneo_Boozer,0.72625,1.7896358615838547e-07,1.290884616340505e-07,4.786367735487573e-08,3.662428316175692e-08,5.214108391005061e-07,1.3036138985325545e-06,1.1044090928979416e-08,4.0357651026140086e-08,1.2621185678846288e-06,3.230124326418828e-06,2.582271390902649e-07,7.864395123062838e-07,5.60269404966271e-08,1.9177496877143123e-07,3.09552656396761e-07,3.123513480085549e-07,1.8326109185728967e-07
E4_E1,kin6d,4231,libneo_Boozer,0.81075,2.0182540929813532e-07,1.4540820914125451e-07,1.0655795867897666e-07,3.662428316175692e-08,1.0376485272939615e-06,3.129525381363801e-06,3.3930868444728474e-08,9.378307191572349e-08,1.6807164033785716e-06,3.2233771106053415e-06,3.627524856332588e-07,8.248670572444112e-07,8.308805196834887e-08,2.0105202168453475e-07,5.393113318152842e-07,5.421341313649464e-07,3.010462372721179e-07
E4_E1,kin6d,4231,libneo_Boozer,0.89525,2.0955679312401004e-07,1.6772945532305626e-07,2.568635519839546e-07,3.662428316175692e-08,1.7211637754547251e-06,8.013983774304252e-06,4.784390973786183e-08,1.4014779821214017e-07,1.5347514597224802e-06,2.5705848863466144e-06,3.4806177425917597e-07,6.910533940090215e-07,9.037499412263391e-08,2.6391841162486177e-07,7.773342876049583e-07,7.890419239098279e-07,4.1696329189377934e-07
E4_E1,kin6d,4231,libneo_Boozer,0.97975,3.1832710769256003e-07,2.2981262894465087e-07,5.769806681321654e-07,3.662428316175692e-08,7.110110875815375e-05,0.0003251807663062527,3.198673090610519e-07,1.1733247830778305e-06,3.053783142588681e-06,6.382532555684832e-06,7.791819390003112e-07,1.8527593218571052e-06,2.8232863978847364e-07,8.959531694082224e-07,6.145949891900315e-06,6.549516293530289e-06,3.3084217658796433e-06
E4_E1,kin6d,4231,NEO_RT,0.05,,2.3929256280764284e-07,1.771056009625127e-07,,,,,,,,,,,,,,
E4_E1,kin6d,4231,NEO_RT,0.13454545454545455,,1.204585668653414e-07,3.9507233484670223e-08,,,,,,,,,,,,,,
E4_E1,kin6d,4231,NEO_RT,0.21909090909090911,,1.336088856160915e-07,2.4506905615950814e-08,,,,,,,,,,,,,,
E4_E1,kin6d,4231,NEO_RT,0.30363636363636365,,1.2059792186502013e-07,2.594719978876725e-07,,,,,,,,,,,,,,
E4_E1,kin6d,4231,NEO_RT,0.3881818181818182,,1.3730495770931135e-07,1.847922448394712e-08,,,,,,,,,,,,,,
E4_E1,kin6d,4231,NEO_RT,0.4727272727272728,,1.196447453967957e-07,2.4525902131422583e-07,,,,,,,,,,,,,,
E4_E1,kin6d,4231,NEO_RT,0.5572727272727274,,1.2287433836190737e-07,3.2957220863494285e-07,,,,,,,,,,,,,,
E4_E1,kin6d,4231,NEO_RT,0.641818181818182,,1.3871934330074044e-07,2.6857345014619227e-08,,,,,,,,,,,,,,
E4_E1,kin6d,4231,NEO_RT,0.7263636363636364,,1.288487379674232e-07,4.440867573674012e-08,,,,,,,,,,,,,,
E4_E1,kin6d,4231,NEO_RT,0.810909090909091,,1.4568311068329957e-07,1.0522859206218982e-07,,,,,,,,,,,,,,
E4_E1,kin6d,4231,NEO_RT,0.8954545454545456,,1.6720478588317053e-07,2.581345859287154e-07,,,,,,,,,,,,,,
E4_E1,kin6d,4231,NEO_RT,0.9800000000000001,,2.335085477406558e-07,6.362411881788432e-07,,,,,,,,,,,,,,
E4_E1,kin6d,4231,NEO_2,0.05,,2.39292564893795e-07,1.7710560162864653e-07,,,,,,,,,,,,,,
E4_E1,kin6d,4231,NEO_2,0.13454545454545455,,1.2045850322972429e-07,3.950723104217957e-08,,,,,,,,,,,,,,
E4_E1,kin6d,4231,NEO_2,0.21909090909090911,,1.3360889182784044e-07,2.450690539390621e-08,,,,,,,,,,,,,,
E4_E1,kin6d,4231,NEO_2,0.30363636363636365,,1.2059794087926758e-07,2.594719969994941e-07,,,,,,,,,,,,,,
E4_E1,kin6d,4231,NEO_2,0.3881818181818182,,1.373049522308055e-07,1.847922848075001e-08,,,,,,,,,,,,,,
E4_E1,kin6d,4231,NEO_2,0.4727272727272728,,1.1964475699420616e-07,2.4525902597716254e-07,,,,,,,,,,,,,,
E4_E1,kin6d,4231,NEO_2,0.5572727272727274,,1.2287432665362085e-07,3.2957220930107667e-07,,,,,,,,,,,,,,
E4_E1,kin6d,4231,NEO_2,0.641818181818182,,1.3871934819929645e-07,2.6857344348485412e-08,,,,,,,,,,,,,,
E4_E1,kin6d,4231,NEO_2,0.7263636363636364,,1.288487608875453e-07,4.4408676846963147e-08,,,,,,,,,,,,,,
E4_E1,kin6d,4231,NEO_2,0.810909090909091,,1.456830990818153e-07,1.052285956149035e-07,,,,,,,,,,,,,,
E4_E1,kin6d,4231,NEO_2,0.8954545454545456,,1.6720496506700515e-07,2.5813458326418015e-07,,,,,,,,,,,,,,
E4_E1,kin6d,4231,NEO_2,0.9800000000000001,,2.335085638812479e-07,6.362411868465756e-07,,,,,,,,,,,,,,
E4_E1,kin6d,16885,libneo_Boozer,0.05025,2.207713972095073e-08,1.5637322846678675e-08,3.3677843624957404e-08,2.406321586434501e-09,1.2034154843699851e-08,2.0657787925149535e-08,5.099513617585394e-09,5.949456593450453e-09,2.9919227921334756e-07,7.469592830870088e-07,1.747559692993362e-08,5.046992349175101e-08,5.328452234703703e-09,8.737048335452375e-09,1.2291526962915356e-08,2.912663265436377e-08,6.496690638235769e-08
E4_E1,kin6d,16885,libneo_Boozer,0.13475,2.039900359483681e-08,1.4535718403543155e-08,1.3573561163937597e-08,2.406321586434501e-09,1.8528432254569278e-08,3.842705295452271e-08,1.355302000213837e-08,1.4322956376050793e-08,2.703971912026139e-07,1.0589903296193938e-06,2.8080106558295365e-08,1.1620068509150562e-07,1.3447742521721597e-08,2.2654355529370025e-08,2.636972637470869e-08,4.0928016337149487e-08,5.574761352544755e-08
E4_E1,kin6d,16885,libneo_Boozer,0.21925,1.5145030578010165e-08,1.1024166074797569e-08,3.031308293266477e-08,2.406321586434501e-09,1.0225295886007044e-08,2.2114563413364373e-08,4.657844231831393e-09,7.707945698610993e-09,1.8032538547529183e-07,4.4090689404849915e-07,2.135445299169353e-08,6.110247833028503e-08,5.609960101166796e-09,1.1348252338023112e-08,1.1109648784257686e-08,2.4817228910789524e-08,2.6500463989886924e-08
E4_E1,kin6d,16885,libneo_Boozer,0.30375,1.7684852649368804e-08,1.2589685068268378e-08,2.1959683405015085e-08,2.406321586434501e-09,2.1930412355934353e-08,5.369580757449391e-08,3.007313826373524e-09,4.681446544942863e-09,1.329658314320249e-07,2.8739894917793165e-07,1.8252134215278248e-08,4.6686612300827796e-08,3.763288474568193e-09,1.0899126993100271e-08,3.138874526964486e-08,4.344230353225953e-08,3.9411656715948595e-08
E4_E1,kin6d,16885,libneo_Boozer,0.38825,1.4759867863357552e-08,1.1710400148994959e-08,2.0252228116746096e-08,2.406321586434501e-09,5.1683094871379424e-08,1.1843523957505425e-07,1.2688238707771715e-08,1.9449338359882415e-08,1.2036354426966548e-07,3.0116345019801354e-07,2.2218132687324557e-08,5.5036597212969804e-08,1.236128771724542e-08,1.7208093605184064e-08,6.598684387792986e-08,7.582418465323926e-08,6.084459436284106e-08
E4_E1,kin6d,16885,libneo_Boozer,0.47275,1.6003089101068454e-08,1.2179908405672477e-08,2.538251941963665e-09,2.406321586434501e-09,5.8851990222828964e-08,1.1609910378247752e-07,4.015164572621518e-09,6.0916122970148645e-09,1.6852249961015048e-07,4.4929724159703443e-07,2.8477239099374002e-08,8.974743215872854e-08,5.790312265826296e-09,1.738284273530236e-08,5.534572711241026e-08,6.41643086995991e-08,4.666032304978529e-08
E4_E1,kin6d,16885,libneo_Boozer,0.55725,1.4315361903468735e-08,1.077248982864778e-08,1.509906200070077e-09,2.406321586434501e-09,3.219599710678508e-08,7.060684222529372e-08,2.638489752554985e-09,4.032472272012749e-09,9.996168924002569e-08,2.4476477749787415e-07,1.8259265529257254e-08,5.2806665382345405e-08,4.013942204282461e-09,1.2701958010985903e-08,3.335466702836243e-08,2.6176646072961773e-08,1.7533110630019166e-08
E4_E1,kin6d,16885,libneo_Boozer,0.64175,1.895567133673151e-08,1.3780704337681668e-08,6.6717540381233675e-09,2.406321586434501e-09,7.872048603578788e-08,2.974783771121725e-07,1.1121993327459961e-08,3.188576488855573e-08,1.4238964762489401e-07,3.871617696406637e-07,2.9581361018040943e-08,8.95738589582683e-08,1.1595305917071342e-08,2.6791954237067645e-08,9.932317401872837e-08,1.0699970309779872e-07,6.6783568231088e-08
E4_E1,kin6d,16885,libneo_Boozer,0.72625,2.1044907793756048e-08,1.5173179562414287e-08,1.1258479926112841e-08,2.406321586434501e-09,1.7184028237651454e-07,8.143419708663123e-07,1.594025652446885e-08,5.678757202848989e-08,2.0561292269012397e-07,4.981395871107251e-07,4.483403819447335e-08,1.2243186316630613e-07,1.2089862345688526e-08,3.264873882356415e-08,2.09986373733706e-07,2.2026439905342698e-07,1.292323398294215e-07
E4_E1,kin6d,16885,libneo_Boozer,0.81075,1.8198496985011026e-08,1.4984903944649084e-08,1.3103674811887345e-08,2.406321586434501e-09,1.9630956545450242e-07,9.08339412584414e-07,1.0937344106295142e-08,2.956222209356821e-08,1.0764784844963727e-07,2.069319924805262e-07,2.5483460379664167e-08,5.408683562555976e-08,9.766346392192576e-09,2.439196579969892e-08,1.611039640581069e-07,1.6976094963094823e-07,9.426800129386237e-08
E4_E1,kin6d,16885,libneo_Boozer,0.89525,1.8677362346935254e-08,1.4021216330972516e-08,5.555101600940304e-09,2.406321586434501e-09,2.332267731199241e-07,6.833549773629037e-07,7.482013166454904e-09,1.8259714542027643e-08,8.168084071585613e-08,2.4883574960619293e-07,1.975199375122083e-08,6.658130739055554e-08,8.145943794921135e-09,1.5331303662107252e-08,6.64887627177535e-08,6.954655573654378e-08,3.675136361902531e-08
E4_E1,kin6d,16885,libneo_Boozer,0.97975,6.780935897802135e-08,5.883641786242876e-08,1.5632671046539315e-08,2.406321586434501e-09,4.182987778430056e-06,1.538509152341775e-05,2.6370768291052674e-08,6.635296309734809e-08,3.9677052061236555e-07,5.863350529363038e-07,9.62998389236261e-08,1.632208320237517e-07,3.1210650043207046e-08,7.009412831564449e-08,2.9072858498402354e-07,3.0801938832869524e-07,1.5559311961066413e-07
E4_E1,kin6d,16885,NEO_RT,0.05,,1.6013295115133867e-08,3.518825297810224e-08,,,,,,,,,,,,,,
E4_E1,kin6d,16885,NEO_RT,0.13454545454545455,,1.4405967714066793e-08,1.41690608135292e-08,,,,,,,,,,,,,,
E4_E1,kin6d,16885,NEO_RT,0.21909090909090911,,1.2006958235362606e-08,2.9264739964673936e-08,,,,,,,,,,,,,,
E4_E1,kin6d,16885,NEO_RT,0.30363636363636365,,1.3193520888990147e-08,2.014448208242925e-08,,,,,,,,,,,,,,
E4_E1,kin6d,16885,NEO_RT,0.3881818181818182,,1.1232628764573533e-08,2.2263116017384732e-08,,,,,,,,,,,,,,
E4_E1,kin6d,16885,NEO_RT,0.4727272727272728,,1.213292047534985e-08,1.842076602365239e-09,,,,,,,,,,,,,,
E4_E1,kin6d,16885,NEO_RT,0.5572727272727274,,1.060018528551148e-08,1.7423942288985472e-09,,,,,,,,,,,,,,
E4_E1,kin6d,16885,NEO_RT,0.641818181818182,,1.3697251703291467e-08,5.896604093891256e-09,,,,,,,,,,,,,,
E4_E1,kin6d,16885,NEO_RT,0.7263636363636364,,1.456184788123321e-08,1.4683396054593345e-08,,,,,,,,,,,,,,
E4_E1,kin6d,16885,NEO_RT,0.810909090909091,,1.3385192946981749e-08,1.2323437270644888e-08,,,,,,,,,,,,,,
E4_E1,kin6d,16885,NEO_RT,0.8954545454545456,,1.4015490604258572e-08,6.442942845907851e-09,,,,,,,,,,,,,,
E4_E1,kin6d,16885,NEO_RT,0.9800000000000001,,5.176946465803971e-08,1.1288482371085706e-08,,,,,,,,,,,,,,
E4_E1,kin6d,16885,NEO_2,0.05,,1.60119290638486e-08,3.518824986947777e-08,,,,,,,,,,,,,,
E4_E1,kin6d,16885,NEO_2,0.13454545454545455,,1.440586853985544e-08,1.4169059259216965e-08,,,,,,,,,,,,,,
E4_E1,kin6d,16885,NEO_2,0.21909090909090911,,1.200688455115276e-08,2.9264735745826442e-08,,,,,,,,,,,,,,
E4_E1,kin6d,16885,NEO_2,0.30363636363636365,,1.3193249861394533e-08,2.014447852971557e-08,,,,,,,,,,,,,,
E4_E1,kin6d,16885,NEO_2,0.3881818181818182,,1.1232625732966898e-08,2.2263105359243696e-08,,,,,,,,,,,,,,
E4_E1,kin6d,16885,NEO_2,0.4727272727272728,,1.2132927951855002e-08,1.8420758252091218e-09,,,,,,,,,,,,,,
E4_E1,kin6d,16885,NEO_2,0.5572727272727274,,1.0600271987798692e-08,1.7423935627647325e-09,,,,,,,,,,,,,,
E4_E1,kin6d,16885,NEO_2,0.641818181818182,,1.3697376422905011e-08,5.896609200917169e-09,,,,,,,,,,,,,,
E4_E1,kin6d,16885,NEO_2,0.7263636363636364,,1.4562056236763627e-08,1.468339672072716e-08,,,,,,,,,,,,,,
E4_E1,kin6d,16885,NEO_2,0.810909090909091,,1.338517614343249e-08,1.2323433051797394e-08,,,,,,,,,,,,,,
E4_E1,kin6d,16885,NEO_2,0.8954545454545456,,1.4015487961922041e-08,6.4429406254618016e-09,,,,,,,,,,,,,,
E4_E1,kin6d,16885,NEO_2,0.9800000000000001,,5.1769811098074605e-08,1.128848070575117e-08,,,,,,,,,,,,,,
E4_E1,kin6d,68275,libneo_Boozer,0.05025,1.4125099098072321e-08,1.001393995019164e-08,2.3584871833293164e-09,1.387621129111949e-10,8.424430012769893e-09,1.3659349326334185e-08,1.098724252100653e-08,1.0635997382473665e-08,1.5198926140130102e-07,4.334510743307622e-07,1.3873140958826701e-08,3.084675802446935e-08,1.0966558546498608e-08,1.1824378926649098e-08,1.2475438265768801e-08,2.8910197874543186e-08,6.448414902049393e-08
E4_E1,kin6d,68275,libneo_Boozer,0.13475,7.140586272905623e-09,5.264103617683956e-09,4.637929262862883e-09,1.387621129111949e-10,5.266585770593187e-09,8.067318731765639e-09,2.8178474119308575e-09,2.7102541121412146e-09,5.5701605663057055e-08,2.2940678132031812e-07,5.79693817988922e-09,2.5169326905750125e-08,2.7816802459670486e-09,4.688379465851171e-09,7.3280654322438465e-09,2.0504433040358094e-08,2.792887010549805e-08
E4_E1,kin6d,68275,libneo_Boozer,0.21925,5.431255912039363e-09,4.522021879174491e-09,6.506070349132642e-09,1.387621129111949e-10,1.862902827658589e-09,4.060392019552443e-09,5.09486790866226e-09,4.704900929193685e-09,5.1440656431466096e-08,2.100167384049724e-07,7.80881364410479e-09,2.9376587066530914e-08,5.008006512743464e-09,5.984191686738584e-09,3.4921580349678294e-09,1.3729191367106708e-08,1.4660377578579187e-08
E4_E1,kin6d,68275,libneo_Boozer,0.30375,1.0179846487904399e-08,7.249395603314636e-09,3.3471008187291318e-09,1.387621129111949e-10,1.7548619348940667e-08,3.7556731930209446e-08,2.57616377837369e-09,3.4486371244576174e-09,5.204502213837286e-08,2.124610648599281e-07,7.496273942408276e-09,3.4526529311666674e-08,2.7709609252496998e-09,4.387937978207139e-09,2.528722703454278e-08,3.725532177201174e-08,3.379871327258144e-08
E4_E1,kin6d,68275,libneo_Boozer,0.38825,7.846830753720045e-09,7.60955181138009e-09,1.43155642895465e-09,1.387621129111949e-10,3.2454455106328407e-08,7.746340342783198e-08,1.2912838431722225e-08,2.0382017432730202e-08,6.10984399520461e-08,1.7003634113427192e-07,1.579712562208153e-08,3.098264085995218e-08,1.2407527410087248e-08,1.8249233215481895e-08,4.586303209430653e-08,5.629343086122063e-08,4.517227614186936e-08
E4_E1,kin6d,68275,libneo_Boozer,0.47275,6.35736181578312e-09,6.190866547353296e-09,2.538251941963665e-09,1.387621129111949e-10,4.87612870552045e-08,9.27254832031e-08,1.4751692059762302e-08,1.7998934634482384e-08,4.082872419101233e-08,1.0830671299312734e-07,1.6068581816541775e-08,2.722604254433559e-08,1.4648903604049456e-08,2.019967302662314e-08,4.7086317012112744e-08,5.644069395183138e-08,4.104370598945195e-08
E4_E1,kin6d,68275,libneo_Boozer,0.55725,6.9657406455004925e-09,5.984938723196076e-09,1.509906200070077e-09,1.387621129111949e-10,2.9385547520130935e-08,6.08195978576338e-08,2.8507742550109623e-09,4.875031210039245e-09,3.344863930678396e-08,8.609189052628497e-08,6.666115806870973e-09,1.877661238273083e-08,2.7476163969570384e-09,6.726907887522838e-09,2.611949678765768e-08,1.8376727695113004e-08,1.2308727370680117e-08
E4_E1,kin6d,68275,libneo_Boozer,0.64175,9.286230130597337e-09,7.125472571243062e-09,6.6717540381233675e-09,1.387621129111949e-10,5.80604002399318e-08,9.740927938479459e-08,2.6722850102701865e-09,5.015609090940858e-09,3.2433779113948606e-08,8.41557849292156e-08,6.789554392140055e-09,1.9387938425694263e-08,2.9028213300343615e-09,5.1072141906042815e-09,3.3220071360418046e-08,4.02836982660304e-08,2.514295927014132e-08
E4_E1,kin6d,68275,libneo_Boozer,0.72625,7.69620521255263e-09,5.695731371273294e-09,1.1258479926112841e-08,1.387621129111949e-10,7.424804613347435e-08,1.48175843901887e-07,7.065886859522899e-09,1.0086973388761748e-08,4.421592427710396e-08,1.1170707823074864e-07,1.1381393948953589e-08,2.795527219540394e-08,6.624865436266363e-09,1.1382489217183294e-08,3.869682585477818e-08,3.497621869907874e-08,2.0521060073441788e-08
E4_E1,kin6d,68275,libneo_Boozer,0.81075,6.044053692078917e-09,6.19637964192274e-09,6.839928623492142e-09,1.387621129111949e-10,1.8883897528378082e-07,3.552586949010067e-07,1.394461502910554e-08,1.7910954249542963e-08,4.2173738755076245e-08,1.1469220969749939e-07,1.635948307408967e-08,3.391408335940103e-08,1.3923354642520833e-08,2.3815905788787695e-08,6.363151927590849e-08,6.309211719734975e-08,3.503496071033396e-08
E4_E1,kin6d,68275,libneo_Boozer,0.89525,6.929322502818004e-09,6.3996336275067705e-09,5.555101600940304e-09,1.387621129111949e-10,1.3792245169720775e-07,3.134309976792212e-07,7.754082856362708e-09,9.412634846960659e-09,4.055343994425353e-08,1.74692730807236e-07,1.1838754746022116e-08,4.70724655845005e-08,8.154335559037623e-09,1.2136390481968717e-08,3.079516563975204e-08,3.4273922144834046e-08,1.8111801058928734e-08
E4_E1,kin6d,68275,libneo_Boozer,0.97975,7.14554284813239e-09,5.8648857277063715e-09,4.802259923053498e-09,1.387621129111949e-10,1.5262382133439404e-06,5.010804507360946e-06,4.72733534192278e-09,9.375704295936312e-09,9.45700050751066e-08,2.473300459563997e-07,2.2596911048551384e-08,6.91497522603681e-08,5.142706498149441e-09,1.165526802993647e-08,9.474433193545906e-08,1.0112151860308671e-07,5.108059675240639e-08
E4_E1,kin6d,68275,NEO_RT,0.05,,1.0887743303797759e-08,2.8806936835934494e-09,,,,,,,,,,,,,,
E4_E1,kin6d,68275,NEO_RT,0.13454545454545455,,7.416522403425498e-09,3.529156411552492e-09,,,,,,,,,,,,,,
E4_E1,kin6d,68275,NEO_RT,0.21909090909090911,,6.9439500054294165e-09,2.153076827937639e-09,,,,,,,,,,,,,,
E4_E1,kin6d,68275,NEO_RT,0.30363636363636365,,8.337673555221046e-09,6.6138767795820286e-09,,,,,,,,,,,,,,
E4_E1,kin6d,68275,NEO_RT,0.3881818181818182,,7.346386051319566e-09,1.7624739445665227e-09,,,,,,,,,,,,,,
E4_E1,kin6d,68275,NEO_RT,0.4727272727272728,,6.70677464760612e-09,2.630543449733125e-09,,,,,,,,,,,,,,
E4_E1,kin6d,68275,NEO_RT,0.5572727272727274,,5.566154741344787e-09,1.7290466836072937e-09,,,,,,,,,,,,,,
E4_E1,kin6d,68275,NEO_RT,0.641818181818182,,5.99261478878874e-09,7.770778021054525e-09,,,,,,,,,,,,,,
E4_E1,kin6d,68275,NEO_RT,0.7263636363636364,,3.783672315211985e-09,9.716046855956506e-09,,,,,,,,,,,,,,
E4_E1,kin6d,68275,NEO_RT,0.810909090909091,,5.8712904722778045e-09,7.812697377929112e-09,,,,,,,,,,,,,,
E4_E1,kin6d,68275,NEO_RT,0.8954545454545456,,6.105743469358053e-09,3.6950960069503935e-09,,,,,,,,,,,,,,
E4_E1,kin6d,68275,NEO_RT,0.9800000000000001,,4.4078562684037795e-09,9.69496261049585e-10,,,,,,,,,,,,,,
E4_E1,kin6d,68275,NEO_2,0.05,,1.088576761629354e-08,2.880695237905684e-09,,,,,,,,,,,,,,
E4_E1,kin6d,68275,NEO_2,0.13454545454545455,,7.416556837344547e-09,3.5291588540431462e-09,,,,,,,,,,,,,,
E4_E1,kin6d,68275,NEO_2,0.21909090909090911,,6.944081330863511e-09,2.153083600298089e-09,,,,,,,,,,,,,,
E4_E1,kin6d,68275,NEO_2,0.30363636363636365,,8.337240769886195e-09,6.613878777983473e-09,,,,,,,,,,,,,,
E4_E1,kin6d,68275,NEO_2,0.3881818181818182,,7.3463850728869655e-09,1.7624723902542883e-09,,,,,,,,,,,,,,
E4_E1,kin6d,68275,NEO_2,0.4727272727272728,,6.706760657279296e-09,2.6305400080417485e-09,,,,,,,,,,,,,,
E4_E1,kin6d,68275,NEO_2,0.5572727272727274,,5.566321047148364e-09,1.729049126097948e-09,,,,,,,,,,,,,,
E4_E1,kin6d,68275,NEO_2,0.641818181818182,,5.992852475170519e-09,7.770786014660302e-09,,,,,,,,,,,,,,
E4_E1,kin6d,68275,NEO_2,0.7263636363636364,,3.784454419102081e-09,9.716048188224136e-09,,,,,,,,,,,,,,
E4_E1,kin6d,68275,NEO_2,0.810909090909091,,5.871261714364407e-09,7.812700264508976e-09,,,,,,,,,,,,,,
E4_E1,kin6d,68275,NEO_2,0.8954545454545456,,6.10590213280496e-09,3.6950957849057886e-09,,,,,,,,,,,,,,
E4_E1,kin6d,68275,NEO_2,0.9800000000000001,,4.4082832632738796e-09,9.694949287819554e-10,,,,,,,,,,,,,,
E4_E1,chease_public,1088,libneo_Boozer,0.05025,0.00010988154803302368,7.780254576659474e-05,3.25622447445717e-05,1.0171462694330557e-07,0.00014892462246797908,0.00038759438821706223,8.672642377291111e-06,2.192036090285775e-05,0.013342161878601018,0.026250115575096,0.0007455904531911851,0.0017618466727467015,1.5694548089652584e-05,4.385493756176697e-05,0.00036550342871786295,0.000346859588307602,0.0007750095815565183
E4_E1,chease_public,1088,libneo_Boozer,0.13475,0.00017408904481107948,0.00012353682972785252,1.114091811915685e-05,1.0171462694330557e-07,0.0003749419006027918,0.0009629962784753653,2.0428005936021265e-05,4.727541279428024e-05,0.011513466163017502,0.021672347477822585,0.0010487213589276336,0.002364386754812485,3.680839923451527e-05,9.609626354777625e-05,0.0008251130984193444,0.0007901515168177442,0.0010778394066275343
E4_E1,chease_public,1088,libneo_Boozer,0.21925,0.00021556689446325015,0.00015328779879835174,2.6260702254976565e-06,1.0171462694330557e-07,0.0005882099511463034,0.001490257663959111,2.9493911241360536e-05,6.580215332825884e-05,0.010062629254439341,0.01857691233953543,0.0011637338352985531,0.0025686815821952223,5.3455313117482804e-05,0.00013901362763987573,0.0011468443058891553,0.0011090639565576876,0.0011857880056292958
E4_E1,chease_public,1088,libneo_Boozer,0.30375,0.0002451618658236188,0.0001746768489382207,1.6345574402887308e-06,1.0171462694330557e-07,0.0007945724599156802,0.002000141005778823,3.611972064086782e-05,7.72813423369226e-05,0.008775403687338661,0.015896816847515035,0.0011889928609904157,0.0025718224568498597,6.652733522157552e-05,0.00017228115014787256,0.0013657703786045805,0.0013343839236695243,0.0012119101346899086
E4_E1,chease_public,1088,libneo_Boozer,0.38825,0.0002658463546652922,0.00018977326229768735,4.233201526093744e-06,1.0171462694330557e-07,0.0009966699319776113,0.002490143867645097,4.029981968860507e-05,8.572163340001728e-05,0.007586390675632751,0.013587250045411246,0.0011567061811041089,0.002470958560511152,7.662791929964641e-05,0.0001968155273341253,0.0014862537225301398,0.001467549041367533,0.001178739606486845
E4_E1,chease_public,1088,libneo_Boozer,0.47275,0.00027882154940995173,0.00019939902002406786,5.5794733135883234e-06,1.0171462694330557e-07,0.0011960021627309776,0.0029653442435140474,4.217779673628031e-05,9.174390439678906e-05,0.006470155583346781,0.011459112928278841,0.0010835184361800872,0.0022867773300784366,8.427075687272136e-05,0.0002140952072794377,0.0015173293167013435,0.0015145802622451021,0.0011022872691062169
E4_E1,chease_public,1088,libneo_Boozer,0.55725,0.00028464931443898564,0.0002039249466906528,6.217102475392089e-06,1.0171462694330557e-07,0.0013935263384731787,0.0034310715827237347,4.179956487816092e-05,9.064735827262912e-05,0.005415985769728148,0.009396192092956836,0.00098011011297342,0.0020246980676624526,9.00283222770317e-05,0.00022531618086815163,0.0014663376435757325,0.0014799806888851075,0.0009919497193763283
E4_E1,chease_public,1088,libneo_Boozer,0.64175,0.0002836712822363958,0.00020356684141674866,6.4012802882817965e-06,1.0171462694330557e-07,0.0015901043973975974,0.003897417109545329,3.9006341333683295e-05,8.300482447380317e-05,0.004428542281697133,0.007453938338926082,0.0008559812533560456,0.001714405960442799,9.457722525355469e-05,0.00023120315677587587,0.001340416301440439,0.0013682098916804053,0.000854420098339248
E4_E1,chease_public,1088,libneo_Boozer,0.72625,0.000276252856224912,0.00019856143071809271,6.2556512846478896e-06,1.0171462694330557e-07,0.001786657504398222,0.004372925612032454,3.3753412393919164e-05,6.971625491455747e-05,0.0035331294068317023,0.00562390481548337,0.000722985313348383,0.0013687193781804728,9.873610544694589e-05,0.00023295679393571712,0.0011429141272234489,0.0011800138908544255,0.0006926128900280881
E4_E1,chease_public,1088,libneo_Boozer,0.81075,0.0002630194855718097,0.000189338521806997,5.2183570196095985e-06,1.0171462694330557e-07,0.0019841993291195665,0.004841732797722594,2.6088584214054363e-05,5.2787187303786875e-05,0.002790602474489364,0.0042683835121597735,0.0006003196142761664,0.0010922644411293675,0.0001034677721043932,0.00023509360441972488,0.0008699782434943293,0.0009086618925594481,0.000504720073425946
E4_E1,chease_public,1088,libneo_Boozer,0.89525,0.00024522323401655313,0.0001767953687129953,2.9325230560539595e-06,1.0171462694330557e-07,0.0021840435753516085,0.005300168988967255,1.6003880063255427e-05,3.1577053646905656e-05,0.002327874713676255,0.003777691135913903,0.0005234073027919908,0.0010104694551159431,0.00010987027459866643,0.00023842589447757156,0.0005241703081315663,0.0005538872481759549,0.0002927429169120588
E4_E1,chease_public,1088,libneo_Boozer,0.97975,0.0002254581164992343,0.00016285230971188456,2.7226555301407274e-06,1.0171462694330557e-07,0.002390215055892901,0.005772114905560175,3.540883771480926e-06,6.996675111892633e-06,0.002310306050346371,0.004073965641387733,0.00054051097751863,0.0011336347872425965,0.00011921482546909825,0.0002501640321535688,0.00010973108064682435,0.00011730969606138508,5.9259676783884885e-05
E4_E1,chease_public,1088,NEO_RT,0.05,,7.761725743108867e-05,3.274395305363775e-05,,,,,,,,,,,,,,
E4_E1,chease_public,1088,NEO_RT,0.13454545454545455,,0.00012345101980598826,1.120085819894534e-05,,,,,,,,,,,,,,
E4_E1,chease_public,1088,NEO_RT,0.21909090909090911,,0.00015324061662138044,2.6272705231367155e-06,,,,,,,,,,,,,,
E4_E1,chease_public,1088,NEO_RT,0.30363636363636365,,0.00017465255582079604,1.6251800518674031e-06,,,,,,,,,,,,,,
E4_E1,chease_public,1088,NEO_RT,0.3881818181818182,,0.00018976334242603123,4.230730180521114e-06,,,,,,,,,,,,,,
E4_E1,chease_public,1088,NEO_RT,0.4727272727272728,,0.00019939711790713463,5.578773219605537e-06,,,,,,,,,,,,,,
E4_E1,chease_public,1088,NEO_RT,0.5572727272727274,,0.00020392550249312814,6.217817618447974e-06,,,,,,,,,,,,,,
E4_E1,chease_public,1088,NEO_RT,0.641818181818182,,0.00020356462514081744,6.402735396426884e-06,,,,,,,,,,,,,,
E4_E1,chease_public,1088,NEO_RT,0.7263636363636364,,0.00019855166089755377,6.252402672823898e-06,,,,,,,,,,,,,,
E4_E1,chease_public,1088,NEO_RT,0.810909090909091,,0.00018931755232748438,5.218736334633434e-06,,,,,,,,,,,,,,
E4_E1,chease_public,1088,NEO_RT,0.8954545454545456,,0.00017676217805428148,2.922444708564065e-06,,,,,,,,,,,,,,
E4_E1,chease_public,1088,NEO_RT,0.9800000000000001,,0.00016281153529240433,2.752231440750208e-06,,,,,,,,,,,,,,
E4_E1,chease_public,1088,NEO_2,0.05,,7.761725458230818e-05,3.274395305297162e-05,,,,,,,,,,,,,,
E4_E1,chease_public,1088,NEO_2,0.13454545454545455,,0.00012345101977806572,1.120085819894534e-05,,,,,,,,,,,,,,
E4_E1,chease_public,1088,NEO_2,0.21909090909090911,,0.00015324061663377718,2.6272705253571615e-06,,,,,,,,,,,,,,
E4_E1,chease_public,1088,NEO_2,0.30363636363636365,,0.000174652555767567,1.6251800498690017e-06,,,,,,,,,,,,,,
E4_E1,chease_public,1088,NEO_2,0.3881818181818182,,0.00018976334242294345,4.230730183629738e-06,,,,,,,,,,,,,,
E4_E1,chease_public,1088,NEO_2,0.4727272727272728,,0.00019939711790881818,5.578773214942601e-06,,,,,,,,,,,,,,
E4_E1,chease_public,1088,NEO_2,0.5572727272727274,,0.0002039255024945673,6.21781761100948e-06,,,,,,,,,,,,,,
E4_E1,chease_public,1088,NEO_2,0.641818181818182,,0.00020356462514345018,6.4027353936513265e-06,,,,,,,,,,,,,,
E4_E1,chease_public,1088,NEO_2,0.7263636363636364,,0.00019855166089923488,6.252402672379809e-06,,,,,,,,,,,,,,
E4_E1,chease_public,1088,NEO_2,0.810909090909091,,0.00018931755232960538,5.2187363375200135e-06,,,,,,,,,,,,,,
E4_E1,chease_public,1088,NEO_2,0.8954545454545456,,0.00017676217805728938,2.9224447092301986e-06,,,,,,,,,,,,,,
E4_E1,chease_public,1088,NEO_2,0.9800000000000001,,0.00016281153528776071,2.7522314403061188e-06,,,,,,,,,,,,,,
E4_E1,chease_public,4224,libneo_Boozer,0.05025,9.008599732676414e-07,6.379902706842884e-07,2.546128763381006e-07,6.0425040526723706e-09,1.2919626401787145e-06,3.935289463636811e-06,1.713489825802677e-07,3.85691096501064e-07,0.00014272237401122956,0.0003368519668114898,7.976486741810116e-06,2.2628921014861142e-05,1.902848236085914e-07,5.267502986247041e-07,3.749979116132729e-06,3.5141023418394646e-06,7.838063616705249e-06
E4_E1,chease_public,4224,libneo_Boozer,0.13475,1.9881135306334784e-06,1.4108278582598423e-06,2.867459942823558e-07,6.0425040526723706e-09,3.5617984198931164e-06,1.1755737037902708e-05,9.379474921467126e-07,1.611437962016516e-06,0.000169065160367017,0.00039356545697080567,1.542428428480606e-05,4.2972296699579084e-05,7.617433411887592e-07,1.724047501002124e-06,1.0102326405692086e-05,9.570506238593124e-06,1.3035653769144506e-05
E4_E1,chease_public,4224,libneo_Boozer,0.21925,2.7094109525130353e-06,1.9267079821897875e-06,1.7758972337134082e-07,6.0425040526723706e-09,6.309707896046369e-06,2.298113262822306e-05,1.7169263147924264e-06,3.1731599967078855e-06,0.0002548009919156449,0.0004902086442108707,2.950662093398125e-05,6.782839055349346e-05,1.431662234093594e-06,3.71577012905462e-06,1.769862639386388e-05,1.6975685742548485e-05,1.8126715728816745e-05
E4_E1,chease_public,4224,libneo_Boozer,0.30375,3.50499358001272e-06,2.4973897074005395e-06,4.057226621334564e-08,6.0425040526723706e-09,9.153302650507361e-06,3.339970433319333e-05,2.4060063241845486e-06,4.656556656423348e-06,0.00025230635410191,0.00047588384658585494,3.425238645805196e-05,7.70285616974867e-05,1.8298801198188727e-06,4.607108823422363e-06,2.2797791673245804e-05,2.212249646377229e-05,2.0069570943914705e-05
E4_E1,chease_public,4224,libneo_Boozer,0.38825,4.4240457344593345e-06,3.158053872218163e-06,1.43155642895465e-09,6.0425040526723706e-09,1.2979934752622286e-05,4.6408315024179865e-05,2.2346082673229866e-06,3.84056727068634e-06,0.00023674882783999567,0.0004740182268073554,3.61433283899333e-05,8.62505854176694e-05,2.217389469638031e-06,5.386127273664573e-06,2.766462007891546e-05,2.716347150366616e-05,2.179676030100719e-05
E4_E1,chease_public,4224,libneo_Boozer,0.47275,4.9369113150365204e-06,3.530553405444191e-06,7.867430329433489e-08,6.0425040526723706e-09,1.641752547253433e-05,5.843300032698009e-05,2.0500123718096796e-06,4.022458776482725e-06,0.0002276727312977706,0.000470663743956656,3.815260580641765e-05,9.395895373573406e-05,2.4963980614853973e-06,6.503950311708234e-06,2.9841867644875286e-05,2.9645871191585904e-05,2.155815769777636e-05
E4_E1,chease_public,4224,libneo_Boozer,0.55725,5.028034585113317e-06,3.602134222440583e-06,1.332596030190203e-07,6.0425040526723706e-09,1.8986757836376258e-05,6.91186211037799e-05,1.8807752594180216e-06,3.977403312906329e-06,0.00019688797750397986,0.0003983557916444558,3.564704499100697e-05,8.588598327613583e-05,2.5695115818338083e-06,7.379702198280152e-06,2.9464693873437753e-05,2.9617387099278858e-05,1.983745419109617e-05
E4_E1,chease_public,4224,libneo_Boozer,0.64175,4.847452351010592e-06,3.4786211196239373e-06,1.6862285934227117e-07,6.0425040526723706e-09,2.1795470917771673e-05,7.96875363205883e-05,1.2994667797614313e-06,2.9923784381872344e-06,0.00015700517663294467,0.0003172571665031087,3.0343915648388868e-05,7.299296092298976e-05,2.4610678579102104e-06,7.479657219042052e-06,2.7321875943786544e-05,2.779455654933205e-05,1.7347708374915172e-05
E4_E1,chease_public,4224,libneo_Boozer,0.72625,4.474532818132263e-06,3.2161369427666584e-06,2.843522366458018e-07,6.0425040526723706e-09,2.4894049234081007e-05,9.092079188547808e-05,7.789531604903427e-07,2.064972359034013e-06,0.00012078710233359267,0.0002529138083243604,2.4702918697621458e-05,6.156339657670669e-05,2.227937855437971e-06,6.8351733463454775e-06,2.367673981362728e-05,2.438397951964877e-05,1.4306317898116205e-05
E4_E1,chease_public,4224,libneo_Boozer,0.81075,3.931006158419518e-06,2.829855094656086e-06,2.5242685619542016e-07,6.0425040526723706e-09,2.763459642862956e-05,0.00010126829519832598,6.578671436416539e-07,1.6658312018168186e-06,8.613714242433326e-05,0.00018120629077560295,1.852456399511756e-05,4.635576642488629e-05,1.915019357448615e-06,5.8825407867148614e-06,1.81205241867044e-05,1.889944900557161e-05,1.0494775134928247e-05
E4_E1,chease_public,4224,libneo_Boozer,0.89525,3.255771948477669e-06,2.3471420444054573e-06,1.4685739646580487e-07,6.0425040526723706e-09,3.0237680717922133e-05,0.00010969935523731547,4.465343944487076e-07,1.0512752156287974e-06,5.2462604084463875e-05,0.00010468048267844671,1.1798655928366882e-05,2.7991312449926013e-05,1.596121991571895e-06,4.955264185367799e-06,1.0798425595370809e-05,1.1413757117995083e-05,6.031496524339097e-06
E4_E1,chease_public,4224,libneo_Boozer,0.97975,2.688852255914128e-06,1.9437960822535723e-06,1.8871667673003856e-07,6.0425040526723706e-09,3.4817312159040304e-05,0.00012303894551513964,1.218905161057324e-07,2.6959807465552894e-07,3.1257817283526e-05,8.01405803334289e-05,7.313695789283068e-06,2.2300193491137226e-05,1.4726465416262884e-06,4.70792073163184e-06,2.3259725719926294e-06,2.4810228971272608e-06,1.253266455170099e-06
E4_E1,chease_public,4224,NEO_RT,0.05,,6.357409676859547e-07,2.6735346581041597e-07,,,,,,,,,,,,,,
E4_E1,chease_public,4224,NEO_RT,0.13454545454545455,,1.4091524319382932e-06,2.946483115273679e-07,,,,,,,,,,,,,,
E4_E1,chease_public,4224,NEO_RT,0.21909090909090911,,1.9259039598927966e-06,1.7615397807091426e-07,,,,,,,,,,,,,,
E4_E1,chease_public,4224,NEO_RT,0.30363636363636365,,2.4964684690283765e-06,4.382721674467405e-08,,,,,,,,,,,,,,
E4_E1,chease_public,4224,NEO_RT,0.3881818181818182,,3.1576006545597402e-06,7.006710767143431e-10,,,,,,,,,,,,,,
E4_E1,chease_public,4224,NEO_RT,0.4727272727272728,,3.5305011930457524e-06,7.814884261936328e-08,,,,,,,,,,,,,,
E4_E1,chease_public,4224,NEO_RT,0.5572727272727274,,3.602125676942175e-06,1.3372686868962091e-07,,,,,,,,,,,,,,
E4_E1,chease_public,4224,NEO_RT,0.641818181818182,,3.478468399563763e-06,1.680600431042123e-07,,,,,,,,,,,,,,
E4_E1,chease_public,4224,NEO_RT,0.7263636363636364,,3.2157087736398185e-06,2.846078409612929e-07,,,,,,,,,,,,,,
E4_E1,chease_public,4224,NEO_RT,0.810909090909091,,2.8290588728674935e-06,2.5094656075363986e-07,,,,,,,,,,,,,,
E4_E1,chease_public,4224,NEO_RT,0.8954545454545456,,2.3459547487443326e-06,1.4585351548745962e-07,,,,,,,,,,,,,,
E4_E1,chease_public,4224,NEO_RT,0.9800000000000001,,1.9431655751224636e-06,1.9516134353025905e-07,,,,,,,,,,,,,,
E4_E1,chease_public,4224,NEO_2,0.05,,6.357423974007233e-07,2.6735346558837136e-07,,,,,,,,,,,,,,
E4_E1,chease_public,4224,NEO_2,0.13454545454545455,,1.409152525278704e-06,2.9464831330372476e-07,,,,,,,,,,,,,,
E4_E1,chease_public,4224,NEO_2,0.21909090909090911,,1.925903934755407e-06,1.7615397607251282e-07,,,,,,,,,,,,,,
E4_E1,chease_public,4224,NEO_2,0.30363636363636365,,2.496468463532713e-06,4.382721363604958e-08,,,,,,,,,,,,,,
E4_E1,chease_public,4224,NEO_2,0.3881818181818182,,3.1576006544989953e-06,7.006653035546151e-10,,,,,,,,,,,,,,
E4_E1,chease_public,4224,NEO_2,0.4727272727272728,,3.530501193518665e-06,7.814884406265321e-08,,,,,,,,,,,,,,
E4_E1,chease_public,4224,NEO_2,0.5572727272727274,,3.602125675213972e-06,1.3372686546997414e-07,,,,,,,,,,,,,,
E4_E1,chease_public,4224,NEO_2,0.641818181818182,,3.4784683998957798e-06,1.6806003955149862e-07,,,,,,,,,,,,,,
E4_E1,chease_public,4224,NEO_2,0.7263636363636364,,3.2157087706528513e-06,2.846078456242296e-07,,,,,,,,,,,,,,
E4_E1,chease_public,4224,NEO_2,0.810909090909091,,2.829058871386392e-06,2.5094656075363986e-07,,,,,,,,,,,,,,
E4_E1,chease_public,4224,NEO_2,0.8954545454545456,,2.3459547446739217e-06,1.4585351615359343e-07,,,,,,,,,,,,,,
E4_E1,chease_public,4224,NEO_2,0.9800000000000001,,1.9431655767990324e-06,1.951613457507051e-07,,,,,,,,,,,,,,
E4_E1,chease_public,16640,libneo_Boozer,0.05025,2.3060356432847223e-08,1.6331659084300366e-08,5.169600825194465e-08,2.916861197022058e-09,2.136579119128623e-08,5.735003045895775e-08,5.190634768732524e-09,8.120245111987706e-09,1.8849091997223033e-06,4.7363790771032934e-06,1.0544715326841424e-07,3.1821271473922004e-07,5.827537795480786e-09,1.2119027997558709e-08,5.266365071115997e-08,6.643278175483269e-08,1.481781832790574e-07
E4_E1,chease_public,16640,libneo_Boozer,0.13475,2.536375646267717e-08,1.8067110091394614e-08,3.1785051923804986e-08,2.916861197022058e-09,5.212394405169615e-08,1.4577890889337071e-07,3.880922651340684e-09,1.0148808803751314e-08,1.612583997072312e-06,4.023399614218822e-06,1.4690126029647293e-07,4.392567045783974e-07,5.929528791043578e-09,1.5649655468672006e-08,1.235248141273626e-07,1.3214618682644286e-07,1.79994877946843e-07
E4_E1,chease_public,16640,libneo_Boozer,0.21925,3.0418817832389747e-08,2.1754879433701614e-08,6.506070349132642e-09,2.916861197022058e-09,8.197059214296265e-08,2.340220796492266e-07,6.8894929514232565e-09,1.3608019122085868e-08,1.4010350822686964e-06,3.376287872764707e-06,1.621167326726866e-07,4.6713399042981903e-07,9.323142319636757e-09,2.16168758958744e-08,1.787010867893013e-07,1.8460814971144046e-07,1.971292100111377e-07
E4_E1,chease_public,16640,libneo_Boozer,0.30375,3.386690323478421e-08,2.413527155094184e-08,2.1959683405015085e-08,2.916861197022058e-09,1.1264495429892307e-07,2.9718207775854467e-07,5.786989928572359e-09,1.4403103215361664e-08,1.2345455346035216e-06,2.85247603967224e-06,1.6729021829435547e-07,4.617285981661218e-07,9.59228005564973e-09,2.7706385838954397e-08,2.0151423024694637e-07,2.0708300202398888e-07,1.8786948252635938e-07
E4_E1,chease_public,16640,libneo_Boozer,0.38825,3.579850659668963e-08,2.604634832103687e-08,1.43155642895465e-09,2.916861197022058e-09,1.4398126495100661e-07,3.733785756340373e-07,1.4184369394827405e-08,1.9192471888899455e-08,1.0633103465041583e-06,2.4120384309059176e-06,1.6263255940797372e-07,4.3884064798995954e-07,1.622918413981059e-08,2.9445738368275046e-08,2.2141929917340875e-07,2.2733847399036833e-07,1.8242617361163838e-07
E4_E1,chease_public,16640,libneo_Boozer,0.47275,3.6575510692838407e-08,2.644554163421671e-08,2.538251941963665e-09,2.916861197022058e-09,1.7331067031330095e-07,5.044135307837451e-07,1.5813438183022053e-08,2.657864210465702e-08,9.03604916586106e-07,1.967036277962337e-06,1.5201196286598422e-07,3.929116328721221e-07,1.8407856145295253e-08,3.967801052346488e-08,2.5660008412531354e-07,2.6352152660003014e-07,1.9163298869973033e-07
E4_E1,chease_public,16640,libneo_Boozer,0.55725,3.74289425763821e-08,2.706113275382402e-08,1.509906200070077e-09,2.916861197022058e-09,1.9287776332975348e-07,5.046163340104117e-07,6.237785303980619e-09,1.4450693422785808e-08,7.531939261472372e-07,1.6397704184856237e-06,1.3632199030442217e-07,3.5343834982409097e-07,1.1930882163351708e-08,2.7504832793095166e-08,2.1428751351137976e-07,2.225132758049142e-07,1.4903931633281076e-07
E4_E1,chease_public,16640,libneo_Boozer,0.64175,3.799269162657634e-08,2.734323393946507e-08,1.2805428273310326e-08,2.916861197022058e-09,2.2687552607901947e-07,6.420616760262008e-07,6.1679743700819645e-09,1.1651513009414987e-08,6.126553239825815e-07,1.2995317782581812e-06,1.1845618258377619e-07,2.9895754186625736e-07,1.2495930147244757e-08,2.816573041971369e-08,2.1946233674796645e-07,2.2919885145356034e-07,1.4305382145529677e-07
E4_E1,chease_public,16640,libneo_Boozer,0.72625,3.653048094121753e-08,2.6199307970557887e-08,8.44890668538767e-09,2.916861197022058e-09,2.576255290110584e-07,7.707509196119493e-07,9.778209745404404e-09,2.0315513669435088e-08,4.897224008065465e-07,9.918833493379598e-07,1.0056500844933236e-07,2.4144948350215746e-07,1.4795880961824696e-08,2.834736320574435e-08,2.001904962911638e-07,2.1066579758421966e-07,1.2360070056338657e-07
E4_E1,chease_public,16640,libneo_Boozer,0.81075,3.4553183769855276e-08,2.5193857899659387e-08,1.3103674811887345e-08,2.916861197022058e-09,3.3117762681901775e-07,8.262222693498751e-07,1.4223092965026206e-08,3.485412496710439e-08,3.729261609341294e-07,6.857945529447359e-07,8.134761399957885e-08,1.7555784959659932e-07,1.8014430040627733e-08,2.783172834376374e-08,1.4748164600675295e-07,1.5716715107139123e-07,8.727468414626571e-08
E4_E1,chease_public,16640,libneo_Boozer,0.89525,3.1459320587463876e-08,2.3071883397877152e-08,5.555101600940304e-09,2.916861197022058e-09,3.4280909221522776e-07,7.133689938571925e-07,9.1885946937868e-09,1.4804433865013268e-08,2.909030656628492e-07,5.019973865578004e-07,6.598882399341022e-08,1.3437647987652425e-07,1.516057254705045e-08,3.34135250584721e-08,7.002870172634346e-08,7.625939590916175e-08,4.029871425448306e-08
E4_E1,chease_public,16640,libneo_Boozer,0.97975,3.181189744295388e-08,2.3121274774713695e-08,1.5632671046539315e-08,2.916861197022058e-09,1.531417721594528e-06,2.54061975100627e-06,5.718993069034092e-09,8.378345442694917e-09,2.9784370389143956e-07,4.924450314225958e-07,6.990171486750769e-08,1.3706904389075027e-07,1.5472865987869392e-08,3.3998547189533664e-08,4.806571451965169e-08,4.9944117064271154e-08,2.522880693245355e-08
E4_E1,chease_public,16640,NEO_RT,0.05,,1.8434585255193457e-08,1.0221400403853664e-07,,,,,,,,,,,,,,
E4_E1,chease_public,16640,NEO_RT,0.13454545454545455,,1.8553117733031033e-08,2.400142462555266e-08,,,,,,,,,,,,,,
E4_E1,chease_public,16640,NEO_RT,0.21909090909090911,,2.2332310718045735e-08,6.996602075481917e-09,,,,,,,,,,,,,,
E4_E1,chease_public,16640,NEO_RT,0.30363636363636365,,2.4472294697130612e-08,2.022708045501531e-08,,,,,,,,,,,,,,
E4_E1,chease_public,16640,NEO_RT,0.3881818181818182,,2.5776931733732964e-08,3.3667826304650816e-09,,,,,,,,,,,,,,
E4_E1,chease_public,16640,NEO_RT,0.4727272727272728,,2.6572288316896304e-08,2.0421164759198973e-09,,,,,,,,,,,,,,
E4_E1,chease_public,16640,NEO_RT,0.5572727272727274,,2.6974323659097093e-08,1.931297344270888e-09,,,,,,,,,,,,,,
E4_E1,chease_public,16640,NEO_RT,0.641818181818182,,2.7064285603439075e-08,1.3550209287949144e-08,,,,,,,,,,,,,,
E4_E1,chease_public,16640,NEO_RT,0.7263636363636364,,2.583458974707748e-08,8.699092224340177e-09,,,,,,,,,,,,,,
E4_E1,chease_public,16640,NEO_RT,0.810909090909091,,2.512325538831603e-08,1.4292828143247505e-08,,,,,,,,,,,,,,
E4_E1,chease_public,16640,NEO_RT,0.8954545454545456,,2.2977882017556496e-08,4.223968508298981e-09,,,,,,,,,,,,,,
E4_E1,chease_public,16640,NEO_RT,0.9800000000000001,,2.28231684507098e-08,1.1999375826299286e-08,,,,,,,,,,,,,,
E4_E1,chease_public,16640,NEO_2,0.05,,1.843530896805285e-08,1.0221400692511651e-07,,,,,,,,,,,,,,
E4_E1,chease_public,16640,NEO_2,0.13454545454545455,,1.8552870666201143e-08,2.4001426845998708e-08,,,,,,,,,,,,,,
E4_E1,chease_public,16640,NEO_2,0.21909090909090911,,2.233223902736157e-08,6.996601631392707e-09,,,,,,,,,,,,,,
E4_E1,chease_public,16640,NEO_2,0.30363636363636365,,2.447229599668598e-08,2.0227074681855584e-08,,,,,,,,,,,,,,
E4_E1,chease_public,16640,NEO_2,0.3881818181818182,,2.5776930809617858e-08,3.3667739707254896e-09,,,,,,,,,,,,,,
E4_E1,chease_public,16640,NEO_2,0.4727272727272728,,2.6572277069872403e-08,2.042118363299039e-09,,,,,,,,,,,,,,
E4_E1,chease_public,16640,NEO_2,0.5572727272727274,,2.697435499918586e-08,1.931300008806147e-09,,,,,,,,,,,,,,
E4_E1,chease_public,16640,NEO_2,0.641818181818182,,2.7064335164442587e-08,1.3550208399770725e-08,,,,,,,,,,,,,,
E4_E1,chease_public,16640,NEO_2,0.7263636363636364,,2.5834723446083453e-08,8.699093112518597e-09,,,,,,,,,,,,,,
E4_E1,chease_public,16640,NEO_2,0.810909090909091,,2.5123246388307883e-08,1.4292824590533826e-08,,,,,,,,,,,,,,
E4_E1,chease_public,16640,NEO_2,0.8954545454545456,,2.2977937022454207e-08,4.223968508298981e-09,,,,,,,,,,,,,,
E4_E1,chease_public,16640,NEO_2,0.9800000000000001,,2.2823242043947546e-08,1.1999374494031656e-08,,,,,,,,,,,,,,
E4_E1,chease_public,66048,libneo_Boozer,0.05025,2.4982806020307926e-08,2.1293178818706797e-08,1.4650383661773958e-07,1.5515603246640808e-09,2.2237057595970023e-09,4.444146210291321e-09,7.222283772033446e-09,8.546473927398357e-09,5.30318248374325e-07,1.6512351699358682e-06,3.049644666898479e-08,1.1101172362019423e-07,7.0464975762207474e-09,8.739649716013156e-09,5.959032593760849e-09,2.2184717153594935e-08,4.9482976938186596e-08
E4_E1,chease_public,66048,libneo_Boozer,0.13475,5.9968436347875104e-09,4.4854682556334446e-09,4.637929262862883e-09,1.5515603246640808e-09,1.0021446521934075e-08,1.7573378991290747e-08,2.7193923971166725e-09,3.336478731294833e-09,8.176723642767455e-08,1.8349325701629225e-07,7.923320545967529e-09,2.0212885519318213e-08,2.6786932166895502e-09,4.266416430943908e-09,1.3480241922714242e-08,2.1440127312422064e-08,2.920336927836331e-08
E4_E1,chease_public,66048,libneo_Boozer,0.21925,7.1108324200589225e-09,5.5804147994179925e-09,6.506070349132642e-09,1.5515603246640808e-09,1.7085034358548109e-09,5.179708464816099e-09,5.252965209816002e-09,5.022100224836129e-09,7.779416665571974e-08,2.142328519259758e-07,1.0397670509844922e-08,3.0026984735598394e-08,5.283215365410252e-09,7.819834691506991e-09,5.408591297051402e-09,1.890100825852059e-08,2.018297423633797e-08
E4_E1,chease_public,66048,libneo_Boozer,0.30375,1.0192316773049984e-08,7.263200403020721e-09,3.3471008187291318e-09,1.5515603246640808e-09,1.985057459312635e-08,5.321199000818048e-08,2.7294256261759005e-09,4.680975469788203e-09,6.165506968409765e-08,2.4701604432019004e-07,8.776820966874148e-09,4.007313547772208e-08,2.816544910310566e-09,5.7819042228985995e-09,3.7553945453350224e-08,4.879945242342032e-08,4.427176047983039e-08
E4_E1,chease_public,66048,libneo_Boozer,0.38825,7.864557295629589e-09,7.620679874366222e-09,1.43155642895465e-09,1.5515603246640808e-09,2.9899395639501066e-08,1.0296434849566981e-07,1.319898458912185e-08,3.115824659994064e-08,8.100873884856855e-08,1.8058482102111286e-07,1.7959541219827363e-08,4.423575981427174e-08,1.248874841270569e-08,2.4302191019859405e-08,6.244371952845995e-08,7.219915570955138e-08,5.7935715003232247e-08
E4_E1,chease_public,66048,libneo_Boozer,0.47275,7.071593038213145e-09,6.570173308159558e-09,1.6495762533708103e-08,1.5515603246640808e-09,6.285797422169815e-08,2.320635406321179e-07,6.794172383753102e-09,3.1286334985879614e-08,1.2053977672753044e-07,3.007928065842576e-07,2.125437548065628e-08,6.483757091758865e-08,4.612366904030384e-09,1.8413535647291778e-08,1.1940010280486746e-07,1.2802501636599573e-07,9.309986392924685e-08
E4_E1,chease_public,66048,libneo_Boozer,0.55725,7.249305872321787e-09,6.163434169289955e-09,1.509906200070077e-09,1.5515603246640808e-09,3.4499074050535296e-08,7.462799663371184e-08,3.5383384162984917e-09,1.1706711630195094e-08,5.506988705126029e-08,1.215465489611523e-07,1.0547723450407292e-08,2.6517726462956976e-08,3.014256251307588e-09,9.015284625486708e-09,3.101010437323026e-08,2.347809080482932e-08,1.5725619029183235e-08
E4_E1,chease_public,66048,libneo_Boozer,0.64175,9.005651249645022e-09,6.9666446704705104e-09,6.6717540381233675e-09,1.5515603246640808e-09,6.560818027261405e-08,1.5450470013455226e-07,1.1088693703853422e-08,1.4926984708950775e-08,6.360466596361927e-08,1.3772501432653085e-07,1.6407855445811966e-08,3.1990099225269636e-08,1.1166859456012292e-08,1.817574187971937e-08,5.231774835579017e-08,4.791291907668693e-08,2.990471636987735e-08
E4_E1,chease_public,66048,libneo_Boozer,0.72625,1.235878967049977e-08,9.028061051989975e-09,8.44890668538767e-09,1.5515603246640808e-09,1.282340792617645e-07,7.199063984871342e-07,1.2501058866565839e-08,4.769755269525944e-08,1.5429600049352633e-07,3.8981600145603267e-07,3.383165441606208e-08,9.615837252385756e-08,9.905187697797298e-09,2.684753252279462e-08,1.869188542835687e-07,1.876150200752491e-07,1.1007648770267053e-07
E4_E1,chease_public,66048,libneo_Boozer,0.81075,1.2101477814982461e-08,9.74979275909317e-09,1.3103674811887345e-08,1.5515603246640808e-09,3.5370933494126237e-07,1.8147231597958904e-06,1.5560147842294287e-08,7.138790973489652e-08,1.7914293491884655e-07,4.474475065441321e-07,4.139352388547139e-08,1.211863778991805e-07,1.0264030209971075e-08,4.293436118179127e-08,3.242721506868662e-07,3.3439425595194194e-07,1.856886586715234e-07
E4_E1,chease_public,66048,libneo_Boozer,0.89525,6.9687177766869646e-09,6.429521765415628e-09,5.555101600940304e-09,1.5515603246640808e-09,1.3178423450749893e-07,3.133538365474879e-07,7.712625979692108e-09,1.1456917695386946e-08,4.2106389845656236e-08,1.7889388303257552e-07,1.2084330792906498e-08,4.818591309438331e-08,8.112094229591866e-09,1.3225385180040499e-08,3.1016928581095726e-08,3.553235661257759e-08,1.8776811550047512e-08
E4_E1,chease_public,66048,libneo_Boozer,0.97975,8.274601354363911e-09,6.6411049710632205e-09,1.5632671046539315e-08,1.5515603246640808e-09,1.5642257056426945e-06,3.4844239110015006e-06,1.3499082252390874e-08,1.92049554845342e-08,1.0787345347289335e-07,2.741370301293465e-07,2.844559394190709e-08,7.631298097186489e-08,1.5256672858192646e-08,2.4573687277235973e-08,6.591197265759519e-08,7.165667303965506e-08,3.619670185806001e-08
E4_E1,chease_public,66048,NEO_RT,0.05,,1.9580734612080907e-08,1.8903054788133034e-07,,,,,,,,,,,,,,
E4_E1,chease_public,66048,NEO_RT,0.13454545454545455,,6.7444165465332136e-09,3.584104235621055e-09,,,,,,,,,,,,,,
E4_E1,chease_public,66048,NEO_RT,0.21909090909090911,,7.596007972079898e-09,8.608347368266323e-09,,,,,,,,,,,,,,
E4_E1,chease_public,66048,NEO_RT,0.30363636363636365,,8.143698839154237e-09,4.25798862835336e-09,,,,,,,,,,,,,,
E4_E1,chease_public,66048,NEO_RT,0.3881818181818182,,7.344342774385121e-09,1.7850132483232528e-09,,,,,,,,,,,,,,
E4_E1,chease_public,66048,NEO_RT,0.4727272727272728,,7.061105641277598e-09,1.6258534518698298e-08,,,,,,,,,,,,,,
E4_E1,chease_public,66048,NEO_RT,0.5572727272727274,,5.752052417792074e-09,1.7573131838588552e-09,,,,,,,,,,,,,,
E4_E1,chease_public,66048,NEO_RT,0.641818181818182,,6.965421229730496e-09,5.074152431561174e-09,,,,,,,,,,,,,,
E4_E1,chease_public,66048,NEO_RT,0.7263636363636364,,9.610110159684767e-09,7.506888333175255e-09,,,,,,,,,,,,,,
E4_E1,chease_public,66048,NEO_RT,0.810909090909091,,9.542177870547822e-09,1.1602200755689296e-08,,,,,,,,,,,,,,
E4_E1,chease_public,66048,NEO_RT,0.8954545454545456,,6.160824668580149e-09,3.6807099590419057e-09,,,,,,,,,,,,,,
E4_E1,chease_public,66048,NEO_RT,0.9800000000000001,,5.837994924867104e-09,1.8716397431894904e-08,,,,,,,,,,,,,,
E4_E1,chease_public,66048,NEO_2,0.05,,1.9580977645568627e-08,1.890305465490627e-07,,,,,,,,,,,,,,
E4_E1,chease_public,66048,NEO_2,0.13454545454545455,,6.744767885811367e-09,3.5841081214016413e-09,,,,,,,,,,,,,,
E4_E1,chease_public,66048,NEO_2,0.21909090909090911,,7.595978340879584e-09,8.608352031203026e-09,,,,,,,,,,,,,,
E4_E1,chease_public,66048,NEO_2,0.30363636363636365,,8.143254006550424e-09,4.257993735379273e-09,,,,,,,,,,,,,,
E4_E1,chease_public,66048,NEO_2,0.3881818181818182,,7.344337531134846e-09,1.7850052547174755e-09,,,,,,,,,,,,,,
E4_E1,chease_public,66048,NEO_2,0.4727272727272728,,7.06108908289025e-09,1.6258542512304075e-08,,,,,,,,,,,,,,
E4_E1,chease_public,66048,NEO_2,0.5572727272727274,,5.752207721031268e-09,1.7573147381710896e-09,,,,,,,,,,,,,,
E4_E1,chease_public,66048,NEO_2,0.641818181818182,,6.9656829930060324e-09,5.074155984274853e-09,,,,,,,,,,,,,,
E4_E1,chease_public,66048,NEO_2,0.7263636363636364,,9.610031444756043e-09,7.50688811113065e-09,,,,,,,,,,,,,,
E4_E1,chease_public,66048,NEO_2,0.810909090909091,,9.542185315608931e-09,1.1602200311600086e-08,,,,,,,,,,,,,,
E4_E1,chease_public,66048,NEO_2,0.8954545454545456,,6.160984629554292e-09,3.680708404729671e-09,,,,,,,,,,,,,,
E4_E1,chease_public,66048,NEO_2,0.9800000000000001,,5.83816978480314e-09,1.87163972098503e-08,,,,,,,,,,,,,,
E4_E1,chease_mars,1088,libneo_Boozer,0.05025,0.00010995917140011723,7.7857377908937e-05,3.1859490999597284e-05,1.0004492589921199e-07,0.00014897325208466878,0.0003877594939002023,8.676822347390504e-06,2.195681418430277e-05,0.013346277417781476,0.026242022602815517,0.0007458204333772515,0.0017613057891646682,1.5683975538072576e-05,4.380968026193487e-05,0.00036563031860627204,0.00034700512631961195,0.0007753353303538435
E4_E1,chease_mars,1088,libneo_Boozer,0.13475,0.00017409722619172034,0.00012354284656164007,1.1414096632078596e-05,1.0004492589921199e-07,0.00037496315896635177,0.000963046905418424,2.0429855728298792e-05,4.7270403323238935e-05,0.011514470768518763,0.02167153352550092,0.0010488128926082931,0.002364298452335044,3.681700562277136e-05,9.616092055202121e-05,0.0008251298567007181,0.0007901910611547713,0.0010778934281738817
E4_E1,chease_mars,1088,libneo_Boozer,0.21925,0.00021557655597306442,0.0001532946685852435,2.570841209914576e-06,1.0004492589921199e-07,0.0005882300007633496,0.0014903324858210095,2.9495029324998716e-05,6.579131133884093e-05,0.010062958999916737,0.018577136413761523,0.0011637719616942885,0.002568712489815015,5.345524212844723e-05,0.00013900050224232934,0.0011468780493066322,0.0011091185080411015,0.0011858464049788742
E4_E1,chease_mars,1088,libneo_Boozer,0.30375,0.00024516631453579547,0.00017468001853555097,1.5601073503068719e-06,1.0004492589921199e-07,0.0007945948842157447,0.0020002087672461974,3.612039086996365e-05,7.72866432837581e-05,0.008775691032220274,0.015897080192855476,0.0011890317846024337,0.0025718650929709252,6.652921596870524e-05,0.00017230640761702512,0.0013657955133630217,0.001334428300194701,0.0012119504826150207
E4_E1,chease_mars,1088,libneo_Boozer,0.38825,0.0002658515453513664,0.00018977696763307505,4.214381013833979e-06,1.0004492589921199e-07,0.0009966958538510902,0.0024901264106681805,4.030089908628826e-05,8.573700674894271e-05,0.007586609447897629,0.013587492246389573,0.0011567395491792647,0.002471002775356331,7.663086727158044e-05,0.0001968453595929964,0.001486224695249394,0.001467538184545314,0.0011787308779922512
E4_E1,chease_mars,1088,libneo_Boozer,0.47275,0.00027882703051229657,0.0001994029398236892,5.5794733135883234e-06,1.0004492589921199e-07,0.001196032276311727,0.0029653979255138507,4.2178915763605675e-05,9.174718728129915e-05,0.006470315559017635,0.011459375588792516,0.0010835452278840187,0.00228682974411093,8.42728120710524e-05,0.0002141035139009458,0.0015173409662679882,0.0015146073500180712,0.00110230699898195
E4_E1,chease_mars,1088,libneo_Boozer,0.55725,0.0002846551263993044,0.00020392911034335852,6.217102475392089e-06,1.0004492589921199e-07,0.0013935615885477546,0.0034311535454865406,4.180056624519102e-05,9.064944866948373e-05,0.00541610517336934,0.009396377667609387,0.0009801317255690384,0.002024738053654637,9.00298605496139e-05,0.00022532360269041552,0.0014663595236210636,0.0014800159255624612,0.0009919733522973928
E4_E1,chease_mars,1088,libneo_Boozer,0.64175,0.00028367675018014556,0.00020357076515627645,6.4012802882817965e-06,1.0004492589921199e-07,0.0015901432933751007,0.003897490395426396,3.9007373747704e-05,8.300714671110351e-05,0.004428644030775825,0.007454143594883871,0.0008560009296059092,0.0017144531668973446,9.457966812416831e-05,0.0002312103184861939,0.0013404309288812533,0.0013682353968503813,0.0008544360343180069
E4_E1,chease_mars,1088,libneo_Boozer,0.72625,0.0002762584939405732,0.0001985654828017914,6.2556512846478896e-06,1.0004492589921199e-07,0.0017867025350820239,0.004373028075612643,3.3754201458246273e-05,6.971684708073664e-05,0.0035332152878290945,0.005624020405933213,0.0007230028855480431,0.0013687474939383288,9.873858695113474e-05,0.00023296266449712047,0.0011429329169474478,0.001180041197660242,0.000692628924362837
E4_E1,chease_mars,1088,libneo_Boozer,0.81075,0.0002630251132772743,0.00018934257298771804,5.2183570196095985e-06,1.0004492589921199e-07,0.001984247959642647,0.004841823271870319,2.6089253236881853e-05,5.278915314029079e-05,0.002790668271094519,0.004268499849884513,0.000600333770924602,0.0010922941916046618,0.00010347039822802098,0.000235098943738098,0.0008699890069578942,0.0009086787421235254,0.0005047294352118481
E4_E1,chease_mars,1088,libneo_Boozer,0.89525,0.00024522852105011473,0.00017679918013570835,2.9325230560539595e-06,1.0004492589921199e-07,0.0021841053094085825,0.00530092319398654,1.600407349655596e-05,3.156062868824685e-05,0.0023279295694687958,0.003777731117890883,0.0005234196238980943,0.0010104796321456786,0.00010987284089991664,0.00023841234847673309,0.0005242422489679655,0.0005539665232533464,0.0002927848222080698
E4_E1,chease_mars,1088,libneo_Boozer,0.97975,0.00022546370115935044,0.0001628563394954029,2.7226555301407274e-06,1.0004492589921199e-07,0.002390303083034927,0.005772191810581648,3.5417045062662995e-06,6.997293350375026e-06,0.002310356408901457,0.004074050079177112,0.0005405227635778438,0.0011336582815589672,0.00011921780380938812,0.00025016819220958987,0.00010973196524510787,0.000117311850462265,5.926076512463574e-05
E4_E1,chease_mars,1088,NEO_RT,0.05,,7.767441696370842e-05,3.198639145662874e-05,,,,,,,,,,,,,,
E4_E1,chease_mars,1088,NEO_RT,0.13454545454545455,,0.00012345749446635875,1.1428466083707178e-05,,,,,,,,,,,,,,
E4_E1,chease_mars,1088,NEO_RT,0.21909090909090911,,0.000153247630865096,2.571777480975257e-06,,,,,,,,,,,,,,
E4_E1,chease_mars,1088,NEO_RT,0.30363636363636365,,0.00017465574990679396,1.5531323842576938e-06,,,,,,,,,,,,,,
E4_E1,chease_mars,1088,NEO_RT,0.3881818181818182,,0.0001897670549261432,4.210298003126667e-06,,,,,,,,,,,,,,
E4_E1,chease_mars,1088,NEO_RT,0.4727272727272728,,0.00019940103781320307,5.578646539161625e-06,,,,,,,,,,,,,,
E4_E1,chease_mars,1088,NEO_RT,0.5572727272727274,,0.000203929669858159,6.21781650056441e-06,,,,,,,,,,,,,,
E4_E1,chease_mars,1088,NEO_RT,0.641818181818182,,0.0002035685484350086,6.402628659807341e-06,,,,,,,,,,,,,,
E4_E1,chease_mars,1088,NEO_RT,0.7263636363636364,,0.0001985557165059929,6.2569803418455194e-06,,,,,,,,,,,,,,
E4_E1,chease_mars,1088,NEO_RT,0.810909090909091,,0.0001893215907911653,5.217711564364791e-06,,,,,,,,,,,,,,
E4_E1,chease_mars,1088,NEO_RT,0.8954545454545456,,0.0001767660114193586,2.9247799069320735e-06,,,,,,,,,,,,,,
E4_E1,chease_mars,1088,NEO_RT,0.9800000000000001,,0.000162815570161433,2.7496288623751752e-06,,,,,,,,,,,,,,
E4_E1,chease_mars,1088,NEO_2,0.05,,7.7674431857641e-05,3.198639145773896e-05,,,,,,,,,,,,,,
E4_E1,chease_mars,1088,NEO_2,0.13454545454545455,,0.00012345749437918434,1.1428466080820598e-05,,,,,,,,,,,,,,
E4_E1,chease_mars,1088,NEO_2,0.21909090909090911,,0.0001532476310893413,2.5717774807532123e-06,,,,,,,,,,,,,,
E4_E1,chease_mars,1088,NEO_2,0.30363636363636365,,0.0001746557499250019,1.5531323830364485e-06,,,,,,,,,,,,,,
E4_E1,chease_mars,1088,NEO_2,0.3881818181818182,,0.0001897670549285298,4.210298015006053e-06,,,,,,,,,,,,,,
E4_E1,chease_mars,1088,NEO_2,0.4727272727272728,,0.00019940103781020924,5.5786465383844686e-06,,,,,,,,,,,,,,
E4_E1,chease_mars,1088,NEO_2,0.5572727272727274,,0.00020392966985751334,6.217816498010897e-06,,,,,,,,,,,,,,
E4_E1,chease_mars,1088,NEO_2,0.641818181818182,,0.0002035685484404336,6.402628656143605e-06,,,,,,,,,,,,,,
E4_E1,chease_mars,1088,NEO_2,0.7263636363636364,,0.0001985557164975237,6.256980344843122e-06,,,,,,,,,,,,,,
E4_E1,chease_mars,1088,NEO_2,0.810909090909091,,0.0001893215907933952,5.217711563698657e-06,,,,,,,,,,,,,,
E4_E1,chease_mars,1088,NEO_2,0.8954545454545456,,0.00017676601140818456,2.9247799088194526e-06,,,,,,,,,,,,,,
E4_E1,chease_mars,1088,NEO_2,0.9800000000000001,,0.00016281557015989908,2.7496288677042457e-06,,,,,,,,,,,,,,
E4_E1,chease_mars,4224,libneo_Boozer,0.05025,9.085840880589711e-07,6.434340816992186e-07,5.969583221077102e-07,1.9741384083005187e-09,1.2914017291467066e-06,3.939549575842267e-06,1.7309377375529404e-07,3.8241976237989035e-07,0.00014265817796618017,0.00033347014386475024,7.972938671468782e-06,2.24016895814262e-05,1.970382115391536e-07,5.806294838579574e-07,3.762461984170573e-06,3.521224526799316e-06,7.853949084896117e-06
E4_E1,chease_mars,4224,libneo_Boozer,0.13475,1.9973053292585573e-06,1.4175223434460728e-06,3.778035053692008e-07,1.9741384083005187e-09,3.5632166102306004e-06,1.1745778911952844e-05,9.440758685428949e-07,1.6236890241387717e-06,0.00016926118166653474,0.0003939265154391502,1.5442472540105968e-05,4.301172799281727e-05,7.685057006911188e-07,1.7365728292622571e-06,1.0101442878635014e-05,9.565530494498597e-06,1.3028876601373085e-05
E4_E1,chease_mars,4224,libneo_Boozer,0.21925,2.7113380261108384e-06,1.9280781312987356e-06,2.1440889041990374e-07,1.9741384083005187e-09,6.312563935205856e-06,2.2981538799654174e-05,1.7191933280842676e-06,3.1768876255036555e-06,0.00025508259279667547,0.0004904107654594558,2.9539251941474556e-05,6.785634862782439e-05,1.4343410665196378e-06,3.72402476731065e-06,1.7705806548334868e-05,1.6978525952754397e-05,1.8129748459716488e-05
E4_E1,chease_mars,4224,libneo_Boozer,0.30375,3.5044984996947456e-06,2.4969493788964827e-06,3.3471008187291318e-09,1.9741384083005187e-09,9.158363359360417e-06,3.3425189277400935e-05,2.4071007785398648e-06,4.682231291128042e-06,0.00025242975965500863,0.0004761369819480243,3.4269136173808225e-05,7.706950321585701e-05,1.828473462760976e-06,4.623414103871022e-06,2.2821261372041324e-05,2.2141565450162215e-05,2.0086870049396133e-05
E4_E1,chease_mars,4224,libneo_Boozer,0.38825,4.424693707963011e-06,3.1585164378974138e-06,1.7389114259636074e-08,1.9741384083005187e-09,1.2983367733505409e-05,4.6423423255619334e-05,2.235476079251234e-06,3.843097059055116e-06,0.00023684715748839143,0.00047424436813889884,3.615833623691789e-05,8.62917688682434e-05,2.2179119469999833e-06,5.387597294877878e-06,2.7678940009934205e-05,2.7174149067665798e-05,2.180532813933489e-05
E4_E1,chease_mars,4224,libneo_Boozer,0.47275,4.938148927136955e-06,3.5314384748718694e-06,7.867430329433489e-08,1.9741384083005187e-09,1.6420298081090693e-05,5.843709802736267e-05,2.0509388086952606e-06,4.024326367045075e-06,0.0002277244100028233,0.00047075137474597,3.816128998324043e-05,9.397644455978018e-05,2.496596859851972e-06,6.502395781794825e-06,2.9848516751307397e-05,2.9649426957212288e-05,2.1560743371673574e-05
E4_E1,chease_mars,4224,libneo_Boozer,0.55725,5.028710138809122e-06,3.6026181834299586e-06,1.332596030190203e-07,1.9741384083005187e-09,1.898908460394859e-05,6.912492127804975e-05,1.8813945747129998e-06,3.978825708070615e-06,0.0001969314939739956,0.00039842441049373794,3.565493418627896e-05,8.590080230475784e-05,2.5700473678231084e-06,7.3797308218792945e-06,2.9471182879992064e-05,2.9621342151675556e-05,1.984010321376406e-05
E4_E1,chease_mars,4224,libneo_Boozer,0.64175,4.848191059277053e-06,3.4791512426531404e-06,1.6862285934227117e-07,1.9741384083005187e-09,2.1797658329363484e-05,7.96859417751664e-05,1.3000514445013238e-06,2.993173552300968e-06,0.00015703204902225737,0.00031732568001408896,3.0349124210756976e-05,7.30087755238265e-05,2.4616347502362256e-06,7.482531092372474e-06,2.7324389548555317e-05,2.779495635674145e-05,1.7347957908198097e-05
E4_E1,chease_mars,4224,libneo_Boozer,0.72625,4.475038182904938e-06,3.216500198306159e-06,2.843522366458018e-07,1.9741384083005187e-09,2.489570426254017e-05,9.090839838653754e-05,7.791245026789896e-07,2.0664059059401714e-06,0.00012080157116790897,0.0002529332633336211,2.470588017401863e-05,6.156814046165896e-05,2.2282784809563165e-06,6.836226232709323e-06,2.3675837690917412e-05,2.438132418569605e-05,1.4304760000971584e-05
E4_E1,chease_mars,4224,libneo_Boozer,0.81075,3.93121775880759e-06,2.8300073774160516e-06,2.5242685619542016e-07,1.9741384083005187e-09,2.7630005362847358e-05,0.0001014579523206321,6.581767486226669e-07,1.6513034412652563e-06,8.614484222673077e-05,0.00018117520195220425,1.8526228643475327e-05,4.6347865362046576e-05,1.914958970252483e-06,5.902563896516411e-06,1.815604223776024e-05,1.893513907624822e-05,1.0514593547616968e-05
E4_E1,chease_mars,4224,libneo_Boozer,0.89525,3.2560543704690584e-06,2.347345648139794e-06,1.2667135673716245e-07,1.9741384083005187e-09,3.0246341687959585e-05,0.00010966217953832371,4.4638756492972853e-07,1.0519283327765616e-06,5.246651844876337e-05,0.00010470296115596023,1.179952978465673e-05,2.7997325287351386e-05,1.5961456356980942e-06,4.955065382301057e-06,1.0795646128491931e-05,1.1409929712380418e-05,6.029473972990473e-06
E4_E1,chease_mars,4224,libneo_Boozer,0.97975,2.6890369239724097e-06,1.9439291214119843e-06,2.0915161624834866e-07,1.9741384083005187e-09,3.488350719078039e-05,0.0001219744285138823,1.224097488843445e-07,2.7165499046604433e-07,3.125575698019333e-05,8.012800634215521e-05,7.313222077553741e-06,2.2296694470242026e-05,1.4728376230929228e-06,4.706945587584397e-06,2.3056730602544206e-06,2.4601289532188986e-06,1.2427120602565012e-06
E4_E1,chease_mars,4224,NEO_RT,0.05,,6.44039885273775e-07,6.451232958948339e-07,,,,,,,,,,,,,,
E4_E1,chease_mars,4224,NEO_RT,0.13454545454545455,,1.4156921587175584e-06,3.4920448377384616e-07,,,,,,,,,,,,,,
E4_E1,chease_mars,4224,NEO_RT,0.21909090909090911,,1.9272454451813357e-06,2.1356883772583046e-07,,,,,,,,,,,,,,
E4_E1,chease_mars,4224,NEO_RT,0.30363636363636365,,2.4959932295933472e-06,5.705852679227519e-09,,,,,,,,,,,,,,
E4_E1,chease_mars,4224,NEO_RT,0.3881818181818182,,3.1580412460432508e-06,1.799442950201069e-08,,,,,,,,,,,,,,
E4_E1,chease_mars,4224,NEO_RT,0.4727272727272728,,3.5313844847792676e-06,7.814883729029276e-08,,,,,,,,,,,,,,
E4_E1,chease_mars,4224,NEO_RT,0.5572727272727274,,3.602613075254391e-06,1.3282549826687529e-07,,,,,,,,,,,,,,
E4_E1,chease_mars,4224,NEO_RT,0.641818181818182,,3.4790055718124482e-06,1.6805997693492003e-07,,,,,,,,,,,,,,
E4_E1,chease_mars,4224,NEO_RT,0.7263636363636364,,3.2160698437544717e-06,2.809320152064032e-07,,,,,,,,,,,,,,
E4_E1,chease_mars,4224,NEO_RT,0.810909090909091,,2.8291919806614837e-06,2.5094754829702026e-07,,,,,,,,,,,,,,
E4_E1,chease_mars,4224,NEO_RT,0.8954545454545456,,2.346133987113931e-06,1.253842526471871e-07,,,,,,,,,,,,,,
E4_E1,chease_mars,4224,NEO_RT,0.9800000000000001,,1.9433309091494885e-06,2.0537903355766218e-07,,,,,,,,,,,,,,
E4_E1,chease_mars,4224,NEO_2,0.05,,6.440428632329137e-07,6.451232963389231e-07,,,,,,,,,,,,,,
E4_E1,chease_mars,4224,NEO_2,0.13454545454545455,,1.4156920621194093e-06,3.492044897690505e-07,,,,,,,,,,,,,,
E4_E1,chease_mars,4224,NEO_2,0.21909090909090911,,1.927245215034438e-06,2.135688348392506e-07,,,,,,,,,,,,,,
E4_E1,chease_mars,4224,NEO_2,0.30363636363636365,,2.4959932662466135e-06,5.7058504587814696e-09,,,,,,,,,,,,,,
E4_E1,chease_mars,4224,NEO_2,0.3881818181818182,,3.158041246762942e-06,1.799443860583949e-08,,,,,,,,,,,,,,
E4_E1,chease_mars,4224,NEO_2,0.4727272727272728,,3.531384484318734e-06,7.814883840051579e-08,,,,,,,,,,,,,,
E4_E1,chease_mars,4224,NEO_2,0.5572727272727274,,3.6026130735135657e-06,1.3282549560234003e-07,,,,,,,,,,,,,,
E4_E1,chease_mars,4224,NEO_2,0.641818181818182,,3.4790055747963848e-06,1.6805997493651859e-07,,,,,,,,,,,,,,
E4_E1,chease_mars,4224,NEO_2,0.7263636363636364,,3.2160698502587797e-06,2.8093201609458163e-07,,,,,,,,,,,,,,
E4_E1,chease_mars,4224,NEO_2,0.810909090909091,,2.829191986477026e-06,2.509475489631541e-07,,,,,,,,,,,,,,
E4_E1,chease_mars,4224,NEO_2,0.8954545454545456,,2.3461339904842205e-06,1.2538425508967777e-07,,,,,,,,,,,,,,
E4_E1,chease_mars,4224,NEO_2,0.9800000000000001,,1.9433308971297488e-06,2.0537903178130534e-07,,,,,,,,,,,,,,
E4_E1,chease_mars,16640,libneo_Boozer,0.05025,4.28670367797647e-08,3.258760122586509e-08,2.0055835348031792e-07,5.645541367726992e-09,2.385803564191284e-08,7.048848714038063e-08,1.0579454840352007e-08,2.8508838415525537e-08,2.543573637268831e-06,6.750552054498404e-06,1.4251474828240223e-07,4.5415270205271635e-07,1.4702665657849237e-08,5.12305382593918e-08,6.416587853413924e-08,7.455571533060423e-08,1.6629636320764085e-07
E4_E1,chease_mars,16640,libneo_Boozer,0.13475,2.308941433400663e-08,1.646112025211292e-08,4.106090767397319e-08,5.645541367726992e-09,5.504500955091576e-08,1.5954206720410256e-07,3.722187845439965e-09,6.461131117389232e-09,1.7237056901398513e-06,4.0506499701147065e-06,1.5701350142970087e-07,4.4225202073639086e-07,6.715671608450511e-09,1.8727630115146008e-08,1.344795703961399e-07,1.4025959665930898e-07,1.9104606202580143e-07
E4_E1,chease_mars,16640,libneo_Boozer,0.21925,3.780066229222458e-08,2.86238238922047e-08,8.55418180734091e-08,5.645541367726992e-09,8.317370790019478e-08,2.2285410288662892e-07,1.4423487544095334e-08,2.2435855821643988e-08,1.4022510500753372e-06,3.326218470782709e-06,1.6274464194201675e-07,4.6037445810207346e-07,1.4771927924590142e-08,3.12348808578464e-08,1.6935130375816954e-07,1.735573690597736e-07,1.8532891171707533e-07
E4_E1,chease_mars,16640,libneo_Boozer,0.30375,3.464115136295854e-08,2.468849606877519e-08,4.057226621334564e-08,5.645541367726992e-09,1.1492218627848976e-07,3.0221736023087156e-07,6.130913586933248e-09,1.3481123866758175e-08,1.2482186735582663e-06,2.856794366008176e-06,1.691527612305655e-07,4.624278433762371e-07,1.0227527467930906e-08,3.0166109561711506e-08,2.0427544511480988e-07,2.0788426774442925e-07,1.885964053816025e-07
E4_E1,chease_mars,16640,libneo_Boozer,0.38825,3.6659971130311095e-08,2.6656732451896996e-08,1.43155642895465e-09,5.645541367726992e-09,1.395798540675376e-07,3.66287637903431e-07,1.0535700662780639e-08,2.094724750884938e-08,1.0504322846868213e-06,2.4070324743429444e-06,1.604031950057347e-07,4.3798092689465423e-07,1.3053374622764864e-08,3.161595929253498e-08,2.1982289127864263e-07,2.167786419260409e-07,1.7395251117324761e-07
E4_E1,chease_mars,16640,libneo_Boozer,0.47275,3.7762488934426784e-08,2.7287748454274574e-08,1.6495762533708103e-08,5.645541367726992e-09,1.7438929131815842e-07,5.121174042035929e-07,1.6387486168497027e-08,2.966860082876081e-08,9.070327517871446e-07,1.95168816049012e-06,1.526414330505409e-07,3.898878031302733e-07,1.8682671989204586e-08,4.121779311833365e-08,2.6002883513065456e-07,2.651608536075045e-07,1.9282510799190078e-07
E4_E1,chease_mars,16640,libneo_Boozer,0.55725,3.7400230597252624e-08,2.7037335580528586e-08,1.509906200070077e-09,5.645541367726992e-09,1.954786229843406e-07,5.261861470510786e-07,9.549946295659744e-09,3.5738881284901826e-08,7.682736157158662e-07,1.6516987452951476e-06,1.3922758869222224e-07,3.5601024131219855e-07,1.3085845334192665e-08,2.9612917494098123e-08,2.2305799818322924e-07,2.2973550106719642e-07,1.5387675988964844e-07
E4_E1,chease_mars,16640,libneo_Boozer,0.64175,3.891844755160613e-08,2.8009704386662943e-08,1.2805428273310326e-08,5.645541367726992e-09,2.2768088412897537e-07,6.470211261036211e-07,6.3591132352630815e-09,1.3307241913435153e-08,6.139283650445595e-07,1.3008384367972865e-06,1.1871139115211674e-07,2.99258782520524e-07,1.2903281292393614e-08,3.104119621546836e-08,2.208239034962034e-07,2.2920814379823184e-07,1.430596212603774e-07
E4_E1,chease_mars,16640,libneo_Boozer,0.72625,3.6655552620424936e-08,2.6283034927091866e-08,8.44890668538767e-09,5.645541367726992e-09,2.619036320120765e-07,6.361676084694125e-07,8.651504845997503e-09,1.1014963366517047e-08,4.836273759792526e-07,9.702435968770584e-07,9.922458489278684e-08,2.3618745522319062e-07,1.4128503320728876e-08,2.7319559043223798e-08,1.648999293779596e-07,1.731773155988492e-07,1.0160566188410769e-07
E4_E1,chease_mars,16640,libneo_Boozer,0.81075,3.558697652899875e-08,2.5920764567484515e-08,1.3103674811887345e-08,5.645541367726992e-09,3.3020566868309046e-07,8.210469543098732e-07,1.4295564800218003e-08,2.03150062174578e-08,3.759372811120763e-07,7.036910959715234e-07,8.199738084505479e-08,1.8041596953192432e-07,1.9241860687219088e-08,3.5793105984350016e-08,1.4734500375368498e-07,1.5125248964409366e-07,8.399028939010122e-08
E4_E1,chease_mars,16640,libneo_Boozer,0.89525,3.187780000529403e-08,2.3369648743501272e-08,5.555101600940304e-09,5.645541367726992e-09,3.253176820026398e-07,7.088096831477838e-07,8.433295942431705e-09,1.053075090388485e-08,2.9027024560499234e-07,5.079460539864187e-07,6.575188982922084e-08,1.359252829302773e-07,1.4869088404615126e-08,3.281733093451665e-08,6.94829644931616e-08,7.51779820618026e-08,3.972724915701775e-08
E4_E1,chease_mars,16640,libneo_Boozer,0.97975,3.179409215910819e-08,2.3096429789889674e-08,4.802259923053498e-09,5.645541367726992e-09,1.3607394480465577e-06,2.4223989582894368e-06,4.5089135284811625e-09,5.8107799177608234e-09,2.9892386546825514e-07,5.044897916468006e-07,7.00701873909683e-08,1.4039771009235848e-07,1.557804028166918e-08,3.372570284424468e-08,4.584926449613391e-08,4.829981148368745e-08,2.439820123711911e-08
E4_E1,chease_mars,16640,NEO_RT,0.05,,2.939885445443788e-08,2.1121719018246665e-07,,,,,,,,,,,,,,
E4_E1,chease_mars,16640,NEO_RT,0.13454545454545455,,1.6342041448005018e-08,3.214060850798006e-08,,,,,,,,,,,,,,
E4_E1,chease_mars,16640,NEO_RT,0.21909090909090911,,2.8770662914104816e-08,8.59671578368193e-08,,,,,,,,,,,,,,
E4_E1,chease_mars,16640,NEO_RT,0.30363636363636365,,2.4946450717456638e-08,3.849374197173461e-08,,,,,,,,,,,,,,
E4_E1,chease_mars,16640,NEO_RT,0.3881818181818182,,2.6371414172650724e-08,8.727830680399506e-10,,,,,,,,,,,,,,
E4_E1,chease_mars,16640,NEO_RT,0.4727272727272728,,2.741357401925385e-08,1.701018259581133e-08,,,,,,,,,,,,,,
E4_E1,chease_mars,16640,NEO_RT,0.5572727272727274,,2.697300343606304e-08,1.7423988918352507e-09,,,,,,,,,,,,,,
E4_E1,chease_mars,16640,NEO_RT,0.641818181818182,,2.7731292373414385e-08,1.355038581341006e-08,,,,,,,,,,,,,,
E4_E1,chease_mars,16640,NEO_RT,0.7263636363636364,,2.5948332765052074e-08,7.507516830429495e-09,,,,,,,,,,,,,,
E4_E1,chease_mars,16640,NEO_RT,0.810909090909091,,2.5840261419440878e-08,1.1602200311600086e-08,,,,,,,,,,,,,,
E4_E1,chease_mars,16640,NEO_RT,0.8954545454545456,,2.3297038468200515e-08,4.417463728145776e-09,,,,,,,,,,,,,,
E4_E1,chease_mars,16640,NEO_RT,0.9800000000000001,,2.2778657305589137e-08,1.7690904297040788e-09,,,,,,,,,,,,,,
E4_E1,chease_mars,16640,NEO_2,0.05,,2.9399547135642572e-08,2.1121718862815442e-07,,,,,,,,,,,,,,
E4_E1,chease_mars,16640,NEO_2,0.13454545454545455,,1.6342091101416536e-08,3.2140602845842636e-08,,,,,,,,,,,,,,
E4_E1,chease_mars,16640,NEO_2,0.21909090909090911,,2.8770725751234575e-08,8.596715894704232e-08,,,,,,,,,,,,,,
E4_E1,chease_mars,16640,NEO_2,0.30363636363636365,,2.4946307858242263e-08,3.8493733756084225e-08,,,,,,,,,,,,,,
E4_E1,chease_mars,16640,NEO_2,0.3881818181818182,,2.637141389090593e-08,8.727868427982344e-10,,,,,,,,,,,,,,
E4_E1,chease_mars,16640,NEO_2,0.4727272727272728,,2.741356268098333e-08,1.7010178821053046e-08,,,,,,,,,,,,,,
E4_E1,chease_mars,16640,NEO_2,0.5572727272727274,,2.6973036196110313e-08,1.7423988918352507e-09,,,,,,,,,,,,,,
E4_E1,chease_mars,16640,NEO_2,0.641818181818182,,2.773134403293613e-08,1.35503831488748e-08,,,,,,,,,,,,,,
E4_E1,chease_mars,16640,NEO_2,0.7263636363636364,,2.5948442568540287e-08,7.507512611582001e-09,,,,,,,,,,,,,,
E4_E1,chease_mars,16640,NEO_2,0.810909090909091,,2.5840260090320462e-08,1.1602195426618778e-08,,,,,,,,,,,,,,
E4_E1,chease_mars,16640,NEO_2,0.8954545454545456,,2.3297083233549486e-08,4.417464394279591e-09,,,,,,,,,,,,,,
E4_E1,chease_mars,16640,NEO_2,0.9800000000000001,,2.2778736770017817e-08,1.7690910958378936e-09,,,,,,,,,,,,,,
E4_E1,chease_mars,66048,libneo_Boozer,0.05025,3.833854426620921e-08,3.014552926805677e-08,1.9584130062089145e-07,6.5840698448838e-09,9.446112348248934e-09,2.195529001264529e-08,5.268931544758024e-09,1.727685109132465e-08,1.8978562654393839e-06,5.943938538230089e-06,1.0617354170936832e-07,3.9963569040093715e-07,1.0695494907470943e-08,4.004812791694821e-08,1.5436831375670312e-08,2.8606086652227525e-08,6.380582953657843e-08
E4_E1,chease_mars,66048,libneo_Boozer,0.13475,7.542564535936888e-09,5.542510842505598e-09,2.2849418690462642e-08,6.5840698448838e-09,8.040831645497954e-09,1.541180559803921e-08,3.1721071105839253e-09,6.817561990596773e-09,1.5825676336210563e-07,4.4697339192362315e-07,1.4753840394439482e-08,4.889448330864303e-08,3.4592341344802412e-09,9.11667765458621e-09,8.372750687213326e-09,2.0188386351538412e-08,2.749838629023671e-08
E4_E1,chease_mars,66048,libneo_Boozer,0.21925,1.637689784821782e-08,1.5249466505537588e-08,4.87226607948088e-08,6.5840698448838e-09,1.65598838780234e-08,2.852923984657482e-08,1.3634923240168405e-08,1.4709216676929515e-08,1.8307824673777699e-07,4.803558522154685e-07,2.5127758214618155e-08,6.73268076295424e-08,1.31349317090359e-08,1.816342341145585e-08,1.904559010501572e-08,3.203951987051923e-08,3.4212608468475736e-08
E4_E1,chease_mars,66048,libneo_Boozer,0.30375,1.0347230679560963e-08,7.366032801291262e-09,3.3471008187291318e-09,6.5840698448838e-09,1.9359362253249856e-08,5.7459627281257856e-08,3.0175917071530905e-09,6.373685532483291e-09,7.775714188140252e-08,2.182268468389384e-07,1.0946690178862553e-08,3.558495250612552e-08,3.055674779122525e-09,7.383819206896812e-09,4.30393173878052e-08,5.408873776646672e-08,4.9070297158948506e-08
E4_E1,chease_mars,66048,libneo_Boozer,0.38825,8.074203709199278e-09,7.730082715838681e-09,1.43155642895465e-09,6.5840698448838e-09,3.9764072279783176e-08,7.584051371908733e-08,8.963301304602458e-09,1.1563953226283765e-08,5.953503257454344e-08,1.5004485422126773e-07,1.2679728881031547e-08,2.8334658161025174e-08,9.309452991352647e-09,1.493865971845025e-08,4.181779172940381e-08,3.057437425457721e-08,2.453419756243136e-08
E4_E1,chease_mars,66048,libneo_Boozer,0.47275,6.949234791333821e-09,6.515235117860019e-09,2.538251941963665e-09,6.5840698448838e-09,4.8700114705153866e-08,9.454120982681308e-08,1.521526545445702e-08,2.4314876518754784e-08,7.410775644503986e-08,1.6308381678708565e-07,1.94631268169838e-08,3.955172316210531e-08,1.50153224935565e-08,2.2356336614687442e-08,5.1140151280382184e-08,5.980251394088754e-08,4.3488423417947786e-08
E4_E1,chease_mars,66048,libneo_Boozer,0.55725,7.090010507383169e-09,6.070084902410245e-09,1.509906200070077e-09,6.5840698448838e-09,4.365470131159793e-08,1.5212773254499106e-07,5.30256504816857e-09,2.196293637849256e-08,8.664126349561585e-08,2.2503145491859323e-07,1.6510759958963296e-08,4.912703381532084e-08,4.112866400551696e-09,1.4391679440526964e-08,6.241558025976701e-08,5.5189514069908796e-08,3.6965922323162204e-08
E4_E1,chease_mars,66048,libneo_Boozer,0.64175,8.627449705912877e-09,6.698918678643154e-09,6.6717540381233675e-09,6.5840698448838e-09,6.23873356430433e-08,1.8110776006142406e-07,1.114317710972754e-08,2.803430223572744e-08,6.899203838195374e-08,1.6357055432664166e-07,1.7234242978925726e-08,4.0996677563480634e-08,1.098099402275801e-08,2.2271149449108154e-08,6.400498575587221e-08,7.153144498950326e-08,4.4646153884997375e-08
E4_E1,chease_mars,66048,libneo_Boozer,0.72625,8.528671006637793e-09,6.288150874860503e-09,1.1258479926112841e-08,6.5840698448838e-09,1.1160793798237129e-07,3.5681736581469213e-07,9.955414577641705e-09,2.402297548069214e-08,9.822257131732044e-08,2.4423555606178173e-07,2.2318522527538353e-08,5.946522612402571e-08,8.558289647267502e-09,1.548000341502961e-08,9.435396408630226e-08,1.0239856362836974e-07,6.007873520896823e-08
E4_E1,chease_mars,66048,libneo_Boozer,0.81075,7.081527270774583e-09,6.732873027226995e-09,1.3103674811887345e-08,6.5840698448838e-09,2.1375957258816127e-07,5.183967816529802e-07,1.42800742787586e-08,2.2300776108624134e-08,8.407143604988732e-08,1.8027946946930282e-07,2.2825536694432153e-08,4.756166938548767e-08,1.4296356911107622e-08,2.3945330593613573e-08,9.171655956929925e-08,9.204511441929242e-08,5.1112518328899625e-08
E4_E1,chease_mars,66048,libneo_Boozer,0.89525,7.300876715862333e-09,6.591608520496415e-09,5.555101600940304e-09,6.5840698448838e-09,2.1693564404266562e-07,8.793250782763224e-07,9.051349039076113e-09,1.5653596523860833e-08,7.170681229155513e-08,1.8205261268075367e-07,1.8371247979518656e-08,4.9108176423158895e-08,8.795447846518167e-09,1.492049219545406e-08,8.597205158888954e-08,8.851091937156497e-08,4.6772943629314057e-08
E4_E1,chease_mars,66048,libneo_Boozer,0.97975,6.8322973286366024e-09,5.720523192618503e-09,1.5632671046539315e-08,6.5840698448838e-09,1.8421171649170749e-06,3.992958593844992e-06,4.746043387924383e-09,4.686229905310705e-09,9.264085042862138e-08,2.858715557796096e-07,2.2158992276808016e-08,7.963312921105507e-08,4.477857755424919e-09,9.900473612357807e-09,7.538483570712629e-08,8.016110542019561e-08,4.049263835348427e-08
E4_E1,chease_mars,66048,NEO_RT,0.05,,2.6513743200437773e-08,2.4079875771132464e-07,,,,,,,,,,,,,,
E4_E1,chease_mars,66048,NEO_RT,0.13454545454545455,,6.5766201569435456e-09,2.4052228986271018e-08,,,,,,,,,,,,,,
E4_E1,chease_mars,66048,NEO_RT,0.21909090909090911,,1.5537277680733686e-08,5.521735380042969e-08,,,,,,,,,,,,,,
E4_E1,chease_mars,66048,NEO_RT,0.30363636363636365,,5.486731832890336e-09,6.445321831805018e-09,,,,,,,,,,,,,,
E4_E1,chease_mars,66048,NEO_RT,0.3881818181818182,,7.368927377126444e-09,1.7462824519753894e-09,,,,,,,,,,,,,,
E4_E1,chease_mars,66048,NEO_RT,0.4727272727272728,,7.00841257306841e-09,2.774468876864944e-09,,,,,,,,,,,,,,
E4_E1,chease_mars,66048,NEO_RT,0.5572727272727274,,5.653799773596391e-09,1.7573145161264847e-09,,,,,,,,,,,,,,
E4_E1,chease_mars,66048,NEO_RT,0.641818181818182,,6.626011828784745e-09,7.11953118681663e-09,,,,,,,,,,,,,,
E4_E1,chease_mars,66048,NEO_RT,0.7263636363636364,,4.548964524231432e-09,9.722275651213863e-09,,,,,,,,,,,,,,
E4_E1,chease_mars,66048,NEO_RT,0.810909090909091,,6.454262415386894e-09,1.4292828587336714e-08,,,,,,,,,,,,,,
E4_E1,chease_mars,66048,NEO_RT,0.8954545454545456,,6.844789847006836e-09,4.417008758750285e-09,,,,,,,,,,,,,,
E4_E1,chease_mars,66048,NEO_RT,0.9800000000000001,,5.1463842819587155e-09,8.514748128796157e-09,,,,,,,,,,,,,,
E4_E1,chease_mars,66048,NEO_2,0.05,,2.651453199293663e-08,2.4079875382554405e-07,,,,,,,,,,,,,,
E4_E1,chease_mars,66048,NEO_2,0.13454545454545455,,6.576544308954983e-09,2.405222776502569e-08,,,,,,,,,,,,,,
E4_E1,chease_mars,66048,NEO_2,0.21909090909090911,,1.553734883878707e-08,5.521736490265994e-08,,,,,,,,,,,,,,
E4_E1,chease_mars,66048,NEO_2,0.30363636363636365,,5.484620516343708e-09,6.445320499537388e-09,,,,,,,,,,,,,,
E4_E1,chease_mars,66048,NEO_2,0.3881818181818182,,7.368915840255514e-09,1.746277789038686e-09,,,,,,,,,,,,,,
E4_E1,chease_mars,66048,NEO_2,0.4727272727272728,,7.008399867229049e-09,2.7744618824598888e-09,,,,,,,,,,,,,,
E4_E1,chease_mars,66048,NEO_2,0.5572727272727274,,5.653964462330934e-09,1.7573191790631881e-09,,,,,,,,,,,,,,
E4_E1,chease_mars,66048,NEO_2,0.641818181818182,,6.626283676949063e-09,7.119536293842543e-09,,,,,,,,,,,,,,
E4_E1,chease_mars,66048,NEO_2,0.7263636363636364,,4.54961634230909e-09,9.722276983481493e-09,,,,,,,,,,,,,,
E4_E1,chease_mars,66048,NEO_2,0.810909090909091,,6.454219073884057e-09,1.4292826366890665e-08,,,,,,,,,,,,,,
E4_E1,chease_mars,66048,NEO_2,0.8954545454545456,,6.844936669053957e-09,4.417010535107124e-09,,,,,,,,,,,,,,
E4_E1,chease_mars,66048,NEO_2,0.9800000000000001,,5.146564847116959e-09,8.514750793331416e-09,,,,,,,,,,,,,,
E4_E2,kin6d,973,libneo_Boozer,0.05025,1.1915492450618902e-05,8.441833750577934e-06,4.12235793034732e-06,3.463951940840815e-07,3.1064219818298852e-06,5.1064807590973016e-06,1.2609844987004847e-08,2.8950457130358762e-08,5.3305629708296865e-05,0.00012130642015051133,3.557348698742014e-06,9.124730090130814e-06,2.08210967301288e-07,7.445258866328904e-07,2.097328645561669e-06,1.6466102109244374e-06,3.6727318209472948e-06
E4_E2,kin6d,973,libneo_Boozer,0.13475,8.346717804274415e-06,5.926546739729279e-06,5.751966942302289e-06,3.463951940840815e-07,3.1818512679977835e-06,6.098131350739301e-06,3.272534867795445e-08,6.302972460347496e-08,2.5488671007036424e-05,4.6870305227994094e-05,2.685864535235762e-06,5.406668294936397e-06,2.2023630883401754e-07,5.64241310968722e-07,2.4651015159138367e-06,2.4463504647298517e-06,3.332132945566002e-06
E4_E2,kin6d,973,libneo_Boozer,0.21925,7.197980421042918e-06,5.134068749211178e-06,5.984742901254947e-08,3.463951940840815e-07,3.5513246250223173e-06,8.67058622567495e-06,4.386945203461681e-08,1.3407161163811836e-07,2.4227444970195703e-05,5.456189106461631e-05,3.142127596237919e-06,7.620228115866617e-06,2.891029304849525e-07,7.061001649026997e-07,4.0210730797296534e-06,3.961717250644536e-06,4.230402771643327e-06
E4_E2,kin6d,973,libneo_Boozer,0.30375,6.4595155723647035e-06,4.600819355086847e-06,5.375945166918861e-06,3.463951940840815e-07,4.117571813783526e-06,1.2216774694192637e-05,6.678981005515093e-08,1.399159200234719e-07,2.0875006969313014e-05,5.170726071835217e-05,3.0769576390289436e-06,8.117982730117498e-06,4.1255598656114756e-07,1.6418464884883329e-06,5.780973842572923e-06,5.5864773740310625e-06,5.068131892049799e-06
E4_E2,kin6d,973,libneo_Boozer,0.38825,8.042117247629464e-06,5.735894392518319e-06,3.56690586444941e-06,3.463951940840815e-07,4.524564107268765e-06,1.6048102674099193e-05,1.1587278335556389e-07,2.706864410071419e-07,2.360044486521042e-05,7.18458027033258e-05,3.799917209624918e-06,1.222632085592041e-05,5.508994436986082e-07,1.8304389837286312e-06,7.078050689890425e-06,7.216807214993626e-06,5.791050577630408e-06
E4_E2,kin6d,973,libneo_Boozer,0.47275,5.566855392919286e-06,3.98990108086132e-06,4.609319279480495e-06,3.463951940840815e-07,5.21070292224614e-06,1.7975768534334215e-05,1.0728314514193839e-07,3.150552749471947e-07,2.0916518844645817e-05,4.460965693225257e-05,3.5913935466054373e-06,8.055055076226989e-06,6.737263544004668e-07,2.2222825392669032e-06,6.860497192784365e-06,6.979539579565763e-06,5.075506719021128e-06
E4_E2,kin6d,973,libneo_Boozer,0.55725,9.488461857419844e-06,6.795557848931082e-06,3.6966175611663488e-06,3.463951940840815e-07,8.282198405539193e-06,3.154900308048118e-05,4.880397988179232e-07,1.38411531055575e-06,4.105457918809036e-05,0.00012579229570349834,7.411612811279048e-06,2.375493540101532e-05,1.920151750647217e-06,6.866655664260278e-06,1.081134137903561e-05,1.1683640467885503e-05,7.825658168814087e-06
E4_E2,kin6d,973,libneo_Boozer,0.64175,5.818765541530067e-06,4.678273578129032e-06,8.79706154477411e-06,3.463951940840815e-07,1.793035950503471e-05,8.456430815214232e-05,7.21540937694952e-07,2.0453225534111584e-06,5.362192853067117e-05,0.00016935911687109665,1.0051196661815944e-05,3.313693388016149e-05,2.940143156340832e-06,1.1406379062555876e-05,2.45585043811003e-05,2.630125424218921e-05,1.641568747801081e-05
E4_E2,kin6d,973,libneo_Boozer,0.72625,5.0970041550949325e-06,3.6706818437264834e-06,7.746093211302707e-08,3.463951940840815e-07,2.666094852248958e-05,0.00010270913951319187,8.540184728729304e-07,2.3566121894106603e-06,4.016764561668348e-05,0.00011158974704950904,7.774782698060582e-06,2.244434523244355e-05,2.051350483916921e-06,6.821377103187449e-06,2.2448250084350363e-05,2.4537700529014828e-05,1.43965067473939e-05
E4_E2,kin6d,973,libneo_Boozer,0.81075,7.737730021176273e-06,5.991870831886747e-06,1.4717689050147698e-05,3.463951940840815e-07,5.2616010950928585e-05,0.0002411066334374183,1.1592208316137555e-06,3.980536015235705e-06,6.129328210600353e-05,0.00017016953127465585,1.2112568524232044e-05,3.511714432998898e-05,4.167675779347327e-06,1.4309553248802986e-05,3.629472778921006e-05,4.191235027384277e-05,2.3273565813553e-05
E4_E2,kin6d,973,libneo_Boozer,0.89525,8.078357450535662e-06,6.413439313092529e-06,1.253133317713484e-05,3.463951940840815e-07,8.028909523740323e-05,0.00033806035388665734,1.4418311633377406e-06,4.0124780908053505e-06,6.0759658648616196e-05,0.00013915036555760862,1.2239831747335825e-05,2.9321489586404274e-05,3.606334736461497e-06,8.09416813615241e-06,2.766578942403619e-05,3.474350324006448e-05,1.8359769852760444e-05
E4_E2,kin6d,973,libneo_Boozer,0.97975,1.3040400638206494e-05,1.0287117979564252e-05,2.2356653247568303e-05,3.463951940840815e-07,0.0016044244945440504,0.007808262770314955,4.808747039590079e-06,1.5151812028553883e-05,0.00011749006953560537,0.0003294076147741195,2.4269498474522033e-05,6.99637301682297e-05,7.090666953666108e-06,2.5272984512313238e-05,0.00012298119265152785,0.0001591764668285034,8.04097791914371e-05
E4_E2,kin6d,973,NEO_RT,0.05,,8.471161968847228e-06,3.501418802009937e-06,,,,,,,,,,,,,,
E4_E2,kin6d,973,NEO_RT,0.13454545454545455,,5.9272994563067095e-06,5.823381619474155e-06,,,,,,,,,,,,,,
E4_E2,kin6d,973,NEO_RT,0.21909090909090911,,5.134243770991941e-06,5.202145347826814e-08,,,,,,,,,,,,,,
E4_E2,kin6d,973,NEO_RT,0.30363636363636365,,4.598080109741747e-06,5.361465726161363e-06,,,,,,,,,,,,,,
E4_E2,kin6d,973,NEO_RT,0.3881818181818182,,5.73869644712824e-06,3.566419457534664e-06,,,,,,,,,,,,,,
E4_E2,kin6d,973,NEO_RT,0.4727272727272728,,3.9913609605287945e-06,4.601788022084996e-06,,,,,,,,,,,,,,
E4_E2,kin6d,973,NEO_RT,0.5572727272727274,,6.794280854131853e-06,3.7089342812546278e-06,,,,,,,,,,,,,,
E4_E2,kin6d,973,NEO_RT,0.641818181818182,,4.674535517540486e-06,8.79119040564369e-06,,,,,,,,,,,,,,
E4_E2,kin6d,973,NEO_RT,0.7263636363636364,,3.668965074342026e-06,7.978169103139976e-08,,,,,,,,,,,,,,
E4_E2,kin6d,973,NEO_RT,0.810909090909091,,5.9920516238545e-06,1.479594998154976e-05,,,,,,,,,,,,,,
E4_E2,kin6d,973,NEO_RT,0.8954545454545456,,6.406249076893158e-06,1.2423191766086639e-05,,,,,,,,,,,,,,
E4_E2,kin6d,973,NEO_RT,0.9800000000000001,,1.0268650808510114e-05,2.167716119472196e-05,,,,,,,,,,,,,,
E4_E2,kin6d,973,NEO_2,0.05,,8.471160323218828e-06,3.5014188047854944e-06,,,,,,,,,,,,,,
E4_E2,kin6d,973,NEO_2,0.13454545454545455,,5.927299480874941e-06,5.823381615921441e-06,,,,,,,,,,,,,,
E4_E2,kin6d,973,NEO_2,0.21909090909090911,,5.134243745245194e-06,5.202144925942065e-08,,,,,,,,,,,,,,
E4_E2,kin6d,973,NEO_2,0.30363636363636365,,4.598080107793517e-06,5.361465721387404e-06,,,,,,,,,,,,,,
E4_E2,kin6d,973,NEO_2,0.3881818181818182,,5.7386964759091245e-06,3.5664194510953706e-06,,,,,,,,,,,,,,
E4_E2,kin6d,973,NEO_2,0.4727272727272728,,3.991360963072176e-06,4.601788029190423e-06,,,,,,,,,,,,,,
E4_E2,kin6d,973,NEO_2,0.5572727272727274,,6.794280854148753e-06,3.7089342801444047e-06,,,,,,,,,,,,,,
E4_E2,kin6d,973,NEO_2,0.641818181818182,,4.674535522690629e-06,8.791190406309823e-06,,,,,,,,,,,,,,
E4_E2,kin6d,973,NEO_2,0.7263636363636364,,3.668965042469387e-06,7.978169191957818e-08,,,,,,,,,,,,,,
E4_E2,kin6d,973,NEO_2,0.810909090909091,,5.992051465111325e-06,1.4795949980106471e-05,,,,,,,,,,,,,,
E4_E2,kin6d,973,NEO_2,0.8954545454545456,,6.4062490201195775e-06,1.242319176664175e-05,,,,,,,,,,,,,,
E4_E2,kin6d,973,NEO_2,0.9800000000000001,,1.0268650618588377e-05,2.1677161196720363e-05,,,,,,,,,,,,,,
E4_E2,kin6d,4231,libneo_Boozer,0.05025,1.0862529228653428e-06,7.702495593829127e-07,1.0113890579477314e-06,2.9111181021335142e-08,1.8700552676089774e-07,3.296818324951205e-07,4.584383352303233e-09,1.1470233770852742e-08,5.403681883437415e-06,1.0515430089730674e-05,3.606411330900951e-07,7.909775749950899e-07,1.9668830224257863e-08,4.993369189550698e-08,1.7596023431376562e-07,1.0861705754955375e-07,2.422700729753924e-07
E4_E2,kin6d,4231,libneo_Boozer,0.13475,7.366556716175368e-07,5.232035362880846e-07,5.517379898511976e-07,2.9111181021335142e-08,1.8961511289519008e-07,3.5786104711501203e-07,7.074339559217562e-09,3.0821128727855646e-08,3.2058697986434007e-06,6.93831175100349e-06,3.3786609861478596e-07,8.003514298700893e-07,3.839939436185845e-08,1.0903605030569829e-07,1.8020088216053054e-07,1.250084570580956e-07,1.7027265641900158e-07
E4_E2,kin6d,4231,libneo_Boozer,0.21925,8.004987863224049e-07,5.690458791813404e-07,1.3443435076254673e-07,2.9111181021335142e-08,2.3565082976009948e-07,5.195063462574474e-07,6.478268602110101e-09,1.7626241545540883e-08,1.867035829067319e-06,5.8223511541640635e-06,2.4220308323296985e-07,8.131768861208897e-07,2.6951616906894118e-08,1.047480148326408e-07,2.779117477813564e-07,2.2122408313562936e-07,2.3622861172745147e-07
E4_E2,kin6d,4231,libneo_Boozer,0.30375,6.208192091986567e-07,4.421624428498561e-07,1.1249276554714527e-07,2.9111181021335142e-08,2.613116951685576e-07,5.781117955173888e-07,9.820098996672446e-09,1.9485564844396034e-08,1.8736989482486437e-06,4.43206363788886e-06,2.7628842498401776e-07,6.958139340224786e-07,3.734869716725184e-08,1.0675176763435567e-07,2.798942039805574e-07,2.3799727982831698e-07,2.1591547461063954e-07
E4_E2,kin6d,4231,libneo_Boozer,0.38825,6.469097726501382e-07,4.6233966932064063e-07,4.3456327425417385e-08,2.9111181021335142e-08,3.4893987847974896e-07,9.429583644179442e-07,1.3631713971402455e-08,2.406398347086465e-08,1.7547105783166232e-06,5.588899144274079e-06,2.8271884801731085e-07,9.510948833132917e-07,3.7836441736301925e-08,1.2645345474569766e-07,4.4154733053192174e-07,4.014991958900538e-07,3.2218019474505866e-07
E4_E2,kin6d,4231,libneo_Boozer,0.47275,5.71758221202792e-07,4.0840696032612333e-07,2.5310192175442836e-07,2.9111181021335142e-08,3.372274638599487e-07,9.861566522189087e-07,9.56830616383733e-09,2.2087008293603666e-08,1.2342099715482735e-06,2.8052228063154954e-06,2.120330680070716e-07,5.064692371995593e-07,3.686309942813963e-08,9.846836406431901e-08,3.9218247427363906e-07,3.7345056608240057e-07,2.7157342652461836e-07
E4_E2,kin6d,4231,libneo_Boozer,0.55725,5.489432007712822e-07,3.926881356642231e-07,2.4370389484218435e-08,2.9111181021335142e-08,4.6954806806850945e-07,1.5155119685094458e-06,1.4340634561726858e-08,4.4373976162771195e-08,1.1854912053150483e-06,2.8692104143266924e-06,2.1403334381231785e-07,5.41836530020011e-07,3.617211151621006e-08,9.975351474614525e-08,5.239750303642765e-07,5.279617371067857e-07,3.5362854322595894e-07
E4_E2,kin6d,4231,libneo_Boozer,0.64175,5.872133245248451e-07,4.2050114590783367e-07,1.5102796768751148e-07,2.9111181021335142e-08,6.718927475149715e-07,2.688990537286627e-06,2.7441489110561203e-08,9.655808306015627e-08,1.3891642156270941e-06,3.6078391666893573e-06,2.6113823931216837e-07,7.056658371656408e-07,4.417672174263263e-08,1.3400386332191685e-07,7.688589355181463e-07,8.193131320055613e-07,5.113718800631162e-07
E4_E2,kin6d,4231,libneo_Boozer,0.72625,5.720105616286426e-07,4.137006989603926e-07,2.568758202814436e-07,2.9111181021335142e-08,2.018701049142677e-06,1.0369948218641977e-05,9.107912308197466e-08,2.9918299744957817e-07,2.442615840412115e-06,4.847603796428007e-06,4.78455388725396e-07,9.748809596709744e-07,1.407245499304809e-07,5.328940055378552e-07,2.3074263064692957e-06,2.6105295787282046e-06,1.531634568729956e-06
E4_E2,kin6d,4231,libneo_Boozer,0.81075,4.936948740647677e-07,3.7342395017505513e-07,4.6690601451793157e-07,2.9111181021335142e-08,6.456893451863916e-06,3.0250833780075595e-05,2.4913598495915984e-07,8.997278611429065e-07,4.611774957988756e-06,1.1844099390992734e-05,9.396495074106439e-07,2.471653302460943e-06,2.723476406786592e-07,1.0810767891025493e-06,4.593236202610207e-06,5.395172317790298e-06,2.995926285942474e-06
E4_E2,kin6d,4231,libneo_Boozer,0.89525,6.993684049570828e-07,5.222363319337727e-07,4.3296648488677647e-07,2.9111181021335142e-08,2.043558961947798e-05,0.00010449268218145926,3.353122039125774e-07,1.3255045154961957e-06,7.104474192004218e-06,1.3848237794566312e-05,1.459085087766178e-06,2.8989274262692113e-06,2.7863554637657534e-07,8.012873980039468e-07,8.619323882075314e-06,1.0563465936752614e-05,5.58216917989629e-06
E4_E2,kin6d,4231,libneo_Boozer,0.97975,6.735302742249599e-07,5.436485355589334e-07,2.8633894215701616e-06,2.9111181021335142e-08,0.00024241227355945187,0.001235185690386816,9.376100733289448e-07,3.7251263005206096e-06,1.5153945999867004e-05,2.1739943563516935e-05,3.2051069878468653e-06,5.078429212381382e-06,5.520393677221977e-07,2.094981329691774e-06,1.9295234675587025e-05,2.4888916000165295e-05,1.257232479545678e-05
E4_E2,kin6d,4231,NEO_RT,0.05,,7.764924307966292e-07,9.952577511018745e-07,,,,,,,,,,,,,,
E4_E2,kin6d,4231,NEO_RT,0.13454545454545455,,5.230026812997591e-07,5.59533181454519e-07,,,,,,,,,,,,,,
E4_E2,kin6d,4231,NEO_RT,0.21909090909090911,,5.686030370631745e-07,1.466768828617404e-07,,,,,,,,,,,,,,
E4_E2,kin6d,4231,NEO_RT,0.30363636363636365,,4.425218546821642e-07,1.1531414134680062e-07,,,,,,,,,,,,,,
E4_E2,kin6d,4231,NEO_RT,0.3881818181818182,,4.624771142249488e-07,4.768197547910802e-08,,,,,,,,,,,,,,
E4_E2,kin6d,4231,NEO_RT,0.4727272727272728,,4.084024787610897e-07,2.531251143134128e-07,,,,,,,,,,,,,,
E4_E2,kin6d,4231,NEO_RT,0.5572727272727274,,3.9267061332127725e-07,2.4615154470275513e-08,,,,,,,,,,,,,,
E4_E2,kin6d,4231,NEO_RT,0.641818181818182,,4.2032803214116086e-07,1.5041695333728455e-07,,,,,,,,,,,,,,
E4_E2,kin6d,4231,NEO_RT,0.7263636363636364,,4.1216910126372645e-07,2.5222983468520255e-07,,,,,,,,,,,,,,
E4_E2,kin6d,4231,NEO_RT,0.810909090909091,,3.749643392384524e-07,4.704278111500315e-07,,,,,,,,,,,,,,
E4_E2,kin6d,4231,NEO_RT,0.8954545454545456,,5.22408881335779e-07,4.4443943492122884e-07,,,,,,,,,,,,,,
E4_E2,kin6d,4231,NEO_RT,0.9800000000000001,,5.485391644032424e-07,2.8750062588400738e-06,,,,,,,,,,,,,,
E4_E2,kin6d,4231,NEO_2,0.05,,7.764919145941227e-07,9.952577463279155e-07,,,,,,,,,,,,,,
E4_E2,kin6d,4231,NEO_2,0.13454545454545455,,5.230026882621208e-07,5.595331830088313e-07,,,,,,,,,,,,,,
E4_E2,kin6d,4231,NEO_2,0.21909090909090911,,5.686030203386511e-07,1.466768866364987e-07,,,,,,,,,,,,,,
E4_E2,kin6d,4231,NEO_2,0.30363636363636365,,4.425218621018894e-07,1.1531414556564812e-07,,,,,,,,,,,,,,
E4_E2,kin6d,4231,NEO_2,0.3881818181818182,,4.624770848740291e-07,4.7681974368884994e-08,,,,,,,,,,,,,,
E4_E2,kin6d,4231,NEO_2,0.4727272727272728,,4.084024713484402e-07,2.5312511331421206e-07,,,,,,,,,,,,,,
E4_E2,kin6d,4231,NEO_2,0.5572727272727274,,3.926706143541009e-07,2.4615152693918674e-08,,,,,,,,,,,,,,
E4_E2,kin6d,4231,NEO_2,0.641818181818182,,4.203280349570433e-07,1.504169506727493e-07,,,,,,,,,,,,,,
E4_E2,kin6d,4231,NEO_2,0.7263636363636364,,4.1216912133376333e-07,2.522298381268939e-07,,,,,,,,,,,,,,
E4_E2,kin6d,4231,NEO_2,0.810909090909091,,3.7496439796189006e-07,4.704278147027452e-07,,,,,,,,,,,,,,
E4_E2,kin6d,4231,NEO_2,0.8954545454545456,,5.224090009434877e-07,4.444394372526972e-07,,,,,,,,,,,,,,
E4_E2,kin6d,4231,NEO_2,0.9800000000000001,,5.485391147600302e-07,2.8750062557314493e-06,,,,,,,,,,,,,,
E4_E2,kin6d,16885,libneo_Boozer,0.05025,2.770471885586256e-08,2.410789095097334e-08,4.385890761682276e-08,7.515269628832755e-09,9.432597625538698e-09,2.2076632592985302e-08,5.0240227032939745e-09,6.228068703430442e-09,6.82714411948002e-07,1.7426472192852364e-06,4.583555318262877e-08,1.3117857607939813e-07,5.665691943802436e-09,1.0339269935105283e-08,1.902293569888691e-08,2.6218641098474382e-08,5.848065209868025e-08
E4_E2,kin6d,16885,libneo_Boozer,0.13475,2.3492193388069873e-08,1.9224065094718713e-08,3.9473703972170426e-08,7.515269628832755e-09,4.986647651587524e-09,1.1888263780946272e-08,6.767958419528388e-09,8.109015189267747e-09,3.3462712371721564e-07,1.2232008493926838e-06,3.589525348719305e-08,1.412582480656695e-07,7.373933080448584e-09,1.5863225800619396e-08,1.107675434708355e-08,2.2542042760198555e-08,3.0704279063709095e-08
E4_E2,kin6d,16885,libneo_Boozer,0.21925,1.9736675540183254e-08,1.4486906469248491e-08,4.913155882135811e-09,7.515269628832755e-09,9.989145028033901e-09,1.8291168317775344e-08,1.7835839354342965e-09,4.222906363390042e-09,2.5483329939275924e-07,7.15992884383482e-07,3.3094162044117814e-08,1.000059371248116e-07,4.216865163193635e-09,1.3304052934330578e-08,1.4765681899397975e-08,2.4799430176081216e-08,2.6481459525218298e-08
E4_E2,kin6d,16885,libneo_Boozer,0.30375,2.0656579697289853e-08,1.7337267227280364e-08,5.7203786152371094e-09,7.515269628832755e-09,4.087171997222646e-08,8.990311184474298e-08,2.032098540265364e-09,3.27995296105088e-09,2.1092290799544384e-07,5.412298067427282e-07,3.114756886054249e-08,8.50263050538743e-08,4.581476805508576e-09,1.5960980679662245e-08,5.654513735020572e-08,4.1266778272319726e-08,3.743798027144862e-08
E4_E2,kin6d,16885,libneo_Boozer,0.38825,1.4535052755006615e-08,1.1956446064945864e-08,8.221957559229054e-09,7.515269628832755e-09,4.176922689193654e-08,8.019672275784184e-08,1.2256220494011945e-08,2.1344240616881892e-08,1.1757106996467014e-07,2.9960719960494556e-07,2.245774880573669e-08,5.344345097303272e-08,1.2009856788197887e-08,2.4441739426841155e-08,4.3226210388880304e-08,3.256450881172768e-08,2.6131166341869516e-08
E4_E2,kin6d,16885,libneo_Boozer,0.47275,1.3416233246188185e-08,1.1585890488696728e-08,4.099006933877547e-08,7.515269628832755e-09,3.863663267837013e-08,1.265197878579621e-07,8.401295474344462e-09,1.660820383934331e-08,1.5942896801688362e-07,5.348000368397349e-07,2.8586651781213863e-08,9.688802269605965e-08,1.0081844569048542e-08,2.2318866362995926e-08,5.959384985487759e-08,6.708687960710336e-08,4.8785621542535296e-08
E4_E2,kin6d,16885,libneo_Boozer,0.55725,9.055067813711443e-09,7.272674952349552e-09,2.4370389484218435e-08,7.515269628832755e-09,1.0858907519375982e-07,4.870303094422733e-07,7.088253743235446e-09,2.174248253546005e-08,1.8768307715304585e-07,4.1438769757280445e-07,3.4522780934495796e-08,7.829732867944763e-08,6.4281528425322735e-09,2.157145465249536e-08,1.8510163235507804e-07,1.8576470517395194e-07,1.244251383036854e-07
E4_E2,kin6d,16885,libneo_Boozer,0.64175,1.9593063036467828e-08,1.508311930059737e-08,9.11540376513642e-09,7.515269628832755e-09,1.325625252304402e-07,4.645439294589448e-07,2.0689112972816563e-08,7.872169208014651e-08,3.304546289711368e-07,7.586960860087631e-07,6.504458364980938e-08,1.6727159793631174e-07,1.4648929337532343e-08,3.921485322706327e-08,1.3968956702470336e-07,1.4613691534659523e-07,9.121094945996333e-08
E4_E2,kin6d,16885,libneo_Boozer,0.72625,2.4184916155899413e-08,2.2374994682415672e-08,1.4772774115101583e-08,7.515269628832755e-09,4.942992558067628e-07,2.1106611947118215e-06,4.3629910923033996e-08,1.90427607305419e-07,8.303690019716693e-07,1.5467942431807824e-06,1.654247387748587e-07,3.6270141100701467e-07,1.6272004880576927e-08,7.532529809752394e-08,4.757575728930874e-07,5.338094593021481e-07,3.131937719169642e-07
E4_E2,kin6d,16885,libneo_Boozer,0.81075,1.600516532219244e-08,3.854982882736032e-08,1.3073875981817196e-08,7.515269628832755e-09,1.154560642637659e-06,4.733259220658436e-06,7.12492283433339e-08,1.7644761963949292e-07,1.8478009036395854e-06,2.0459361237986666e-06,3.701968498434769e-07,4.2552075675855597e-07,3.078903037548986e-08,9.907433781461961e-08,7.217905487744147e-07,8.488586523691666e-07,4.713698404934519e-07
E4_E2,kin6d,16885,libneo_Boozer,0.89525,2.2122638184535467e-08,8.879993210004464e-08,6.281675180019874e-11,7.515269628832755e-09,6.71057647107878e-06,2.900387718404048e-05,1.3857715058377958e-07,2.823458609818527e-07,4.204988413223876e-06,6.143444227266467e-06,8.523095174380915e-07,1.289904299302665e-06,7.100728411104004e-08,1.7317237827143388e-07,2.3958257067135946e-06,2.961494838360501e-06,1.5649813943641178e-06
E4_E2,kin6d,16885,libneo_Boozer,0.97975,8.412024787071648e-08,1.9910426571402563e-07,1.650331682423456e-08,7.515269628832755e-09,6.69937787849879e-05,0.00025246258349382613,3.697803632350507e-07,8.371842329815492e-07,9.01563751559456e-06,1.0343686252899338e-05,1.862459280977172e-06,2.2229208378484894e-06,1.7173157640422402e-07,6.448674056925477e-07,3.944301082414725e-06,5.085553166916945e-06,2.5689165916720214e-06
E4_E2,kin6d,16885,NEO_RT,0.05,,2.3680685828541193e-08,3.154833383423039e-08,,,,,,,,,,,,,,
E4_E2,kin6d,16885,NEO_RT,0.13454545454545455,,1.7153700013717883e-08,3.3520235809270105e-08,,,,,,,,,,,,,,
E4_E2,kin6d,16885,NEO_RT,0.21909090909090911,,1.4061038227381867e-08,6.993774448460499e-09,,,,,,,,,,,,,,
E4_E2,kin6d,16885,NEO_RT,0.30363636363636365,,1.6732402140245246e-08,4.96772345481844e-09,,,,,,,,,,,,,,
E4_E2,kin6d,16885,NEO_RT,0.3881818181818182,,1.2583246044528464e-08,6.984851586011587e-09,,,,,,,,,,,,,,
E4_E2,kin6d,16885,NEO_RT,0.4727272727272728,,1.153970704342571e-08,4.1115758575571704e-08,,,,,,,,,,,,,,
E4_E2,kin6d,16885,NEO_RT,0.5572727272727274,,7.144849742838115e-09,2.4212431282144564e-08,,,,,,,,,,,,,,
E4_E2,kin6d,16885,NEO_RT,0.641818181818182,,1.503508955031831e-08,9.002673495572822e-09,,,,,,,,,,,,,,
E4_E2,kin6d,16885,NEO_RT,0.7263636363636364,,2.214091789065022e-08,1.6385894641146592e-08,,,,,,,,,,,,,,
E4_E2,kin6d,16885,NEO_RT,0.810909090909091,,3.859553465999226e-08,1.1600010396684013e-08,,,,,,,,,,,,,,
E4_E2,kin6d,16885,NEO_RT,0.8954545454545456,,8.875708177081353e-08,1.9873388490410093e-09,,,,,,,,,,,,,,
E4_E2,kin6d,16885,NEO_RT,0.9800000000000001,,2.0109237023909975e-07,8.113980487500783e-09,,,,,,,,,,,,,,
E4_E2,kin6d,16885,NEO_2,0.05,,2.3681408565115388e-08,3.1548328616182175e-08,,,,,,,,,,,,,,
E4_E2,kin6d,16885,NEO_2,0.13454545454545455,,1.7153583028252118e-08,3.352023414393557e-08,,,,,,,,,,,,,,
E4_E2,kin6d,16885,NEO_2,0.21909090909090911,,1.4060979772218207e-08,6.9937762248173385e-09,,,,,,,,,,,,,,
E4_E2,kin6d,16885,NEO_2,0.30363636363636365,,1.67323969377263e-08,4.967726563442909e-09,,,,,,,,,,,,,,
E4_E2,kin6d,16885,NEO_2,0.3881818181818182,,1.2583006279802818e-08,6.984840705825945e-09,,,,,,,,,,,,,,
E4_E2,kin6d,16885,NEO_2,0.4727272727272728,,1.1539709107686188e-08,4.11157627944192e-08,,,,,,,,,,,,,,
E4_E2,kin6d,16885,NEO_2,0.5572727272727274,,7.1448444304573035e-09,2.4212424620806416e-08,,,,,,,,,,,,,,
E4_E2,kin6d,16885,NEO_2,0.641818181818182,,1.5035103841541277e-08,9.002673495572822e-09,,,,,,,,,,,,,,
E4_E2,kin6d,16885,NEO_2,0.7263636363636364,,2.2140914433274722e-08,1.6385893530923568e-08,,,,,,,,,,,,,,
E4_E2,kin6d,16885,NEO_2,0.810909090909091,,3.859553236846653e-08,1.160000617783652e-08,,,,,,,,,,,,,,
E4_E2,kin6d,16885,NEO_2,0.8954545454545456,,8.875709205815918e-08,1.987340958464756e-09,,,,,,,,,,,,,,
E4_E2,kin6d,16885,NEO_2,0.9800000000000001,,2.010923694912624e-07,8.113981042612295e-09,,,,,,,,,,,,,,
E4_E2,kin6d,68275,libneo_Boozer,0.05025,1.16957494759479e-08,8.286629273836025e-09,7.963754100615006e-10,2.18755691339112e-09,6.717797481356531e-09,1.0531868393902765e-08,1.3390348107399799e-09,2.1539177027124526e-09,1.400336041724124e-07,4.010372473927232e-07,9.440097567114669e-09,3.0220873992958545e-08,1.5810735531115384e-09,3.700694110716978e-09,1.0309948311748585e-08,2.172001473815799e-08,4.8446469530505354e-08
E4_E2,kin6d,68275,libneo_Boozer,0.13475,1.4948743880427173e-08,1.4282909364552352e-08,8.427366804397707e-09,2.18755691339112e-09,6.39549889827434e-09,9.023043540130083e-09,6.619475702208284e-09,8.067413494139084e-09,8.963983298766742e-08,3.3431149250286863e-07,1.151262380302857e-08,3.9161105522138895e-08,6.785626243023549e-09,9.527915865682548e-09,7.133979379458921e-09,1.9998824957179195e-08,2.7240188771315843e-08
E4_E2,kin6d,68275,libneo_Boozer,0.21925,7.448163417193334e-09,6.506437017327705e-09,1.1276991118691626e-08,2.18755691339112e-09,9.318516799885997e-09,1.547021891592225e-08,4.2538596215918445e-10,8.960729883120741e-10,6.528092814224545e-08,1.7988648188194804e-07,8.476155531620303e-09,2.5131828908264378e-08,9.275028895233715e-10,2.4169276171009387e-09,1.1037428804261395e-08,2.236524340726298e-08,2.3882173183498168e-08
E4_E2,kin6d,68275,libneo_Boozer,0.30375,7.430966783405409e-09,6.433634350610612e-09,5.7203786152371094e-09,2.18755691339112e-09,3.445930426002333e-08,6.350222115403754e-08,6.872744748213692e-09,8.764836750477824e-09,6.557700541625004e-08,2.029553625846716e-07,1.1815117859480169e-08,3.186520160191018e-08,7.093145126571069e-09,1.1354826089073775e-08,4.104657508330334e-08,2.6076365955418623e-08,2.3656959058371285e-08
E4_E2,kin6d,68275,libneo_Boozer,0.38825,1.1035719331867873e-08,9.944701576305558e-09,9.39522637466439e-09,2.18755691339112e-09,3.629903045683143e-08,7.938255040814815e-08,6.827707667160217e-09,7.928026586459494e-09,7.537398068104381e-08,1.478079663109867e-07,1.3876562019609025e-08,2.5889722464476244e-08,6.206312689278418e-09,1.0206850223385208e-08,4.3494267687460564e-08,5.1738423600955485e-08,4.15171448331364e-08
E4_E2,kin6d,68275,libneo_Boozer,0.47275,9.498934328650777e-09,9.42054041680266e-09,1.4152192195915347e-08,2.18755691339112e-09,2.7463118058270537e-08,8.759571447871974e-08,9.377552817679688e-09,1.1967023534518095e-08,4.9670514502689476e-08,1.0914761960551496e-07,1.2570609071662524e-08,2.1108945091579564e-08,8.828073698034273e-09,1.181973910648228e-08,4.047014756647371e-08,4.9259803458490126e-08,3.5821760113741163e-08
E4_E2,kin6d,68275,libneo_Boozer,0.55725,7.452206561431598e-09,6.22011691636889e-09,5.190110341501963e-09,2.18755691339112e-09,7.592483380839712e-08,2.0684418515223758e-07,9.853097149259514e-09,1.7422553816168085e-08,9.975033519132119e-08,1.953258896715396e-07,2.04171427419011e-08,3.8337587668307685e-08,9.004951916620273e-09,1.7515022976822114e-08,7.872063012559494e-08,8.935950202015874e-08,5.985297246713372e-08
E4_E2,kin6d,68275,libneo_Boozer,0.64175,5.177769137490748e-09,6.706148414877755e-09,1.090252055302443e-08,2.18755691339112e-09,7.185280707551483e-08,3.0946766640372415e-07,8.297779577138166e-09,1.7949498832870564e-08,2.3915971946100945e-07,2.885075312717732e-07,4.545447021223254e-08,5.682070809772707e-08,4.643948836537458e-09,1.1865222092422894e-08,9.327165673145288e-08,1.0737565048213327e-07,6.701822041765837e-08
E4_E2,kin6d,68275,libneo_Boozer,0.72625,5.584813701469038e-09,1.4768178715144449e-08,6.123276996561344e-09,2.18755691339112e-09,2.7684184497714944e-07,9.189403055453678e-07,2.5594114678212793e-08,4.895134983087067e-08,7.086022893301828e-07,7.403126455510209e-07,1.386503374486973e-07,1.504386033491823e-07,1.300422280278363e-08,3.054298368226772e-08,2.0741615702757343e-07,2.2992782022779323e-07,1.3490200967414268e-07
E4_E2,kin6d,68275,libneo_Boozer,0.81075,3.829392678584407e-09,3.6904101362325086e-08,8.743381796350036e-09,2.18755691339112e-09,1.1429866381713818e-06,4.226682362918059e-06,6.86068272416995e-08,1.598969480842763e-07,1.8341569957428785e-06,1.9360064728091803e-06,3.6707747734144987e-07,4.0289047788067076e-07,2.9809206917296255e-08,8.708236376296149e-08,6.448545206705347e-07,7.584587915498986e-07,4.2117095533367177e-07
E4_E2,kin6d,68275,libneo_Boozer,0.89525,1.0579301768928254e-08,8.769125585966977e-08,6.281675180019874e-11,2.18755691339112e-09,5.423325435327964e-06,1.825870315308438e-05,1.612781119420025e-07,3.347869184927965e-07,4.2242142545251845e-06,4.428058192209548e-06,8.599156820117212e-07,9.368944092628356e-07,7.259873742297965e-08,2.1304254839316576e-07,1.5081646661530002e-06,1.8593755080065222e-06,9.825727601553425e-07
E4_E2,kin6d,68275,libneo_Boozer,0.97975,1.0109379235819983e-08,1.8629846452391418e-07,7.2973815878896175e-09,2.18755691339112e-09,6.738244921928734e-05,0.00023396145607842557,3.5096700830096534e-07,7.034573762375117e-07,8.870910656736037e-06,9.3732034733332e-06,1.8301515679729857e-06,2.016611212212034e-06,1.5745743629516353e-07,4.427558998814332e-07,3.6553926286986282e-06,4.715014011891228e-06,2.3817483797428096e-06
E4_E2,kin6d,68275,NEO_RT,0.05,,7.962091600607604e-09,2.542586141629499e-10,,,,,,,,,,,,,,
E4_E2,kin6d,68275,NEO_RT,0.13454545454545455,,1.1534074484563455e-08,6.223803583615961e-09,,,,,,,,,,,,,,
E4_E2,kin6d,68275,NEO_RT,0.21909090909090911,,7.840962623368053e-09,1.2158244966364862e-08,,,,,,,,,,,,,,
E4_E2,kin6d,68275,NEO_RT,0.30363636363636365,,5.698964573273407e-09,5.761655819114253e-09,,,,,,,,,,,,,,
E4_E2,kin6d,68275,NEO_RT,0.3881818181818182,,8.76034965530305e-09,7.919063071959442e-09,,,,,,,,,,,,,,
E4_E2,kin6d,68275,NEO_RT,0.4727272727272728,,9.388548376316008e-09,1.4074830856358744e-08,,,,,,,,,,,,,,
E4_E2,kin6d,68275,NEO_RT,0.5572727272727274,,6.067823683995665e-09,5.143712455968341e-09,,,,,,,,,,,,,,
E4_E2,kin6d,68275,NEO_RT,0.641818181818182,,6.520714034203293e-09,9.564175673659747e-09,,,,,,,,,,,,,,
E4_E2,kin6d,68275,NEO_RT,0.7263636363636364,,1.4963587296616457e-08,7.73736308357087e-09,,,,,,,,,,,,,,
E4_E2,kin6d,68275,NEO_RT,0.810909090909091,,3.692374067438431e-08,5.858144636050611e-09,,,,,,,,,,,,,,
E4_E2,kin6d,68275,NEO_RT,0.8954545454545456,,8.765282423200765e-08,1.987412456827542e-09,,,,,,,,,,,,,,
E4_E2,kin6d,68275,NEO_RT,0.9800000000000001,,1.8694394856444585e-07,3.8459717632832735e-09,,,,,,,,,,,,,,
E4_E2,kin6d,68275,NEO_2,0.05,,7.961744810197967e-09,2.542646093672829e-10,,,,,,,,,,,,,,
E4_E2,kin6d,68275,NEO_2,0.13454545454545455,,1.1534199948013522e-08,6.223808135530362e-09,,,,,,,,,,,,,,
E4_E2,kin6d,68275,NEO_2,0.21909090909090911,,7.841037551914708e-09,1.2158242523874208e-08,,,,,,,,,,,,,,
E4_E2,kin6d,68275,NEO_2,0.30363636363636365,,5.698944580873995e-09,5.761654597868926e-09,,,,,,,,,,,,,,
E4_E2,kin6d,68275,NEO_2,0.3881818181818182,,8.759990741934327e-09,7.91907062147601e-09,,,,,,,,,,,,,,
E4_E2,kin6d,68275,NEO_2,0.4727272727272728,,9.388559076295127e-09,1.4074828191823485e-08,,,,,,,,,,,,,,
E4_E2,kin6d,68275,NEO_2,0.5572727272727274,,6.067826013394152e-09,5.143715231525903e-09,,,,,,,,,,,,,,
E4_E2,kin6d,68275,NEO_2,0.641818181818182,,6.5207095978956585e-09,9.564175007525932e-09,,,,,,,,,,,,,,
E4_E2,kin6d,68275,NEO_2,0.7263636363636364,,1.4963594934393246e-08,7.737366081173036e-09,,,,,,,,,,,,,,
E4_E2,kin6d,68275,NEO_2,0.810909090909091,,3.6923743230944176e-08,5.858152407611783e-09,,,,,,,,,,,,,,
E4_E2,kin6d,68275,NEO_2,0.8954545454545456,,8.765281819133999e-08,1.9874116796714247e-09,,,,,,,,,,,,,,
E4_E2,kin6d,68275,NEO_2,0.9800000000000001,,1.869439504544446e-07,3.845970875104854e-09,,,,,,,,,,,,,,
E4_E2,chease_public,1088,libneo_Boozer,0.05025,5.833712390517044e-05,4.162248551375405e-05,4.2946139581001574e-05,3.862718589431324e-09,0.00010389096960928934,0.00021750240297254236,1.2592360769851954e-06,2.182969837350509e-06,0.0070819874901803005,0.012202238823825819,0.00047263233898234774,0.0009175955038386805,1.1233397452372921e-05,2.918951202775276e-05,0.00020266230368054527,0.00016778804176573875,0.0003745639411336654
E4_E2,chease_public,1088,libneo_Boozer,0.13475,8.476461561990135e-05,6.026734540241911e-05,5.84384162971574e-06,3.862718589431324e-09,0.0002380202168806618,0.0005175391964043657,1.630185874172144e-06,2.8542113378894795e-06,0.005739817020238402,0.009903646589551958,0.0006048147319273882,0.0011421816315878165,2.2688349682330787e-05,5.4814594841335186e-05,0.0004309790088654619,0.00036856895618350705,0.000502367628164635
E4_E2,chease_public,1088,libneo_Boozer,0.21925,0.00010078923566657412,7.167642613635618e-05,3.4435763206497327e-06,3.862718589431324e-09,0.0003507532441598539,0.0007772585751067794,1.382171158381731e-06,2.030618682682637e-06,0.00481735288792561,0.008354431434617272,0.0006247369831335527,0.0011666032907744447,2.8972470341975148e-05,6.635572154514038e-05,0.0005715439757016938,0.0005075638231405166,0.0005423035279482624
E4_E2,chease_public,1088,libneo_Boozer,0.30375,0.00011131117709735298,7.926754427169177e-05,5.663031031555299e-06,3.862718589431324e-09,0.00045083875528008685,0.001016373880371521,2.166058530871607e-06,3.101269818623902e-06,0.004072162380328099,0.007103556600261685,0.0006001092660976197,0.0011150967780092253,3.199124756065061e-05,6.942040395467061e-05,0.0006519860935600419,0.0006024651255182034,0.0005468387491374127
E4_E2,chease_public,1088,libneo_Boozer,0.38825,0.000117267997540623,8.363637090178007e-05,6.4748598596064966e-06,3.862718589431324e-09,0.0005419008626862809,0.0012315609662589537,2.040761496209858e-06,3.661603523973427e-06,0.00343534429559971,0.006141408152499943,0.000552883665535062,0.0010450076346477368,3.286258272459541e-05,6.80802733856372e-05,0.0006789784873615923,0.0006536093370902996,0.0005247052581
E4_E2,chease_public,1088,libneo_Boozer,0.47275,0.00011928261589539167,8.519531652856325e-05,6.539276863004595e-06,3.862718589431324e-09,0.0006255322702976526,0.0014091626602240645,3.3723253118206745e-06,4.691808889320135e-06,0.002869803728568305,0.005221471871478084,0.0004925465151297525,0.0009425887808192487,3.2513214287160606e-05,6.52664375156648e-05,0.000654930616551308,0.0006573714027361399,0.0004782071840070401
E4_E2,chease_public,1088,libneo_Boozer,0.55725,0.00011770105813684875,8.41765135930014e-05,7.3128232462860154e-06,3.862718589431324e-09,0.0007032704992832241,0.0015691364773772838,4.357147930352132e-06,6.093069234963868e-06,0.002359141789620328,0.004323273846553714,0.00042502250222380746,0.0008163882377567126,3.185796033495645e-05,6.539265522281857e-05,0.000599020916710491,0.0006272477808253463,0.00042024868457102293
E4_E2,chease_public,1088,libneo_Boozer,0.64175,0.00011281509507449721,8.077985518422058e-05,8.718623561998484e-06,3.862718589431324e-09,0.0007771086971247772,0.0017306165705483537,3.5534301986364684e-06,5.990216266052535e-06,0.0019035618438931659,0.0034453654614754197,0.0003559385325566984,0.0006738476174646332,3.166725420440952e-05,6.471090974726787e-05,0.0005229312214947157,0.000571420680665069,0.0003567300766764703
E4_E2,chease_public,1088,libneo_Boozer,0.72625,0.00010505176303072532,7.530648180552516e-05,9.952544394287166e-06,3.862718589431324e-09,0.0008482210283102797,0.001898930820278344,1.999822701809195e-06,3.571252611509735e-06,0.001510168056863524,0.002681794073621048,0.00029060636615712583,0.0005392891129308691,3.253614688403174e-05,6.277298326345978e-05,0.0004289319669251723,0.0004892037252617332,0.00028707134301086956
E4_E2,chease_public,1088,libneo_Boozer,0.81075,9.519475983879178e-05,6.832288359897802e-05,1.0747049235648731e-05,3.862718589431324e-09,0.0009175830242432579,0.002067671049644685,8.902032779407748e-07,1.2948056729664704e-06,0.0011972485229195548,0.0020546485651398495,0.00023555283323201627,0.0004224610092957935,3.483958992014498e-05,6.189971909065959e-05,0.0003158917392349636,0.00037608041094527866,0.00020886112402696
E4_E2,chease_public,1088,libneo_Boozer,0.89525,8.480307831810185e-05,6.0977665077229925e-05,1.3419902241684767e-05,3.862718589431324e-09,0.000986660468598948,0.0022170915472155203,7.162652463174931e-07,9.535178445908149e-07,0.0010076212933709373,0.0017229002472091957,0.0002016270738240487,0.00036063165076778654,3.8628422692921196e-05,6.863009639262824e-05,0.0001834301261988136,0.00022796079658682356,0.00012047187080366228
E4_E2,chease_public,1088,libneo_Boozer,0.97975,7.751441938129602e-05,5.6012554486899204e-05,1.4177718019148244e-05,3.862718589431324e-09,0.00106067881602511,0.002329016455163191,2.649416518306179e-07,7.19393409059103e-07,0.0009953386851549299,0.001810639036910403,0.00020169442601957594,0.000384476860180432,4.388999562606055e-05,7.959856934792543e-05,3.6445892978131944e-05,4.728412986876318e-05,2.388542700970664e-05
E4_E2,chease_public,1088,NEO_RT,0.05,,4.1542528289410755e-05,4.329413055503828e-05,,,,,,,,,,,,,,
E4_E2,chease_public,1088,NEO_RT,0.13454545454545455,,6.0233504519842025e-05,5.914035698051379e-06,,,,,,,,,,,,,,
E4_E2,chease_public,1088,NEO_RT,0.21909090909090911,,7.1658487259475e-05,3.4523865037883184e-06,,,,,,,,,,,,,,
E4_E2,chease_public,1088,NEO_RT,0.30363636363636365,,7.925971068888267e-05,5.654978763924845e-06,,,,,,,,,,,,,,
E4_E2,chease_public,1088,NEO_RT,0.3881818181818182,,8.363416114264967e-05,6.4713411814798505e-06,,,,,,,,,,,,,,
E4_E2,chease_public,1088,NEO_RT,0.4727272727272728,,8.519530293127193e-05,6.53880143364205e-06,,,,,,,,,,,,,,
E4_E2,chease_public,1088,NEO_RT,0.5572727272727274,,8.41758473178735e-05,7.313902795180738e-06,,,,,,,,,,,,,,
E4_E2,chease_public,1088,NEO_RT,0.641818181818182,,8.07761087006226e-05,8.72597398182684e-06,,,,,,,,,,,,,,
E4_E2,chease_public,1088,NEO_RT,0.7263636363636364,,7.529777815558789e-05,9.962972717159069e-06,,,,,,,,,,,,,,
E4_E2,chease_public,1088,NEO_RT,0.810909090909091,,6.830871087014072e-05,1.0751913238959965e-05,,,,,,,,,,,,,,
E4_E2,chease_public,1088,NEO_RT,0.8954545454545456,,6.096138317393021e-05,1.3402843208498716e-05,,,,,,,,,,,,,,
E4_E2,chease_public,1088,NEO_RT,0.9800000000000001,,5.6004897793796535e-05,1.4156133341880484e-05,,,,,,,,,,,,,,
E4_E2,chease_public,1088,NEO_2,0.05,,4.1542526654702924e-05,4.329413055925713e-05,,,,,,,,,,,,,,
E4_E2,chease_public,1088,NEO_2,0.13454545454545455,,6.023350453231991e-05,5.914035696497066e-06,,,,,,,,,,,,,,
E4_E2,chease_public,1088,NEO_2,0.21909090909090911,,7.165848722634545e-05,3.4523865071189874e-06,,,,,,,,,,,,,,
E4_E2,chease_public,1088,NEO_2,0.30363636363636365,,7.925971068528771e-05,5.654978762370533e-06,,,,,,,,,,,,,,
E4_E2,chease_public,1088,NEO_2,0.3881818181818182,,8.363416114124411e-05,6.471341188585278e-06,,,,,,,,,,,,,,
E4_E2,chease_public,1088,NEO_2,0.4727272727272728,,8.519530293613774e-05,6.538801433086938e-06,,,,,,,,,,,,,,
E4_E2,chease_public,1088,NEO_2,0.5572727272727274,,8.417584731476172e-05,7.313902792294158e-06,,,,,,,,,,,,,,
E4_E2,chease_public,1088,NEO_2,0.641818181818182,,8.077610866989023e-05,8.725973976941859e-06,,,,,,,,,,,,,,
E4_E2,chease_public,1088,NEO_2,0.7263636363636364,,7.529777817348978e-05,9.962972712496132e-06,,,,,,,,,,,,,,
E4_E2,chease_public,1088,NEO_2,0.810909090909091,,6.830871086947686e-05,1.075191323340885e-05,,,,,,,,,,,,,,
E4_E2,chease_public,1088,NEO_2,0.8954545454545456,,6.0961383201634474e-05,1.3402843208165649e-05,,,,,,,,,,,,,,
E4_E2,chease_public,1088,NEO_2,0.9800000000000001,,5.6004897825956275e-05,1.415613333832777e-05,,,,,,,,,,,,,,
E4_E2,chease_public,4224,libneo_Boozer,0.05025,1.171854757229668e-06,8.3386444268708e-07,7.450516776863481e-07,3.0910898285441135e-09,1.8148382518263678e-06,4.755736552761201e-06,4.851822857449802e-07,7.592359767753669e-07,0.00023651173724049745,0.00041825558781813436,1.5790928444427286e-05,3.146141995504344e-05,4.312561733999271e-07,1.0487201165388459e-06,4.4354081438768844e-06,3.5311845638097417e-06,7.876164154901888e-06
E4_E2,chease_public,4224,libneo_Boozer,0.13475,1.4550902957920936e-06,1.035290003998721e-06,1.6232752231282177e-07,3.0910898285441135e-09,3.231970722354788e-06,8.07810123001101e-06,5.194057275957387e-07,7.109389736328586e-07,0.00010846139475080154,0.00018704089605428302,1.1439925247652226e-05,2.1579320230503428e-05,5.41358100916355e-07,1.4700673293366258e-06,6.757799375922691e-06,5.7646962184632056e-06,7.852115670115012e-06
E4_E2,chease_public,4224,libneo_Boozer,0.21925,1.2187472384835098e-06,8.674196025400979e-07,1.1276991118691626e-08,3.0910898285441135e-09,4.518516450873811e-06,1.3264552146643215e-05,6.288598408949291e-07,1.03381400202648e-06,8.93877602928388e-05,0.0002181584755265934,1.1608602429428396e-05,3.046804530821521e-05,4.3649283267918147e-07,1.211407518609011e-06,9.745923769399756e-06,8.458528274857269e-06,9.032143315990115e-06
E4_E2,chease_public,4224,libneo_Boozer,0.30375,2.059453014622708e-06,1.4666941009435956e-06,7.327073414664653e-08,3.0910898285441135e-09,6.5673206859746285e-06,2.0374360126493373e-05,1.340478746564037e-06,2.2943824288676038e-06,0.00010858898452143344,0.0002665519688453109,1.6057051757191763e-05,4.185990803921056e-05,9.106232380600273e-07,2.3916354263716023e-06,1.3058643524466174e-05,1.1854839430835984e-05,1.0754823801861768e-05
E4_E2,chease_public,4224,libneo_Boozer,0.38825,2.2492690502138546e-06,1.6042615022724538e-06,4.4629592910183646e-08,3.0910898285441135e-09,8.693652969289761e-06,2.97924318877213e-05,1.92749213627123e-06,3.063931026249468e-06,0.0001468209663776895,0.00029949518811572443,2.3705442872111482e-05,5.097443392854937e-05,1.1085129222419206e-06,2.6450969628695057e-06,1.6409620966495453e-05,1.5570158684807822e-05,1.249404186287606e-05
E4_E2,chease_public,4224,libneo_Boozer,0.47275,2.859188485603077e-06,2.042110577925829e-06,4.228561056862645e-09,3.0910898285441135e-09,1.1588301563755057e-05,3.836490515777194e-05,1.7685950295575871e-06,2.4235124327265967e-06,0.00013363647753127447,0.0002883791033514466,2.3001678875996643e-05,5.2062518751202676e-05,1.2266312021937051e-06,2.856897682672063e-06,1.7811587245564198e-05,1.764618809008134e-05,1.2832199030032854e-05
E4_E2,chease_public,4224,libneo_Boozer,0.55725,2.9613175813983592e-06,2.1178308094184717e-06,6.273094599329454e-08,3.0910898285441135e-09,1.451149372734583e-05,4.946259588990777e-05,1.4483483355723534e-06,1.8327131223601823e-06,0.00013580201019432566,0.00030320192365597843,2.4506375958254907e-05,5.726209596984456e-05,1.209633043215101e-06,3.145856768828874e-06,1.8860023731304132e-05,1.951073166073236e-05,1.3068168340457653e-05
E4_E2,chease_public,4224,libneo_Boozer,0.64175,2.75188322765977e-06,1.970512412928311e-06,1.109921294872862e-07,3.0910898285441135e-09,1.606705887540879e-05,5.565139173172493e-05,1.2366026991335063e-06,1.9605985108090607e-06,0.00011407983261952808,0.00026593730584315375,2.1364973374684803e-05,5.20212131118006e-05,1.133463441176251e-06,2.9040705253676525e-06,1.6792910944585238e-05,1.813137622763694e-05,1.1316568792385517e-05
E4_E2,chease_public,4224,libneo_Boozer,0.72625,2.4631989567423668e-06,1.7658233888816506e-06,2.777718600688317e-07,3.0910898285441135e-09,1.870850015391083e-05,6.333513268369139e-05,6.373366534593778e-07,9.046385008653396e-07,8.684471826788508e-05,0.00019912861555271998,1.6723254648127308e-05,4.004439053444063e-05,9.851973541967364e-07,2.519323737221089e-06,1.4284088128313499e-05,1.610167050380973e-05,9.4470335934016e-06
E4_E2,chease_public,4224,libneo_Boozer,0.81075,2.1113376167644355e-06,1.515665161028204e-06,3.621498706474213e-07,3.0910898285441135e-09,2.0903847192074357e-05,7.223632478538167e-05,4.2255620393263853e-07,5.983803143805936e-07,6.352661916500768e-05,0.00015049129683116427,1.2505423725818037e-05,3.0947680762953544e-05,8.158469766299092e-07,2.080599267936177e-06,1.1017051391060129e-05,1.2970531431566457e-05,7.2024882616927854e-06
E4_E2,chease_public,4224,libneo_Boozer,0.89525,1.7112786810659793e-06,1.234177435573024e-06,1.5955368548592475e-07,3.0910898285441135e-09,2.3226307924898227e-05,7.328637879328584e-05,3.8052230681019355e-07,5.688931556844135e-07,3.8020476205597814e-05,8.53368037987524e-05,7.617091885926675e-06,1.7868309427205774e-05,6.958067499469331e-07,1.6261895334428682e-06,6.0518086587579845e-06,7.444886205076884e-06,3.934187014165147e-06
E4_E2,chease_public,4224,libneo_Boozer,0.97975,1.4766838453469074e-06,1.0887555128753836e-06,3.25912293819286e-07,3.0910898285441135e-09,8.219008059678085e-05,0.00028809922142831947,3.8751293974346536e-07,7.17824211227494e-07,2.1476083464212652e-05,4.745912623496996e-05,4.3684029306644455e-06,1.0079902017244229e-05,7.320602369654014e-07,1.6566204357259497e-06,4.501828506864314e-06,5.8091544009597484e-06,2.9344447143309083e-06
E4_E2,chease_public,4224,NEO_RT,0.05,,8.348832167722515e-07,6.516472195183809e-07,,,,,,,,,,,,,,
E4_E2,chease_public,4224,NEO_RT,0.13454545454545455,,1.0342114262112178e-06,1.615460807347091e-07,,,,,,,,,,,,,,
E4_E2,chease_public,4224,NEO_RT,0.21909090909090911,,8.668351397050783e-07,1.0314493148477766e-08,,,,,,,,,,,,,,
E4_E2,chease_public,4224,NEO_RT,0.30363636363636365,,1.4664686244721905e-06,7.340317065285262e-08,,,,,,,,,,,,,,
E4_E2,chease_public,4224,NEO_RT,0.3881818181818182,,1.6038970319300247e-06,4.507382089791179e-08,,,,,,,,,,,,,,
E4_E2,chease_public,4224,NEO_RT,0.4727272727272728,,2.042028142570312e-06,4.351525140222634e-09,,,,,,,,,,,,,,
E4_E2,chease_public,4224,NEO_RT,0.5572727272727274,,2.117814720747751e-06,6.269635433042708e-08,,,,,,,,,,,,,,
E4_E2,chease_public,4224,NEO_RT,0.641818181818182,,1.9703782498888734e-06,1.1098153995803273e-07,,,,,,,,,,,,,,
E4_E2,chease_public,4224,NEO_RT,0.7263636363636364,,1.765496628160977e-06,2.7439844618726283e-07,,,,,,,,,,,,,,
E4_E2,chease_public,4224,NEO_RT,0.810909090909091,,1.5151181356036295e-06,3.677177701222334e-07,,,,,,,,,,,,,,
E4_E2,chease_public,4224,NEO_RT,0.8954545454545456,,1.2332373214867488e-06,1.616229913237177e-07,,,,,,,,,,,,,,
E4_E2,chease_public,4224,NEO_RT,0.9800000000000001,,1.0878781060176793e-06,3.144687166223292e-07,,,,,,,,,,,,,,
E4_E2,chease_public,4224,NEO_2,0.05,,8.348828245282807e-07,6.51647216631801e-07,,,,,,,,,,,,,,
E4_E2,chease_public,4224,NEO_2,0.13454545454545455,,1.0342114162406754e-06,1.6154607784812924e-07,,,,,,,,,,,,,,
E4_E2,chease_public,4224,NEO_2,0.21909090909090911,,8.668351450661695e-07,1.0314489817808692e-08,,,,,,,,,,,,,,
E4_E2,chease_public,4224,NEO_2,0.30363636363636365,,1.4664686276922204e-06,7.3403174094544e-08,,,,,,,,,,,,,,
E4_E2,chease_public,4224,NEO_2,0.3881818181818182,,1.6038970257396238e-06,4.507383266627585e-08,,,,,,,,,,,,,,
E4_E2,chease_public,4224,NEO_2,0.4727272727272728,,2.0420281389277953e-06,4.351519367062906e-09,,,,,,,,,,,,,,
E4_E2,chease_public,4224,NEO_2,0.5572727272727274,,2.1178147209575385e-06,6.269634900135657e-08,,,,,,,,,,,,,,
E4_E2,chease_public,4224,NEO_2,0.641818181818182,,1.970378250231776e-06,1.1098153929189891e-07,,,,,,,,,,,,,,
E4_E2,chease_public,4224,NEO_2,0.7263636363636364,,1.7654966263982843e-06,2.7439844729748586e-07,,,,,,,,,,,,,,
E4_E2,chease_public,4224,NEO_2,0.810909090909091,,1.5151181191583753e-06,3.6771776912303267e-07,,,,,,,,,,,,,,
E4_E2,chease_public,4224,NEO_2,0.8954545454545456,,1.2332373383316217e-06,1.6162298743793713e-07,,,,,,,,,,,,,,
E4_E2,chease_public,4224,NEO_2,0.9800000000000001,,1.0878781328857801e-06,3.144687207301544e-07,,,,,,,,,,,,,,
E4_E2,chease_public,16640,libneo_Boozer,0.05025,1.6248999215181837e-08,1.1520287417717872e-08,1.5681470566519806e-08,4.08385492089991e-09,2.1010487089118147e-08,4.90876637618227e-08,1.5486994816055317e-09,4.9890815169335935e-09,1.290042800147833e-06,2.9700881848836956e-06,8.610424487223571e-08,2.234255456115129e-07,2.7937942242718886e-09,7.001917879408359e-09,4.88006988291767e-08,5.200515745817924e-08,1.1599746527202193e-07
E4_E2,chease_public,16640,libneo_Boozer,0.13475,2.137307947794455e-08,1.7940827102704227e-08,8.427366804397707e-09,4.08385492089991e-09,4.888595547531829e-08,1.1522051521537721e-07,6.8934901872821055e-09,7.521611648819726e-09,1.0724978995204636e-06,2.8554160235347637e-06,1.1321360421005707e-07,3.2941820302197896e-07,8.393235488427455e-09,1.5359271011953308e-08,9.863184749492326e-08,7.061913562256272e-08,9.618958957124946e-08
E4_E2,chease_public,16640,libneo_Boozer,0.21925,1.904481349910318e-08,1.4026671859872122e-08,1.1276991118691626e-08,4.08385492089991e-09,7.321308745950485e-08,1.7302340969614684e-07,9.536754014233482e-10,2.5013449346465727e-09,9.18711361603421e-07,2.2740623124287122e-06,1.1914257368621297e-07,3.175969839122504e-07,4.88420792128444e-09,1.3967576809409197e-08,1.2954030931267013e-07,1.0794668486857617e-07,1.152682144733852e-07
E4_E2,chease_public,16640,libneo_Boozer,0.30375,2.447235523707315e-08,1.9711842703945912e-08,1.1167211599882876e-08,4.08385492089991e-09,1.2171807095288604e-07,4.686130956646293e-07,1.820787998198469e-08,4.16701080612938e-08,8.54234707618868e-07,1.9370116498548986e-06,1.271659599143153e-07,3.045550644445862e-07,1.9934316618529696e-08,4.752555856177185e-08,2.987419447375572e-07,2.880352759082605e-07,2.613109707505501e-07
E4_E2,chease_public,16640,libneo_Boozer,0.38825,2.344298638223318e-08,1.7772287154961456e-08,9.39522637466439e-09,4.08385492089991e-09,1.2781346086801439e-07,2.6995753986718665e-07,1.1489216738716191e-08,1.7242442374403397e-08,6.882772870160407e-07,1.590229732453874e-06,1.1134844575345178e-07,2.707985756512215e-07,1.2712070974437283e-08,2.2609680849938865e-08,1.504500021232147e-07,1.4121601649152993e-07,1.1331783489332281e-07
E4_E2,chease_public,16640,libneo_Boozer,0.47275,2.986896356110248e-08,2.21097813620062e-08,3.253294456051492e-08,4.08385492089991e-09,1.5549445693603196e-07,3.1043853031924924e-07,1.0797003168867527e-08,3.045280737140771e-08,5.954712620422096e-07,1.4558966962614058e-06,1.0275083208291499e-07,2.6295168486316535e-07,9.829694749651422e-09,2.206817186656804e-08,1.4559651784207261e-07,1.3250147290477798e-07,9.63551454180589e-08
E4_E2,chease_public,16640,libneo_Boozer,0.55725,2.2825956752240972e-08,1.6665025596211088e-08,5.190110341501963e-09,4.08385492089991e-09,1.673564038666959e-07,4.349582436752367e-07,6.016196463903735e-09,2.1662410819592396e-08,4.855768646176863e-07,1.117978342932307e-06,8.767732684685016e-08,2.1112434601454182e-07,6.452175456817141e-09,1.2885115041996601e-08,1.6705895444779628e-07,1.6191560925360449e-07,1.0845102282885932e-07
E4_E2,chease_public,16640,libneo_Boozer,0.64175,2.5356017946604593e-08,1.9017326908034353e-08,1.090252055302443e-08,4.08385492089991e-09,2.5561807522216876e-07,1.006679454298237e-06,1.3725053311998234e-08,5.866697108088614e-08,4.976221811815886e-07,9.397925051471777e-07,9.401619938899361e-08,1.8653482096988444e-07,1.0282901039374163e-08,3.2028410437068e-08,3.0296571773558156e-07,3.3865898230178715e-07,2.1137310246555074e-07
E4_E2,chease_public,16640,libneo_Boozer,0.72625,4.3844817113466176e-08,3.531054678746856e-08,4.791537622228503e-08,4.08385492089991e-09,7.028403239768617e-07,4.0078252780379526e-06,3.974196595415986e-08,1.4678105784111943e-07,9.418817610767393e-07,2.2944718217117397e-06,1.8539490761852742e-07,4.7484536941750384e-07,2.0828681421229725e-08,5.033050807812693e-08,9.034773216232139e-07,1.0308256352953293e-06,6.048007151759904e-07
E4_E2,chease_public,16640,libneo_Boozer,0.81075,1.864072245744105e-08,3.918359351142043e-08,1.3073875981817196e-08,4.08385492089991e-09,1.1806683916392464e-06,4.414995282953731e-06,6.743194740487042e-08,1.4438775225780902e-07,1.8447416225008683e-06,1.943056417645287e-06,3.6891671125656446e-07,4.036577615379436e-07,3.012615236224372e-08,7.64997167341934e-08,6.739673682476521e-07,7.913589610275551e-07,4.3944036243193096e-07
E4_E2,chease_public,16640,libneo_Boozer,0.89525,2.3395210161044355e-08,8.897247196871458e-08,2.2847229663724988e-08,4.08385492089991e-09,5.718158799926658e-06,2.239206959121685e-05,1.5438177131572076e-07,2.9721641220843063e-07,4.2126146946232226e-06,4.868389280042699e-06,8.564150203039966e-07,1.0234491969054875e-06,7.117967103538961e-08,1.817435789108459e-07,1.8492933407943113e-06,2.2852263461548006e-06,1.2076117749115767e-06
E4_E2,chease_public,16640,libneo_Boozer,0.97975,2.4669102602921404e-08,1.8705044463704275e-07,7.2973815878896175e-09,4.08385492089991e-09,6.817712694133839e-05,0.000244630174229186,3.458737899261637e-07,6.642942705199619e-07,8.858954514309786e-06,9.391870977811289e-06,1.8268406976927812e-06,2.018799574490323e-06,1.562523381235222e-07,4.1298589274276893e-07,3.822081115267828e-06,4.9286796152125945e-06,2.489679839401404e-06
E4_E2,chease_public,16640,NEO_RT,0.05,,1.1338393571263077e-08,4.931063335433805e-09,,,,,,,,,,,,,,
E4_E2,chease_public,16640,NEO_RT,0.13454545454545455,,1.5868063313742192e-08,1.2337743160450998e-08,,,,,,,,,,,,,,
E4_E2,chease_public,16640,NEO_RT,0.21909090909090911,,1.4692971772151031e-08,9.116379429130461e-09,,,,,,,,,,,,,,
E4_E2,chease_public,16640,NEO_RT,0.30363636363636365,,1.9149656733570425e-08,9.654525401359138e-09,,,,,,,,,,,,,,
E4_E2,chease_public,16640,NEO_RT,0.3881818181818182,,1.73149729801964e-08,8.368332138353196e-09,,,,,,,,,,,,,,
E4_E2,chease_public,16640,NEO_RT,0.4727272727272728,,2.214279995807886e-08,3.249421809403685e-08,,,,,,,,,,,,,,
E4_E2,chease_public,16640,NEO_RT,0.5572727272727274,,1.6566565582114432e-08,5.664329338905816e-09,,,,,,,,,,,,,,
E4_E2,chease_public,16640,NEO_RT,0.641818181818182,,1.8956474573151776e-08,1.0306616227140353e-08,,,,,,,,,,,,,,
E4_E2,chease_public,16640,NEO_RT,0.7263636363636364,,3.543474828225683e-08,4.9121542500252247e-08,,,,,,,,,,,,,,
E4_E2,chease_public,16640,NEO_RT,0.810909090909091,,3.9198754209387584e-08,1.1736842386866897e-08,,,,,,,,,,,,,,
E4_E2,chease_public,16640,NEO_RT,0.8954545454545456,,8.892589945214865e-08,1.650470815572902e-08,,,,,,,,,,,,,,
E4_E2,chease_public,16640,NEO_RT,0.9800000000000001,,1.8761474265567674e-07,6.824545817352146e-09,,,,,,,,,,,,,,
E4_E2,chease_public,16640,NEO_2,0.05,,1.1339265135033604e-08,4.9310653338352495e-09,,,,,,,,,,,,,,
E4_E2,chease_public,16640,NEO_2,0.13454545454545455,,1.5868190727614928e-08,1.2337737276268967e-08,,,,,,,,,,,,,,
E4_E2,chease_public,16640,NEO_2,0.21909090909090911,,1.4692972151191396e-08,9.116377874818227e-09,,,,,,,,,,,,,,
E4_E2,chease_public,16640,NEO_2,0.30363636363636365,,1.9149658772414546e-08,9.654532062697285e-09,,,,,,,,,,,,,,
E4_E2,chease_public,16640,NEO_2,0.3881818181818182,,1.7314822374581606e-08,8.368347792497843e-09,,,,,,,,,,,,,,
E4_E2,chease_public,16640,NEO_2,0.4727272727272728,,2.214280014982658e-08,3.249421798301455e-08,,,,,,,,,,,,,,
E4_E2,chease_public,16640,NEO_2,0.5572727272727274,,1.6566571907815513e-08,5.664327229482069e-09,,,,,,,,,,,,,,
E4_E2,chease_public,16640,NEO_2,0.641818181818182,,1.8956465628996797e-08,1.0306620445987846e-08,,,,,,,,,,,,,,
E4_E2,chease_public,16640,NEO_2,0.7263636363636364,,3.5434776709221296e-08,4.912154571989902e-08,,,,,,,,,,,,,,
E4_E2,chease_public,16640,NEO_2,0.810909090909091,,3.9198744018171984e-08,1.1736836835751774e-08,,,,,,,,,,,,,,
E4_E2,chease_public,16640,NEO_2,0.8954545454545456,,8.892590754624204e-08,1.650471137537579e-08,,,,,,,,,,,,,,
E4_E2,chease_public,16640,NEO_2,0.9800000000000001,,1.8761475214846357e-07,6.824543818950701e-09,,,,,,,,,,,,,,
E4_E2,chease_public,66048,libneo_Boozer,0.05025,1.357871291517731e-08,9.616813510912386e-09,1.40887195243522e-08,8.773125448335861e-09,1.1862557518995881e-08,2.1611126643018803e-08,1.8425015643663776e-09,3.382660218693935e-09,4.1733948015640783e-07,1.0473604761797208e-06,2.7911554923819242e-08,7.880924240135933e-08,2.6485543092806187e-09,7.48444730558702e-09,1.578494658593943e-08,2.5436477167628535e-08,5.6736036035953674e-08
E4_E2,chease_public,66048,libneo_Boozer,0.13475,1.4896555157047325e-08,1.4256910581122547e-08,7.0958026121559215e-09,8.773125448335861e-09,1.3274468506977603e-08,4.755411782354363e-08,7.119927813014847e-09,2.4270002755427733e-08,1.799708187534562e-07,5.921250729874451e-07,2.0241671867179233e-08,6.973815765305626e-08,7.414012341328772e-09,2.3389359639331708e-08,3.2304969116436766e-08,4.1462854122320536e-08,5.647611894810112e-08
E4_E2,chease_public,66048,libneo_Boozer,0.21925,7.769379614062673e-09,6.665661072860657e-09,1.1276991118691626e-08,8.773125448335861e-09,2.154597815319634e-08,6.173579602571376e-08,1.7064787081008596e-09,8.00288849192711e-09,1.0108487255935775e-07,2.5755555896118225e-07,1.321747723251698e-08,3.60267405661207e-08,2.2733218833793664e-09,1.0392076840660499e-08,3.893236427687796e-08,4.718644666668048e-08,5.0386883887476586e-08
E4_E2,chease_public,66048,libneo_Boozer,0.30375,7.411586088620006e-09,6.42153459923355e-09,5.7203786152371094e-09,8.773125448335861e-09,4.3106822730356494e-08,1.1330571930593559e-07,5.182128707526776e-09,1.0030796477175305e-08,1.1748272454148572e-07,2.8972209052547255e-07,1.8055627736869394e-08,4.558642463685039e-08,5.747811883977247e-09,1.1463205059763079e-08,6.703018973208685e-08,7.299568943741619e-08,6.622303827530374e-08
E4_E2,chease_public,66048,libneo_Boozer,0.38825,1.197734378044784e-08,1.0421654222687e-08,8.221957559229054e-09,8.773125448335861e-09,4.295455417886598e-08,1.7942042880051095e-07,1.1521754458784626e-08,1.9863552182565674e-08,1.5587307984391775e-07,4.875959082787202e-07,2.7542878368484324e-08,8.313136069761475e-08,1.2306864744022852e-08,2.2907826048454096e-08,9.402518363899048e-08,9.991407651233075e-08,8.017537111992823e-08
E4_E2,chease_public,66048,libneo_Boozer,0.47275,1.244052777703689e-08,1.102084585371941e-08,4.228561056862645e-09,8.773125448335861e-09,8.668079170921968e-08,3.831591906517781e-07,8.543531392932509e-09,1.2034842915866913e-08,1.352346179997431e-07,4.0108548880441347e-07,2.4688867617567822e-08,7.250621218998317e-08,8.707896473278019e-09,2.1715883297413064e-08,1.738799736417107e-07,1.8174718591223993e-07,1.321666774911634e-07
E4_E2,chease_public,66048,libneo_Boozer,0.55725,8.406971430119733e-09,6.821761270228129e-09,5.190110341501963e-09,8.773125448335861e-09,6.151030964846433e-08,1.2375228814931128e-07,6.057275693957538e-09,2.2828039712052454e-08,9.66685946344628e-08,2.87708362357844e-07,1.8406023309507255e-08,5.833190871492267e-08,4.204393697098603e-09,8.969858088136547e-09,5.057491747617604e-08,4.512552065349951e-08,3.0225060787536506e-08
E4_E2,chease_public,66048,libneo_Boozer,0.64175,5.576736426944239e-09,6.866367360177638e-09,1.090252055302443e-08,8.773125448335861e-09,7.690477383783147e-08,3.0044046679292745e-07,8.824581878560576e-09,1.9174790123697685e-08,2.392033474143771e-07,2.8532969435369944e-07,4.555813034848332e-08,5.616134940068836e-08,4.646670250697025e-09,1.1357794956277057e-08,8.802286488585054e-08,1.0146036055758145e-07,6.332620816618117e-08
E4_E2,chease_public,66048,libneo_Boozer,0.72625,9.634577921367274e-09,1.5821372035911258e-08,6.123276996561344e-09,8.773125448335861e-09,3.518126095216568e-07,1.7831143215360155e-06,2.7197575486709767e-08,5.918510441577135e-08,7.244389711820263e-07,1.1216443528200062e-06,1.4193589838327366e-07,2.2984274557028524e-07,1.7390263632761445e-08,3.9431738080371933e-08,4.0027175352008726e-07,4.5782075575040437e-07,2.686101862048318e-07
E4_E2,chease_public,66048,libneo_Boozer,0.81075,3.0877756219139712e-09,3.687052425446571e-08,8.743381796350036e-09,8.773125448335861e-09,1.1432551866162243e-06,3.6735490351365635e-06,6.803119188722355e-08,1.3254604350799866e-07,1.8308936794224193e-06,1.9037449242121563e-06,3.663431382299152e-07,3.968232421932326e-07,3.230859919912905e-08,7.991356161609826e-08,5.590546746647718e-07,6.634335032451588e-07,3.6840372596991244e-07
E4_E2,chease_public,66048,libneo_Boozer,0.89525,1.9138252740019384e-08,8.846314610061456e-08,2.2721597270347615e-08,8.773125448335861e-09,5.224435126221835e-06,1.8126495254103816e-05,1.6891878376452772e-07,4.153115287646804e-07,4.235767458724936e-06,4.549505998490386e-06,8.635916140814989e-07,9.684129748284717e-07,7.282076019341577e-08,2.2057995746067664e-07,1.4979318188057533e-06,1.8479829012596483e-06,9.765524274785164e-07
E4_E2,chease_public,66048,libneo_Boozer,0.97975,1.1412060573718532e-08,1.863441941979494e-07,7.2973815878896175e-09,8.773125448335861e-09,6.815981345310271e-05,0.00024847209798080616,3.4684792680592576e-07,6.731020571993364e-07,8.863848468022459e-06,9.32127124325451e-06,1.8279921970236943e-06,1.9932387067320337e-06,1.5714542398667342e-07,4.412607864169935e-07,3.882031506918793e-06,5.006023718001629e-06,2.528749593277979e-06
E4_E2,chease_public,66048,NEO_RT,0.05,,1.1679132342920949e-08,9.005423295960213e-09,,,,,,,,,,,,,,
E4_E2,chease_public,66048,NEO_RT,0.13454545454545455,,1.1446695551609207e-08,2.823658862283196e-09,,,,,,,,,,,,,,
E4_E2,chease_public,66048,NEO_RT,0.21909090909090911,,7.959984813115686e-09,1.2868605736571226e-08,,,,,,,,,,,,,,
E4_E2,chease_public,66048,NEO_RT,0.30363636363636365,,5.007248786720938e-09,7.466256835009233e-09,,,,,,,,,,,,,,
E4_E2,chease_public,66048,NEO_RT,0.3881818181818182,,1.1143078694894024e-08,9.284051749602895e-09,,,,,,,,,,,,,,
E4_E2,chease_public,66048,NEO_RT,0.4727272727272728,,1.0972032320998973e-08,4.198443148695219e-09,,,,,,,,,,,,,,
E4_E2,chease_public,66048,NEO_RT,0.5572727272727274,,6.578445083799338e-09,5.668225222521528e-09,,,,,,,,,,,,,,
E4_E2,chease_public,66048,NEO_RT,0.641818181818182,,6.672866765276484e-09,9.55341583619429e-09,,,,,,,,,,,,,,
E4_E2,chease_public,66048,NEO_RT,0.7263636363636364,,1.6025278444782512e-08,6.734203195080113e-09,,,,,,,,,,,,,,
E4_E2,chease_public,66048,NEO_RT,0.810909090909091,,3.6887552948417353e-08,5.850152806630149e-09,,,,,,,,,,,,,,
E4_E2,chease_public,66048,NEO_RT,0.8954545454545456,,8.824632514745733e-08,1.9905211257054134e-08,,,,,,,,,,,,,,
E4_E2,chease_public,66048,NEO_RT,0.9800000000000001,,1.8684694253659133e-07,6.882284520060011e-09,,,,,,,,,,,,,,
E4_E2,chease_public,66048,NEO_2,0.05,,1.1679310075250805e-08,9.005422740848701e-09,,,,,,,,,,,,,,
E4_E2,chease_public,66048,NEO_2,0.13454545454545455,,1.1446838896989924e-08,2.8236579741047763e-09,,,,,,,,,,,,,,
E4_E2,chease_public,66048,NEO_2,0.21909090909090911,,7.960047292445073e-09,1.2868606735771948e-08,,,,,,,,,,,,,,
E4_E2,chease_public,66048,NEO_2,0.30363636363636365,,5.007177740869824e-09,7.466262164079751e-09,,,,,,,,,,,,,,
E4_E2,chease_public,66048,NEO_2,0.3881818181818182,,1.1142843211964953e-08,9.284037316703575e-09,,,,,,,,,,,,,,
E4_E2,chease_public,66048,NEO_2,0.4727272727272728,,1.0972030517282927e-08,4.198444925052058e-09,,,,,,,,,,,,,,
E4_E2,chease_public,66048,NEO_2,0.5572727272727274,,6.578453545889494e-09,5.6682176730049605e-09,,,,,,,,,,,,,,
E4_E2,chease_public,66048,NEO_2,0.641818181818182,,6.672865296468769e-09,9.553418278684944e-09,,,,,,,,,,,,,,
E4_E2,chease_public,66048,NEO_2,0.7263636363636364,,1.6025291290744542e-08,6.734206303704582e-09,,,,,,,,,,,,,,
E4_E2,chease_public,66048,NEO_2,0.810909090909091,,3.6887554575132e-08,5.850152584585544e-09,,,,,,,,,,,,,,
E4_E2,chease_public,66048,NEO_2,0.8954545454545456,,8.824633539711023e-08,1.990521059092032e-08,,,,,,,,,,,,,,
E4_E2,chease_public,66048,NEO_2,0.9800000000000001,,1.8684694255029563e-07,6.882281633480147e-09,,,,,,,,,,,,,,
E4_E2,chease_mars,1088,libneo_Boozer,0.05025,5.834855469534822e-05,4.1628831302846474e-05,4.3928641196400164e-05,1.205986777108592e-08,0.00010391800228676704,0.00021749635595786441,1.2784810885832643e-06,2.204886142613021e-06,0.007087664402973228,0.012212083305198136,0.00047301122477547646,0.0009183362773873195,1.125249970225064e-05,2.9240143825121275e-05,0.00020197108794348106,0.00016779025381158386,0.000374568883357157
E4_E2,chease_mars,1088,libneo_Boozer,0.13475,8.479754573481596e-05,6.0290662713981376e-05,5.968028451208696e-06,1.205986777108592e-08,0.00023802715499542822,0.0005173748268635778,1.6359508304115555e-06,2.858037668875821e-06,0.005741042430972371,0.00991066841110751,0.000604943850619577,0.0011429914139963386,2.2690826234081052e-05,5.484715421811991e-05,0.00043023125798841155,0.00036845938670374,0.0005022181802413206
E4_E2,chease_mars,1088,libneo_Boozer,0.21925,0.0001008326668780381,7.170765166216101e-05,3.55690655717833e-06,1.205986777108592e-08,0.000350762447056338,0.0007769840731432635,1.3845158086718928e-06,2.0371824088303213e-06,0.00481825011613982,0.008359722296761195,0.000624853345845744,0.001167341991314342,2.8979368004933775e-05,6.641210945674891e-05,0.0005708031584541473,0.000507390602424107,0.0005421183440481037
E4_E2,chease_mars,1088,libneo_Boozer,0.30375,0.00011136352403677476,7.930481854730047e-05,5.67991842992388e-06,1.205986777108592e-08,0.00045085176520399446,0.0010160372853173188,2.1667169786243407e-06,3.1134376962930146e-06,0.004072943746315491,0.007107143727455303,0.00060022440992135,0.0011156598043860955,3.1998989643814774e-05,6.947107785287947e-05,0.0006513002198687001,0.0006022705422884522,0.0005466620443475012
E4_E2,chease_mars,1088,libneo_Boozer,0.38825,0.00011732798063933213,8.367915130599801e-05,6.457242903490368e-06,1.205986777108592e-08,0.0005419262820354644,0.001231108083256251,2.0413241526444377e-06,3.6736124533865194e-06,0.003436054952881868,0.006144738239621977,0.0005529980435114456,0.0010455742097572225,3.2870210177006437e-05,6.811286180363036e-05,0.0006783249388446211,0.0006533734967004712,0.0005245158501253622
E4_E2,chease_mars,1088,libneo_Boozer,0.47275,0.00011934663646898356,8.524104168279185e-05,6.539276863004595e-06,1.205986777108592e-08,0.0006255762139489849,0.001408617530452603,3.371338465191625e-06,4.688106257875794e-06,0.002870429506909788,0.005224141163268597,0.0004926538996905472,0.0009430705904784823,3.2522314263298366e-05,6.530873976736185e-05,0.0006543367884530582,0.0006571208000149542,0.00047802481874303915
E4_E2,chease_mars,1088,libneo_Boozer,0.55725,0.00011776650564752079,8.422331928776235e-05,7.3128232462860154e-06,1.205986777108592e-08,0.0007033274356442329,0.0015686630890009352,4.358942418466214e-06,6.100692860624523e-06,0.0023596731811175004,0.004325492780118333,0.0004251182456654354,0.0008168072055708826,3.1865016430826955e-05,6.543227800130571e-05,0.0005985606623561956,0.0006270614344167091,0.00042012379950207013
E4_E2,chease_mars,1088,libneo_Boozer,0.64175,0.00011287807210171109,8.082494840006172e-05,8.738641136707415e-06,1.205986777108592e-08,0.000777172945554183,0.0017302581689553685,3.5531039477395715e-06,5.947559478594155e-06,0.0019039886106877772,0.003447070626766728,0.0003560182981809898,0.0006741810618162123,3.167135888290502e-05,6.475601117735238e-05,0.0005226017902080216,0.0005713044306094872,0.00035665748720214996
E4_E2,chease_mars,1088,libneo_Boozer,0.72625,0.00010510806890412627,7.534684225480151e-05,9.952544394287166e-06,1.205986777108592e-08,0.0008482805725365263,0.001898317679166791,2.00229599032096e-06,3.622176211381486e-06,0.0015105147144262945,0.002683250921337528,0.00029067308353217627,0.0005395820642580619,3.2537873787609756e-05,6.280713259065095e-05,0.000428628045188284,0.0004890475819046003,0.0002869797005503605
E4_E2,chease_mars,1088,libneo_Boozer,0.81075,9.524115221563127e-05,6.835616596942735e-05,1.0747049235648731e-05,1.205986777108592e-08,0.0009176918367830959,0.002066799771305166,8.900942855412817e-07,1.297157789629402e-06,0.0011974995008765257,0.0020556896535270292,0.00023560221153345572,0.00042267506547404693,3.483976792713917e-05,6.188108790469596e-05,0.0003156466496060384,0.0003759229969586553,0.0002087736919946792
E4_E2,chease_mars,1088,libneo_Boozer,0.89525,8.483262520336888e-05,6.0998862815129295e-05,1.3374334635884999e-05,1.205986777108592e-08,0.0009866087615389046,0.002216224056603204,7.183488581170041e-07,9.5230653581663e-07,0.0010078318070728379,0.0017239689449869034,0.00020166921107762022,0.0003608553541592788,3.862503389828759e-05,6.854873453464606e-05,0.00018329771777692017,0.00022787183240968734,0.00012042485235508327
E4_E2,chease_mars,1088,libneo_Boozer,0.97975,7.75252871384481e-05,5.602032624026096e-05,1.4177718019148244e-05,1.205986777108592e-08,0.0010608363935596201,0.0023277471514821894,2.647232766207742e-07,7.31533414558633e-07,0.0009955096299298525,0.0018116203642217798,0.0002017290652611323,0.0003846852372467507,4.388687512422562e-05,7.954880982756574e-05,3.641454466773997e-05,4.7259057848525465e-05,2.3872761806154053e-05
E4_E2,chease_mars,1088,NEO_RT,0.05,,4.155028109403776e-05,4.4107329177478505e-05,,,,,,,,,,,,,,
E4_E2,chease_mars,1088,NEO_RT,0.13454545454545455,,6.0256233300543625e-05,6.013686174588528e-06,,,,,,,,,,,,,,
E4_E2,chease_mars,1088,NEO_RT,0.21909090909090911,,7.168972851307843e-05,3.571691434278712e-06,,,,,,,,,,,,,,
E4_E2,chease_mars,1088,NEO_RT,0.30363636363636365,,7.929694880573909e-05,5.671168796905768e-06,,,,,,,,,,,,,,
E4_E2,chease_mars,1088,NEO_RT,0.3881818181818182,,8.367694702189138e-05,6.453540552842085e-06,,,,,,,,,,,,,,
E4_E2,chease_mars,1088,NEO_RT,0.4727272727272728,,8.524102498993347e-05,6.539253499471265e-06,,,,,,,,,,,,,,
E4_E2,chease_mars,1088,NEO_RT,0.5572727272727274,,8.422265691255013e-05,7.3137409243306806e-06,,,,,,,,,,,,,,
E4_E2,chease_mars,1088,NEO_RT,0.641818181818182,,8.08211955252886e-05,8.743062831384485e-06,,,,,,,,,,,,,,
E4_E2,chease_mars,1088,NEO_RT,0.7263636363636364,,7.533815434143724e-05,9.964395113359892e-06,,,,,,,,,,,,,,
E4_E2,chease_mars,1088,NEO_RT,0.810909090909091,,6.834200949542898e-05,1.0760242079244087e-05,,,,,,,,,,,,,,
E4_E2,chease_mars,1088,NEO_RT,0.8954545454545456,,6.0982552564318845e-05,1.3361320948312994e-05,,,,,,,,,,,,,,
E4_E2,chease_mars,1088,NEO_RT,0.9800000000000001,,5.601296192181209e-05,1.4156191904701743e-05,,,,,,,,,,,,,,
E4_E2,chease_mars,1088,NEO_2,0.05,,4.155028893388756e-05,4.410732917436988e-05,,,,,,,,,,,,,,
E4_E2,chease_mars,1088,NEO_2,0.13454545454545455,,6.025623404775377e-05,6.013686175920796e-06,,,,,,,,,,,,,,
E4_E2,chease_mars,1088,NEO_2,0.21909090909090911,,7.1689728440678e-05,3.5716914377204034e-06,,,,,,,,,,,,,,
E4_E2,chease_mars,1088,NEO_2,0.30363636363636365,,7.929694880361771e-05,5.671168793242032e-06,,,,,,,,,,,,,,
E4_E2,chease_mars,1088,NEO_2,0.3881818181818182,,8.367694700744294e-05,6.453540555728665e-06,,,,,,,,,,,,,,
E4_E2,chease_mars,1088,NEO_2,0.4727272727272728,,8.524102499097819e-05,6.539253504023179e-06,,,,,,,,,,,,,,
E4_E2,chease_mars,1088,NEO_2,0.5572727272727274,,8.422265691658559e-05,7.313740919667744e-06,,,,,,,,,,,,,,
E4_E2,chease_mars,1088,NEO_2,0.641818181818182,,8.082119549855886e-05,8.743062832716753e-06,,,,,,,,,,,,,,
E4_E2,chease_mars,1088,NEO_2,0.7263636363636364,,7.53381543293362e-05,9.96439511036229e-06,,,,,,,,,,,,,,
E4_E2,chease_mars,1088,NEO_2,0.810909090909091,,6.834200951958177e-05,1.0760242082241689e-05,,,,,,,,,,,,,,
E4_E2,chease_mars,1088,NEO_2,0.8954545454545456,,6.098255259088695e-05,1.3361320950422417e-05,,,,,,,,,,,,,,
E4_E2,chease_mars,1088,NEO_2,0.9800000000000001,,5.601296191166415e-05,1.4156191907366278e-05,,,,,,,,,,,,,,
E4_E2,chease_mars,4224,libneo_Boozer,0.05025,1.1646324163169276e-06,8.287750871026056e-07,6.557409828467087e-07,3.5196316972019304e-09,1.8214767935490182e-06,4.77015594688201e-06,4.913628817934418e-07,7.697929982547321e-07,0.00023838719725880533,0.00042078728069400737,1.5916217534449524e-05,3.165186353185325e-05,4.3273403314432266e-07,1.0697410865632683e-06,4.439051928900595e-06,3.538825220292252e-06,7.893206029702116e-06
E4_E2,chease_mars,4224,libneo_Boozer,0.13475,1.455449243486711e-06,1.0355438028723302e-06,8.471165657830682e-08,3.5196316972019304e-09,3.237337314669874e-06,8.095828615521282e-06,5.20067946089393e-07,7.109060945075117e-07,0.0001085440662575332,0.00018734769863934208,1.1448657235113803e-05,2.1614449932838142e-05,5.388314957793578e-07,1.4648925941898165e-06,6.78137545628843e-06,5.779254910659448e-06,7.871946335336055e-06
E4_E2,chease_mars,4224,libneo_Boozer,0.21925,1.217182902710747e-06,8.663092455619386e-07,4.913155882135811e-09,3.5196316972019304e-09,4.516062651225523e-06,1.3264915661899184e-05,6.296491261013762e-07,1.0352944801124616e-06,8.940717960681718e-05,0.0002182752168435595,1.1611159081135595e-05,3.048434924817509e-05,4.36541370878733e-07,1.208182896827096e-06,9.738441699602696e-06,8.456449924337806e-06,9.029924043557624e-06
E4_E2,chease_mars,4224,libneo_Boozer,0.30375,2.060415337891266e-06,1.4673793355464854e-06,5.63831462629949e-08,3.5196316972019304e-09,6.5732256878130175e-06,2.038418559642902e-05,1.3432489517149476e-06,2.3200482095525726e-06,0.00010865400409309531,0.000266667078626755,1.6066826885696875e-05,4.1877957663502256e-05,9.118690824376438e-07,2.396707952693802e-06,1.3058191348225279e-05,1.1858139068066098e-05,1.0757817235029776e-05
E4_E2,chease_mars,4224,libneo_Boozer,0.38825,2.250865898455941e-06,1.6054005197290855e-06,4.4629592910183646e-08,3.5196316972019304e-09,8.697051492989678e-06,2.9801179767339528e-05,1.928141402299878e-06,3.0669794703199776e-06,0.00014690895851805292,0.0002996687774835523,2.3719609816406357e-05,5.100405176440991e-05,1.1094345756179015e-06,2.645570622648354e-06,1.6408638530862607e-05,1.5572219288662037e-05,1.2495695347114477e-05
E4_E2,chease_mars,4224,libneo_Boozer,0.47275,2.860305305160119e-06,2.042908368797469e-06,4.228561056862645e-09,3.5196316972019304e-09,1.1577802108732586e-05,3.840833128934343e-05,1.7684630942928716e-06,2.4203203329158387e-06,0.0001336927536542799,0.0002884555283033717,2.3011298411214075e-05,5.2076281183628736e-05,1.2265453255792323e-06,2.8430296955541806e-06,1.7826867645842626e-05,1.7664048424403944e-05,1.2845186833532196e-05
E4_E2,chease_mars,4224,libneo_Boozer,0.55725,2.9629435003222104e-06,2.118993521710296e-06,6.273094599329454e-08,3.5196316972019304e-09,1.4520851638901654e-05,4.94589025634815e-05,1.4479841369658795e-06,1.832077990768115e-06,0.0001358310094938857,0.0003032524364433843,2.4511570574433156e-05,5.7271676022801073e-05,1.2097340443386083e-06,3.1466414759498664e-06,1.885459837425163e-05,1.9507073904856398e-05,1.3065718419524863e-05
E4_E2,chease_mars,4224,libneo_Boozer,0.64175,2.7534259434887583e-06,1.9715632787504592e-06,1.5102796768751148e-07,3.5196316972019304e-09,1.608163357290741e-05,5.560727959660654e-05,1.2381155126110042e-06,1.9383691122641194e-06,0.00011408896458159908,0.0002659891653249843,2.136676226473454e-05,5.2030972407947656e-05,1.1354722747399762e-06,2.930191632933319e-06,1.677641790209794e-05,1.8115212305547246e-05,1.1306480267259111e-05
E4_E2,chease_mars,4224,libneo_Boozer,0.72625,2.464020623074196e-06,1.7664126988767615e-06,2.9866789863497445e-07,3.5196316972019304e-09,1.871420550126237e-05,6.340537596952122e-05,6.429536433957482e-07,9.251730459461901e-07,8.685543896309444e-05,0.00019912500657742052,1.6725522989124162e-05,4.004370631666373e-05,9.8587230929746e-07,2.5364728526051775e-06,1.429755774795538e-05,1.6118503250228677e-05,9.456909502714161e-06
E4_E2,chease_mars,4224,libneo_Boozer,0.81075,2.1120592901675363e-06,1.5161828705251122e-06,3.839671122163324e-07,3.5196316972019304e-09,2.0925110860746717e-05,7.244296156116122e-05,4.2326728475973074e-07,6.023990300269385e-07,6.35363632637058e-05,0.00015055166908076997,1.2507362945584098e-05,3.096008393868072e-05,8.161866588345293e-07,2.0781482842242095e-06,1.1046968419026193e-05,1.3007418965926831e-05,7.222971691311919e-06
E4_E2,chease_mars,4224,libneo_Boozer,0.89525,1.7112926574470366e-06,1.2341874462939289e-06,1.367692787912489e-07,3.5196316972019304e-09,2.320226521286886e-05,7.333334920126022e-05,3.8110367703425485e-07,5.907186812194668e-07,3.8026963735183655e-05,8.532991614282796e-05,7.618416148227574e-06,1.7867088433196347e-05,6.957321060741501e-07,1.6189291491779778e-06,6.054820124279381e-06,7.449434118234066e-06,3.936590315389843e-06
E4_E2,chease_mars,4224,libneo_Boozer,0.97975,1.4769615248721172e-06,1.0889520525457728e-06,3.25912293819286e-07,3.5196316972019304e-09,8.29249129725636e-05,0.0003031596520649749,3.8496011340429e-07,7.026518747080106e-07,2.1473129866009042e-05,4.7462596051765406e-05,4.3675901122292105e-06,1.0080274435643295e-05,7.331816107052656e-07,1.6556151854934928e-06,4.737380561947724e-06,6.1133398219226365e-06,3.0881016206407708e-06
E4_E2,chease_mars,4224,NEO_RT,0.05,,8.272489933170258e-07,8.952132548589731e-07,,,,,,,,,,,,,,
E4_E2,chease_mars,4224,NEO_RT,0.13454545454545455,,1.0339937271315023e-06,5.3581228343091425e-08,,,,,,,,,,,,,,
E4_E2,chease_mars,4224,NEO_RT,0.21909090909090911,,8.655498410030469e-07,6.736334379198183e-09,,,,,,,,,,,,,,
E4_E2,chease_mars,4224,NEO_RT,0.30363636363636365,,1.4672306803315766e-06,5.335267616590755e-08,,,,,,,,,,,,,,
E4_E2,chease_mars,4224,NEO_RT,0.3881818181818182,,1.605035844329943e-06,4.625264271584939e-08,,,,,,,,,,,,,,
E4_E2,chease_mars,4224,NEO_RT,0.4727272727272728,,2.0428283873545886e-06,4.366298655966716e-09,,,,,,,,,,,,,,
E4_E2,chease_mars,4224,NEO_RT,0.5572727272727274,,2.118979132492139e-06,6.26851921481375e-08,,,,,,,,,,,,,,
E4_E2,chease_mars,4224,NEO_RT,0.641818181818182,,1.971480384011952e-06,1.5059494806735074e-07,,,,,,,,,,,,,,
E4_E2,chease_mars,4224,NEO_RT,0.7263636363636364,,1.7660656475218703e-06,2.9525265443641757e-07,,,,,,,,,,,,,,
E4_E2,chease_mars,4224,NEO_RT,0.810909090909091,,1.515663553547909e-06,3.895367316486542e-07,,,,,,,,,,,,,,
E4_E2,chease_mars,4224,NEO_RT,0.8954545454545456,,1.2332390911253392e-06,1.388189611040147e-07,,,,,,,,,,,,,,
E4_E2,chease_mars,4224,NEO_RT,0.9800000000000001,,1.088186238086241e-06,3.1425511892724245e-07,,,,,,,,,,,,,,
E4_E2,chease_mars,4224,NEO_2,0.05,,8.272574779525943e-07,8.952132604100882e-07,,,,,,,,,,,,,,
E4_E2,chease_mars,4224,NEO_2,0.13454545454545455,,1.0339937853224142e-06,5.3581226566734586e-08,,,,,,,,,,,,,,
E4_E2,chease_mars,4224,NEO_2,0.21909090909090911,,8.655497077462693e-07,6.736339042134887e-09,,,,,,,,,,,,,,
E4_E2,chease_mars,4224,NEO_2,0.30363636363636365,,1.4672306963519783e-06,5.335267094785934e-08,,,,,,,,,,,,,,
E4_E2,chease_mars,4224,NEO_2,0.3881818181818182,,1.6050358525044093e-06,4.625264804491991e-08,,,,,,,,,,,,,,
E4_E2,chease_mars,4224,NEO_2,0.4727272727272728,,2.042828384211535e-06,4.366292660762383e-09,,,,,,,,,,,,,,
E4_E2,chease_mars,4224,NEO_2,0.5572727272727274,,2.1189791331908284e-06,6.2685183155331e-08,,,,,,,,,,,,,,
E4_E2,chease_mars,4224,NEO_2,0.641818181818182,,1.9714803705843416e-06,1.5059494873348456e-07,,,,,,,,,,,,,,
E4_E2,chease_mars,4224,NEO_2,0.7263636363636364,,1.7660656506933975e-06,2.952526597654881e-07,,,,,,,,,,,,,,
E4_E2,chease_mars,4224,NEO_2,0.810909090909091,,1.5156635289908771e-06,3.895367353123902e-07,,,,,,,,,,,,,,
E4_E2,chease_mars,4224,NEO_2,0.8954545454545456,,1.233239109831991e-06,1.3881895799539024e-07,,,,,,,,,,,,,,
E4_E2,chease_mars,4224,NEO_2,0.9800000000000001,,1.0881863120524105e-06,3.1425511792804173e-07,,,,,,,,,,,,,,
E4_E2,chease_mars,16640,libneo_Boozer,0.05025,1.9200234739555992e-08,1.3599212810103255e-08,1.496473471807036e-07,5.1664272859852645e-09,2.4437359140998144e-08,6.350140474651207e-08,3.056728901504637e-09,9.77587554873624e-09,1.7997348673374908e-06,4.030624554450513e-06,1.2014315135448502e-07,3.0326061683455e-07,8.07678589741545e-09,2.6659498531706696e-08,5.5139675131377075e-08,5.6803594224164033e-08,1.2670037796702616e-07
E4_E2,chease_mars,16640,libneo_Boozer,0.13475,2.3163131522652858e-08,1.9032005955485295e-08,8.604320611560468e-08,5.1664272859852645e-09,5.1211820430987553e-08,1.238298358769063e-07,7.78687787542217e-09,1.4000235848671647e-08,1.1525090486938576e-06,2.9778190753585757e-06,1.2168304180350724e-07,3.435309382638986e-07,9.103310725275473e-09,1.758285745069871e-08,1.0094434485519166e-07,1.0208057157901074e-07,1.3904289214439203e-07
E4_E2,chease_mars,16640,libneo_Boozer,0.21925,1.7286660385847968e-08,1.2808650623347004e-08,1.1276991118691626e-08,5.1664272859852645e-09,8.031861039485269e-08,2.3059874900729264e-07,4.807592055210839e-09,1.8869740728014987e-08,9.714325520446916e-07,2.1722208703504402e-06,1.260658852298337e-07,3.0339738887665335e-07,7.744452193184915e-09,2.5081343872362576e-08,1.7312599237540027e-07,1.6782566666928567e-07,1.792085258522924e-07
E4_E2,chease_mars,16640,libneo_Boozer,0.30375,1.9699180732859958e-08,1.4501466421377968e-08,1.1167211599882876e-08,5.1664272859852645e-09,1.1734847515576939e-07,3.886374583341438e-07,8.990832221507004e-09,2.920382881878765e-08,8.401657628962396e-07,1.8675501242522733e-06,1.241299645926316e-07,2.9330539420433494e-07,9.793654292484995e-09,2.574478980224459e-08,2.523358548778276e-07,2.4587871472192546e-07,2.2306574498642817e-07
E4_E2,chease_mars,16640,libneo_Boozer,0.38825,2.1879112191145438e-08,1.6711727349444445e-08,9.39522637466439e-09,5.1664272859852645e-09,1.282878797083551e-07,3.0617448494393194e-07,1.1960596191920114e-08,1.864510132184135e-08,6.955282992343434e-07,1.5754405176486194e-06,1.1255724061155222e-07,2.683697993134374e-07,1.2877491877483637e-08,2.6058058679141378e-08,1.7132170859746054e-07,1.7776649258172128e-07,1.4264752001835745e-07
E4_E2,chease_mars,16640,libneo_Boozer,0.47275,2.3275111351604595e-08,1.7868301036914286e-08,1.4152192195915347e-08,5.1664272859852645e-09,1.4063364307836594e-07,3.447015314357771e-07,1.010125074748314e-08,2.0741157886208377e-08,5.698641596670371e-07,1.3968060332136584e-06,9.830888476787747e-08,2.5229954514563413e-07,1.0106887745382051e-08,1.7125978935979527e-08,1.5795962293729815e-07,1.441165284887802e-07,1.0480161971582191e-07
E4_E2,chease_mars,16640,libneo_Boozer,0.55725,2.2444227533854246e-08,1.639538934550029e-08,5.190110341501963e-09,5.1664272859852645e-09,1.7229351895759554e-07,4.3285385960769705e-07,6.062555605014588e-09,2.3734270983075884e-08,4.772158858587921e-07,1.1026182468978746e-06,8.617772299012764e-08,2.0826605167012974e-07,5.243288610404374e-09,9.115427409757972e-09,1.6333892904896175e-07,1.5804042707845412e-07,1.0585542731256226e-07
E4_E2,chease_mars,16640,libneo_Boozer,0.64175,2.60788697842888e-08,1.9511246329221607e-08,3.092044387198456e-08,5.1664272859852645e-09,2.372874759134324e-07,6.458608885602823e-07,1.357150100158186e-08,5.428095733995648e-08,4.877686737054887e-07,9.508541915387723e-07,9.217129459772928e-08,1.8604570484841357e-07,9.33864616797854e-09,2.527458939231939e-08,1.963594097320609e-07,2.2288561341010649e-07,1.3911345619899151e-07
E4_E2,chease_mars,16640,libneo_Boozer,0.72625,2.106717789043855e-08,2.0768385191798387e-08,6.123276996561344e-09,5.1664272859852645e-09,4.146314337903912e-07,1.6954737069002743e-06,2.4149596498030453e-08,5.037237727433629e-08,7.700533419365662e-07,1.1752618351286278e-06,1.500646474465363e-07,2.3808541653850004e-07,1.565481781556745e-08,4.2851844871183844e-08,3.8354190146083766e-07,4.419841637126609e-07,2.593186227972666e-07
E4_E2,chease_mars,16640,libneo_Boozer,0.81075,2.0115668423068e-08,3.9564995239239995e-08,1.3073875981817196e-08,5.1664272859852645e-09,1.2603541665848568e-06,5.6018837920637165e-06,6.481533466141048e-08,1.343315378445427e-07,1.8395983797736116e-06,2.2332073057055075e-06,3.6746887094938573e-07,4.617885699585992e-07,3.100509598875267e-08,8.237925493918058e-08,8.55281792833118e-07,1.0162994747986431e-06,5.643497836826938e-07
E4_E2,chease_mars,16640,libneo_Boozer,0.89525,2.1678449230063805e-08,8.87461980017232e-08,6.281675180019874e-11,5.1664272859852645e-09,5.616696003087384e-06,2.1107855208878574e-05,1.5596591372437068e-07,2.945074135062544e-07,4.2107223342710125e-06,4.6924416236858486e-06,8.56317922204882e-07,9.8521607715848e-07,7.122061845052032e-08,1.8196734013695357e-07,1.743849222246574e-06,2.1554794797928878e-06,1.139047915543756e-06
E4_E2,chease_mars,16640,libneo_Boozer,0.97975,2.3640660315387656e-08,1.8698169096137275e-07,3.109808122125912e-08,5.1664272859852645e-09,6.830274669237057e-05,0.00025287481615665603,3.460568145582439e-07,6.711598592492357e-07,8.858334320266057e-06,9.391360691948423e-06,1.826750384319462e-06,2.0195589624017635e-06,1.5672620683105592e-07,4.153312846141199e-07,3.951048463846085e-06,5.0955440582534095e-06,2.5739700778570906e-06
E4_E2,chease_mars,16640,NEO_RT,0.05,,1.3863769001967042e-08,2.2277547495619388e-07,,,,,,,,,,,,,,
E4_E2,chease_mars,16640,NEO_RT,0.13454545454545455,,1.584432685755419e-08,6.433239574388239e-08,,,,,,,,,,,,,,
E4_E2,chease_mars,16640,NEO_RT,0.21909090909090911,,1.3418175066982673e-08,1.0182649501366825e-08,,,,,,,,,,,,,,
E4_E2,chease_mars,16640,NEO_RT,0.30363636363636365,,1.4096110404463458e-08,1.5505809303206775e-08,,,,,,,,,,,,,,
E4_E2,chease_mars,16640,NEO_RT,0.3881818181818182,,1.7435511196483597e-08,9.854769777994932e-09,,,,,,,,,,,,,,
E4_E2,chease_mars,16640,NEO_RT,0.4727272727272728,,1.7849956354194656e-08,1.407858307711507e-08,,,,,,,,,,,,,,
E4_E2,chease_mars,16640,NEO_RT,0.5572727272727274,,1.641059323590898e-08,5.155322724270661e-09,,,,,,,,,,,,,,
E4_E2,chease_mars,16640,NEO_RT,0.641818181818182,,1.9489104679851527e-08,2.9585316974056752e-08,,,,,,,,,,,,,,
E4_E2,chease_mars,16640,NEO_RT,0.7263636363636364,,2.0903691321066694e-08,6.7614744914124e-09,,,,,,,,,,,,,,
E4_E2,chease_mars,16640,NEO_RT,0.810909090909091,,3.958568919886233e-08,1.0010883122468783e-08,,,,,,,,,,,,,,
E4_E2,chease_mars,16640,NEO_RT,0.8954545454545456,,8.870688436107279e-08,1.79682446699303e-09,,,,,,,,,,,,,,
E4_E2,chease_mars,16640,NEO_RT,0.9800000000000001,,1.8756888540751047e-07,2.998331560810641e-08,,,,,,,,,,,,,,
E4_E2,chease_mars,16640,NEO_2,0.05,,1.3866779870743122e-08,2.2277546940507875e-07,,,,,,,,,,,,,,
E4_E2,chease_mars,16640,NEO_2,0.13454545454545455,,1.5844356090492875e-08,6.433239507774857e-08,,,,,,,,,,,,,,
E4_E2,chease_mars,16640,NEO_2,0.21909090909090911,,1.3418228847416633e-08,1.0182656717816485e-08,,,,,,,,,,,,,,
E4_E2,chease_mars,16640,NEO_2,0.30363636363636365,,1.4096112283771096e-08,1.5505807526849935e-08,,,,,,,,,,,,,,
E4_E2,chease_mars,16640,NEO_2,0.3881818181818182,,1.743533676926912e-08,9.854780769202875e-09,,,,,,,,,,,,,,
E4_E2,chease_mars,16640,NEO_2,0.4727272727272728,,1.784996441664803e-08,1.4078583410181977e-08,,,,,,,,,,,,,,
E4_E2,chease_mars,16640,NEO_2,0.5572727272727274,,1.6410626315958417e-08,5.155318505423168e-09,,,,,,,,,,,,,,
E4_E2,chease_mars,16640,NEO_2,0.641818181818182,,1.948908462998178e-08,2.9585311311919327e-08,,,,,,,,,,,,,,
E4_E2,chease_mars,16640,NEO_2,0.7263636363636364,,2.0903705115597017e-08,6.761479376393709e-09,,,,,,,,,,,,,,
E4_E2,chease_mars,16640,NEO_2,0.810909090909091,,3.958568518092808e-08,1.0010882900424178e-08,,,,,,,,,,,,,,
E4_E2,chease_mars,16640,NEO_2,0.8954545454545456,,8.870689399767561e-08,1.796824244948425e-09,,,,,,,,,,,,,,
E4_E2,chease_mars,16640,NEO_2,0.9800000000000001,,1.875688918449711e-07,2.998331694037404e-08,,,,,,,,,,,,,,
E4_E2,chease_mars,66048,libneo_Boozer,0.05025,2.8828780933070523e-08,2.4766689011031267e-08,1.4805455206268192e-07,1.224316048542562e-08,8.680145863124613e-09,1.4933481042139224e-08,5.5589541827196004e-09,8.689157032234815e-09,7.072902996577151e-07,2.615957605662491e-06,4.752544489679673e-08,1.9678210473620552e-07,6.1361808042542205e-09,1.3951469870102514e-08,5.396828262060893e-09,1.9337896013660316e-08,4.313315576931487e-08
E4_E2,chease_mars,66048,libneo_Boozer,0.13475,1.4029240465145334e-08,1.066746658338828e-08,8.427366804397707e-09,1.224316048542562e-08,1.3986303596273304e-08,4.006530493533323e-08,1.2841315723751607e-08,2.249640912147328e-08,2.2075129178018496e-07,5.25975906946554e-07,2.6534722866620074e-08,6.1340578470625e-08,1.2938884982780372e-08,2.2641988214603055e-08,4.1080267854098906e-08,2.2043079944689126e-08,3.0024647046378306e-08
E4_E2,chease_mars,66048,libneo_Boozer,0.21925,1.119113903373793e-08,8.811907689457269e-09,2.110330332705246e-08,1.224316048542562e-08,2.1495883362639215e-08,4.733314527280044e-08,2.389474147691411e-09,8.39379008125843e-09,1.2712283342451396e-07,2.747056494001426e-07,1.6654723900758378e-08,3.837117907218858e-08,2.935799754981802e-09,1.1314108380878346e-08,2.8083029623982014e-08,3.777917065295178e-08,4.03415556515796e-08
E4_E2,chease_mars,66048,libneo_Boozer,0.30375,1.57207294434586e-08,1.1781103865923896e-08,5.7203786152371094e-09,1.224316048542562e-08,4.818755431112137e-08,2.5157340918522636e-07,1.051794484721139e-08,4.1694861306941e-08,2.638875995128761e-07,8.774505055198023e-07,4.025525130577562e-08,1.3906859625139364e-07,1.0886511160951561e-08,4.057966293149872e-08,1.6729720525576752e-07,1.4117196373009122e-07,1.2807379146106967e-07
E4_E2,chease_mars,66048,libneo_Boozer,0.38825,1.6437046360960045e-08,1.3239712709888627e-08,2.7012409864468623e-08,1.224316048542562e-08,3.0581147418786335e-08,7.078205985120797e-08,7.54821118923148e-09,1.3436459975102178e-08,1.064991853789094e-07,3.3155447915942666e-07,1.8688742672451966e-08,5.795443446870477e-08,6.59861605653078e-09,9.817818119684831e-09,3.3957940848150514e-08,4.29998815998367e-08,3.450496122159308e-08
E4_E2,chease_mars,66048,libneo_Boozer,0.47275,9.339583792202368e-09,9.326544776615543e-09,4.228561056862645e-09,1.224316048542562e-08,8.631512162317247e-08,3.0656582658677035e-07,9.246816927859959e-09,1.5958899167304596e-08,1.4005485267970496e-07,4.825195470189227e-07,2.5705445163766998e-08,8.742926845403017e-08,8.50828131283264e-09,1.5802260511316377e-08,1.381433865077497e-07,1.464367666570432e-07,1.0648891446418673e-07
E4_E2,chease_mars,66048,libneo_Boozer,0.55725,1.1953833759285794e-08,9.140816686090736e-09,5.190110341501963e-09,1.224316048542562e-08,7.786916155543237e-08,2.2792813857180068e-07,1.0630682044875963e-08,1.841397079025737e-08,1.349625811119848e-07,2.301214865392426e-07,2.6466961342288375e-08,4.368401552119096e-08,9.344268025687307e-09,1.6979652441529733e-08,8.344412916194699e-08,9.393156441550587e-08,6.291533882762934e-08
E4_E2,chease_mars,66048,libneo_Boozer,0.64175,1.080565220415701e-08,9.545552187713973e-09,1.090252055302443e-08,1.224316048542562e-08,6.751302540564004e-08,1.993392219684578e-07,8.14539200217608e-09,1.7301004428971354e-08,2.458995621676024e-07,3.0121210857104765e-07,4.666888946193914e-08,5.9258775787818236e-08,4.941342863210767e-09,1.1645573239167593e-08,6.294043175536501e-08,6.603596713894433e-08,4.121616881125334e-08
E4_E2,chease_mars,66048,libneo_Boozer,0.72625,2.065897124528897e-08,2.055537414711297e-08,6.123276996561344e-09,1.224316048542562e-08,3.9654306919461137e-07,2.0961388602210443e-06,2.8662299398692103e-08,6.86905366689718e-08,7.470095691349484e-07,1.3510017018493316e-06,1.464731749020193e-07,2.7989151441210724e-07,1.8310062024514553e-08,4.368970663943563e-08,4.7081254850311893e-07,5.367445453652309e-07,3.1491594554289293e-07
E4_E2,chease_mars,66048,libneo_Boozer,0.81075,5.371521315469746e-09,3.6998330954505134e-08,8.743381796350036e-09,1.224316048542562e-08,1.1067167924193896e-06,4.057310268323705e-06,7.14932221397782e-08,1.8765394910028168e-07,1.8434699735269428e-06,1.9890003358904108e-06,3.6940541956151527e-07,4.147839830524852e-07,3.021160483115524e-08,9.684725976232306e-08,6.203441967889134e-07,7.312031191641921e-07,4.0603592743604366e-07
E4_E2,chease_mars,66048,libneo_Boozer,0.89525,1.6413366646053116e-08,8.818078222218138e-08,2.2721597270347615e-08,1.224316048542562e-08,5.215733936841512e-06,1.8122350346819644e-05,1.6955247462135865e-07,4.225423299478372e-07,4.236013050750448e-06,4.560359869603135e-06,8.637590431449836e-07,9.7101160482901e-07,7.294460624515785e-08,2.2260130200769506e-07,1.497617519441441e-06,1.8474340931495803e-06,9.762624141318454e-07
E4_E2,chease_mars,66048,libneo_Boozer,0.97975,1.6343531185174353e-08,1.8653989979685374e-07,7.2973815878896175e-09,1.224316048542562e-08,6.83376616434848e-05,0.0002511889188864094,3.4652724947567146e-07,6.758009904359644e-07,8.862027146472694e-06,9.356720539722797e-06,1.827571224013964e-06,1.9978210528897593e-06,1.5727835639988527e-07,4.432779322662626e-07,3.9244850107422735e-06,5.061198546707502e-06,2.556620716909208e-06
E4_E2,chease_mars,66048,NEO_RT,0.05,,2.2738007666607502e-08,2.068844869862474e-07,,,,,,,,,,,,,,
E4_E2,chease_mars,66048,NEO_RT,0.13454545454545455,,9.378581980596356e-09,1.3130172060726863e-08,,,,,,,,,,,,,,
E4_E2,chease_mars,66048,NEO_RT,0.21909090909090911,,9.95903077924161e-09,2.615047955956129e-08,,,,,,,,,,,,,,
E4_E2,chease_mars,66048,NEO_RT,0.30363636363636365,,1.096271151081442e-08,5.858291629579071e-09,,,,,,,,,,,,,,
E4_E2,chease_mars,66048,NEO_RT,0.3881818181818182,,1.2511577877418179e-08,2.712216129463485e-08,,,,,,,,,,,,,,
E4_E2,chease_mars,66048,NEO_RT,0.4727272727272728,,9.282095557782029e-09,4.304826717316246e-09,,,,,,,,,,,,,,
E4_E2,chease_mars,66048,NEO_RT,0.5572727272727274,,9.026039518138221e-09,5.197912211762912e-09,,,,,,,,,,,,,,
E4_E2,chease_mars,66048,NEO_RT,0.641818181818182,,9.335048612136567e-09,1.2352620037958673e-08,,,,,,,,,,,,,,
E4_E2,chease_mars,66048,NEO_RT,0.7263636363636364,,2.062733944114904e-08,6.594769730305927e-09,,,,,,,,,,,,,,
E4_E2,chease_mars,66048,NEO_RT,0.810909090909091,,3.7017863085148285e-08,1.1808907407484526e-08,,,,,,,,,,,,,,
E4_E2,chease_mars,66048,NEO_RT,0.8954545454545456,,8.794022455764901e-08,2.0735202443944445e-08,,,,,,,,,,,,,,
E4_E2,chease_mars,66048,NEO_RT,0.9800000000000001,,1.870188137381443e-07,1.8733676832027868e-08,,,,,,,,,,,,,,
E4_E2,chease_mars,66048,NEO_2,0.05,,2.2738166426332592e-08,2.0688448998384956e-07,,,,,,,,,,,,,,
E4_E2,chease_mars,66048,NEO_2,0.13454545454545455,,9.378430655798882e-09,1.3130172615838376e-08,,,,,,,,,,,,,,
E4_E2,chease_mars,66048,NEO_2,0.21909090909090911,,9.95899667967528e-09,2.615047911547208e-08,,,,,,,,,,,,,,
E4_E2,chease_mars,66048,NEO_2,0.30363636363636365,,1.096282644965502e-08,5.858301177497083e-09,,,,,,,,,,,,,,
E4_E2,chease_mars,66048,NEO_2,0.3881818181818182,,1.2511851528075144e-08,2.712217295197661e-08,,,,,,,,,,,,,,
E4_E2,chease_mars,66048,NEO_2,0.4727272727272728,,9.282098277465835e-09,4.3048276054946655e-09,,,,,,,,,,,,,,
E4_E2,chease_mars,66048,NEO_2,0.5572727272727274,,9.026039906815327e-09,5.1979085480269305e-09,,,,,,,,,,,,,,
E4_E2,chease_mars,66048,NEO_2,0.641818181818182,,9.335047210507722e-09,1.2352622036360117e-08,,,,,,,,,,,,,,
E4_E2,chease_mars,66048,NEO_2,0.7263636363636364,,2.0627340136511694e-08,6.594770174395137e-09,,,,,,,,,,,,,,
E4_E2,chease_mars,66048,NEO_2,0.810909090909091,,3.701786280531583e-08,1.180890984997518e-08,,,,,,,,,,,,,,
E4_E2,chease_mars,66048,NEO_2,0.8954545454545456,,8.794023405216448e-08,2.073520133372142e-08,,,,,,,,,,,,,,
E4_E2,chease_mars,66048,NEO_2,0.9800000000000001,,1.8701881457934812e-07,1.8733676832027868e-08,,,,,,,,,,,,,,
