code,resolution,dof,wall_s,native_converged,psi_l2,psi_max,bpol_l2,bpol_max,btor_l2,btor_max,b_l2,b_max,q_max,axis_rel,volume_rel,phi_edge_rel,force_rms,accuracy_passed,code_commit,meta,workdir
chease_public,"{""export_n"":257,""folded"":true,""ns"":16,""nt"":16,""relax"":0,""smooth"":1}",1088,1.0768937540706247,True,0.00023312833070690076,0.0005678979328903414,0.0011973272329246231,0.0022479005138035385,0.0,0.0,0.00016620590455118672,0.000314554612548302,6.4226356323601455e-06,8.729033980068784e-07,3.631949977804429e-08,9.89163899653102e-08,0.0003248354268442328,False,b942066c64a6dfe1baaba546945473fb6db97828,"{""band_order"": ""folded"", ""binary_path"": ""/home/ert/code/worktrees/_lanes/chease/build/chease/src-f90/chease"", ""binary_sha256"": ""d7a21f4ebbcd1476f9b798eed6071c54f375cc63ad9e079cd1a50e9d2361770f"", ""canonical_cocos"": 3, ""case_id"": ""solovev_lcfs_A3"", ""cocos_map"": {""flux_factor"": 1.0, ""q_factor"": -1, ""source_cocos"": 2, ""target_cocos"": 3, ""toroidal_factor"": -1}, ""code"": ""chease_public"", ""code_commit"": ""b942066c64a6dfe1baaba546945473fb6db97828"", ""command"": [""taskset"", ""-c"", ""10"", ""/home/ert/code/worktrees/_lanes/chease/build/chease/src-f90/chease""], ""convergence_warnings"": [], ""cpu"": 10, ""dof_definition"": ""native assembled N4NSNT = 4*(NS+1)*NT"", ""input_hash"": {""EXPEQ"": ""1802c70573662f907373503c0a1a3c21893294ac1d82f668d38474cebd3bc610"", ""chease_namelist"": ""5bcccdb1d8c0dfc51f9a2a4fecd1f0e9bbc62601993d44649986b8e3404e8b28""}, ""last_residual"": null, ""native_cocos"": 2, ""native_converged"": true, ""native_iterations"": null, ""phi_edge_method"": ""2*pi integral of native GEQDSK q dpsi"", ""physical_toroidal_reversal"": 1, ""q_axis"": 1.50020353, ""returncode"": 0, ""settings"": {""B0EXP"": 5.3, ""CFBAL"": 1.0, ""COCOS_IN"": 2, ""COCOS_OUT"": 2, ""CPRESS"": 1.0, ""EPSLON"": 1e-12, ""NBAL"": 0, ""NBLOPT"": 0, ""NBSOPT"": 0, ""NCHI"": 64, ""NCSCAL"": 4, ""NEGP"": -1, ""NEQDSK"": 0, ""NEQDXTPO"": 4, ""NER"": 1, ""NFUNC"": 4, ""NFUNRHO"": 0, ""NIDEAL"": 6, ""NIPR"": 1, ""NISO"": 100, ""NMESHA"": 0, ""NOPT"": 0, ""NPLOT"": 1, ""NPP"": 1, ""NPPFUN"": 4, ""NPPR"": 30, ""NPROPT"": 2, ""NPSI"": 64, ""NRBOX"": 257, ""NS"": 16, ""NSMOOTH"": 1, ""NSOUR"": 2, ""NSTTP"": 1, ""NSURF"": 6, ""NT"": 16, ""NTCASE"": 0, ""NTMF0"": 0, ""NV"": 160, ""NVEXP"": 3, ""NZBOX"": 257, ""R0EXP"": 6.2, ""R0W"": 0.9, ""RELAX"": 0.0, ""REXT"": 6.0, ""RZ0W"": 0.0, ""SIGNB0XP"": -1, ""SIGNIPXP"": 1, ""TENSBND"": 0.0, ""TENSPROF"": 0.0}, ""sign_ledger"": ""equilibrium/ERRATA.md EQ-D54/55; CASE_CONTRACT.md"", ""status"": ""complete"", ""threads"": 1, ""wall_s"": 1.0768937540706247, ""workdir"": ""/mnt/storage/data2/iter_tc24/phase1/chease_public/runs/final_compare_20261009a_chease_public_solovev_lcfs_A3_00/native""}",/mnt/storage/data2/iter_tc24/phase1/chease_public/runs/final_compare_20261009a_chease_public_solovev_lcfs_A3_00/native
chease_public,"{""export_n"":257,""folded"":true,""ns"":32,""nt"":32,""relax"":0,""smooth"":1}",4224,2.2302402600180358,False,5.05430467282848e-06,1.96813437629986e-05,6.809993980205872e-05,0.0001698571170827759,0.0,0.0,9.453231984906409e-06,2.3768551732807584e-05,2.5801410076307665e-07,9.954732079902073e-08,3.541307645539336e-09,2.80678996520735e-08,5.2215697386074365e-05,False,b942066c64a6dfe1baaba546945473fb6db97828,"{""band_order"": ""folded"", ""binary_path"": ""/home/ert/code/worktrees/_lanes/chease/build/chease/src-f90/chease"", ""binary_sha256"": ""d7a21f4ebbcd1476f9b798eed6071c54f375cc63ad9e079cd1a50e9d2361770f"", ""canonical_cocos"": 3, ""case_id"": ""solovev_lcfs_A3"", ""cocos_map"": {""flux_factor"": 1.0, ""q_factor"": -1, ""source_cocos"": 2, ""target_cocos"": 3, ""toroidal_factor"": -1}, ""code"": ""chease_public"", ""code_commit"": ""b942066c64a6dfe1baaba546945473fb6db97828"", ""command"": [""taskset"", ""-c"", ""10"", ""/home/ert/code/worktrees/_lanes/chease/build/chease/src-f90/chease""], ""convergence_warnings"": [""CONJUGATE GRADIENT NOT CONVERGED""], ""cpu"": 10, ""dof_definition"": ""native assembled N4NSNT = 4*(NS+1)*NT"", ""input_hash"": {""EXPEQ"": ""1802c70573662f907373503c0a1a3c21893294ac1d82f668d38474cebd3bc610"", ""chease_namelist"": ""098d4089eaf89f96310a1f882b0fd58542b6c058bdd849e693bbf21de1203a1a""}, ""last_residual"": null, ""native_cocos"": 2, ""native_converged"": false, ""native_iterations"": null, ""phi_edge_method"": ""2*pi integral of native GEQDSK q dpsi"", ""physical_toroidal_reversal"": 1, ""q_axis"": 1.500044412, ""returncode"": 0, ""settings"": {""B0EXP"": 5.3, ""CFBAL"": 1.0, ""COCOS_IN"": 2, ""COCOS_OUT"": 2, ""CPRESS"": 1.0, ""EPSLON"": 1e-12, ""NBAL"": 0, ""NBLOPT"": 0, ""NBSOPT"": 0, ""NCHI"": 128, ""NCSCAL"": 4, ""NEGP"": -1, ""NEQDSK"": 0, ""NEQDXTPO"": 4, ""NER"": 1, ""NFUNC"": 4, ""NFUNRHO"": 0, ""NIDEAL"": 6, ""NIPR"": 1, ""NISO"": 100, ""NMESHA"": 0, ""NOPT"": 0, ""NPLOT"": 1, ""NPP"": 1, ""NPPFUN"": 4, ""NPPR"": 30, ""NPROPT"": 2, ""NPSI"": 128, ""NRBOX"": 257, ""NS"": 32, ""NSMOOTH"": 1, ""NSOUR"": 2, ""NSTTP"": 1, ""NSURF"": 6, ""NT"": 32, ""NTCASE"": 0, ""NTMF0"": 0, ""NV"": 160, ""NVEXP"": 3, ""NZBOX"": 257, ""R0EXP"": 6.2, ""R0W"": 0.9, ""RELAX"": 0.0, ""REXT"": 6.0, ""RZ0W"": 0.0, ""SIGNB0XP"": -1, ""SIGNIPXP"": 1, ""TENSBND"": 0.0, ""TENSPROF"": 0.0}, ""sign_ledger"": ""equilibrium/ERRATA.md EQ-D54/55; CASE_CONTRACT.md"", ""status"": ""failed"", ""threads"": 1, ""wall_s"": 2.2302402600180358, ""workdir"": ""/mnt/storage/data2/iter_tc24/phase1/chease_public/runs/final_compare_20261009a_chease_public_solovev_lcfs_A3_01/native""}",/mnt/storage/data2/iter_tc24/phase1/chease_public/runs/final_compare_20261009a_chease_public_solovev_lcfs_A3_01/native
chease_public,"{""export_n"":257,""folded"":true,""ns"":64,""nt"":64,""relax"":0,""smooth"":1}",16640,5.984381449175999,True,1.80979368911289e-07,6.34781659996346e-07,6.624412395480158e-06,1.567742980093846e-05,0.0,0.0,9.195618574727492e-07,2.1937838558714767e-06,2.5706716874435352e-08,1.2107272591689807e-08,1.0071390954171532e-10,8.069836850333407e-09,1.0937106977565397e-05,True,b942066c64a6dfe1baaba546945473fb6db97828,"{""band_order"": ""folded"", ""binary_path"": ""/home/ert/code/worktrees/_lanes/chease/build/chease/src-f90/chease"", ""binary_sha256"": ""d7a21f4ebbcd1476f9b798eed6071c54f375cc63ad9e079cd1a50e9d2361770f"", ""canonical_cocos"": 3, ""case_id"": ""solovev_lcfs_A3"", ""cocos_map"": {""flux_factor"": 1.0, ""q_factor"": -1, ""source_cocos"": 2, ""target_cocos"": 3, ""toroidal_factor"": -1}, ""code"": ""chease_public"", ""code_commit"": ""b942066c64a6dfe1baaba546945473fb6db97828"", ""command"": [""taskset"", ""-c"", ""10"", ""/home/ert/code/worktrees/_lanes/chease/build/chease/src-f90/chease""], ""convergence_warnings"": [], ""cpu"": 10, ""dof_definition"": ""native assembled N4NSNT = 4*(NS+1)*NT"", ""input_hash"": {""EXPEQ"": ""1802c70573662f907373503c0a1a3c21893294ac1d82f668d38474cebd3bc610"", ""chease_namelist"": ""d36866e9c376f3c7e0ccdf039fcd9e679c28696fb53342869712afeae27a2092""}, ""last_residual"": null, ""native_cocos"": 2, ""native_converged"": true, ""native_iterations"": null, ""phi_edge_method"": ""2*pi integral of native GEQDSK q dpsi"", ""physical_toroidal_reversal"": 1, ""q_axis"": 1.500011075, ""returncode"": 0, ""settings"": {""B0EXP"": 5.3, ""CFBAL"": 1.0, ""COCOS_IN"": 2, ""COCOS_OUT"": 2, ""CPRESS"": 1.0, ""EPSLON"": 1e-12, ""NBAL"": 0, ""NBLOPT"": 0, ""NBSOPT"": 0, ""NCHI"": 256, ""NCSCAL"": 4, ""NEGP"": -1, ""NEQDSK"": 0, ""NEQDXTPO"": 4, ""NER"": 1, ""NFUNC"": 4, ""NFUNRHO"": 0, ""NIDEAL"": 6, ""NIPR"": 1, ""NISO"": 100, ""NMESHA"": 0, ""NOPT"": 0, ""NPLOT"": 1, ""NPP"": 1, ""NPPFUN"": 4, ""NPPR"": 30, ""NPROPT"": 2, ""NPSI"": 256, ""NRBOX"": 257, ""NS"": 64, ""NSMOOTH"": 1, ""NSOUR"": 2, ""NSTTP"": 1, ""NSURF"": 6, ""NT"": 64, ""NTCASE"": 0, ""NTMF0"": 0, ""NV"": 160, ""NVEXP"": 3, ""NZBOX"": 257, ""R0EXP"": 6.2, ""R0W"": 0.9, ""RELAX"": 0.0, ""REXT"": 6.0, ""RZ0W"": 0.0, ""SIGNB0XP"": -1, ""SIGNIPXP"": 1, ""TENSBND"": 0.0, ""TENSPROF"": 0.0}, ""sign_ledger"": ""equilibrium/ERRATA.md EQ-D54/55; CASE_CONTRACT.md"", ""status"": ""complete"", ""threads"": 1, ""wall_s"": 5.984381449175999, ""workdir"": ""/mnt/storage/data2/iter_tc24/phase1/chease_public/runs/final_compare_20261009a_chease_public_solovev_lcfs_A3_02/native""}",/mnt/storage/data2/iter_tc24/phase1/chease_public/runs/final_compare_20261009a_chease_public_solovev_lcfs_A3_02/native
chease_public,"{""export_n"":257,""folded"":true,""ns"":128,""nt"":128,""relax"":0,""smooth"":1}",66048,19.806573843117803,True,8.460628225421468e-09,2.8183666094262596e-08,5.802407982677548e-07,1.614802876639114e-06,0.0,0.0,8.054560531295133e-08,2.2596360029458724e-07,2.966504899262308e-09,3.852897290723099e-09,1.0071390954171532e-10,1.9878652227881776e-09,1.9239790460316038e-06,True,b942066c64a6dfe1baaba546945473fb6db97828,"{""band_order"": ""folded"", ""binary_path"": ""/home/ert/code/worktrees/_lanes/chease/build/chease/src-f90/chease"", ""binary_sha256"": ""d7a21f4ebbcd1476f9b798eed6071c54f375cc63ad9e079cd1a50e9d2361770f"", ""canonical_cocos"": 3, ""case_id"": ""solovev_lcfs_A3"", ""cocos_map"": {""flux_factor"": 1.0, ""q_factor"": -1, ""source_cocos"": 2, ""target_cocos"": 3, ""toroidal_factor"": -1}, ""code"": ""chease_public"", ""code_commit"": ""b942066c64a6dfe1baaba546945473fb6db97828"", ""command"": [""taskset"", ""-c"", ""10"", ""/home/ert/code/worktrees/_lanes/chease/build/chease/src-f90/chease""], ""convergence_warnings"": [], ""cpu"": 10, ""dof_definition"": ""native assembled N4NSNT = 4*(NS+1)*NT"", ""input_hash"": {""EXPEQ"": ""1802c70573662f907373503c0a1a3c21893294ac1d82f668d38474cebd3bc610"", ""chease_namelist"": ""51cc83c9026728370c48e7fb17cede98cd1d58b1e50eded66e13417f5bacb676""}, ""last_residual"": null, ""native_cocos"": 2, ""native_converged"": true, ""native_iterations"": null, ""phi_edge_method"": ""2*pi integral of native GEQDSK q dpsi"", ""physical_toroidal_reversal"": 1, ""q_axis"": 1.500002758, ""returncode"": 0, ""settings"": {""B0EXP"": 5.3, ""CFBAL"": 1.0, ""COCOS_IN"": 2, ""COCOS_OUT"": 2, ""CPRESS"": 1.0, ""EPSLON"": 1e-12, ""NBAL"": 0, ""NBLOPT"": 0, ""NBSOPT"": 0, ""NCHI"": 512, ""NCSCAL"": 4, ""NEGP"": -1, ""NEQDSK"": 0, ""NEQDXTPO"": 4, ""NER"": 1, ""NFUNC"": 4, ""NFUNRHO"": 0, ""NIDEAL"": 6, ""NIPR"": 1, ""NISO"": 100, ""NMESHA"": 0, ""NOPT"": 0, ""NPLOT"": 1, ""NPP"": 1, ""NPPFUN"": 4, ""NPPR"": 30, ""NPROPT"": 2, ""NPSI"": 512, ""NRBOX"": 257, ""NS"": 128, ""NSMOOTH"": 1, ""NSOUR"": 2, ""NSTTP"": 1, ""NSURF"": 6, ""NT"": 128, ""NTCASE"": 0, ""NTMF0"": 0, ""NV"": 160, ""NVEXP"": 3, ""NZBOX"": 257, ""R0EXP"": 6.2, ""R0W"": 0.9, ""RELAX"": 0.0, ""REXT"": 6.0, ""RZ0W"": 0.0, ""SIGNB0XP"": -1, ""SIGNIPXP"": 1, ""TENSBND"": 0.0, ""TENSPROF"": 0.0}, ""sign_ledger"": ""equilibrium/ERRATA.md EQ-D54/55; CASE_CONTRACT.md"", ""status"": ""complete"", ""threads"": 1, ""wall_s"": 19.806573843117803, ""workdir"": ""/mnt/storage/data2/iter_tc24/phase1/chease_public/runs/final_compare_20261009a_chease_public_solovev_lcfs_A3_03/native""}",/mnt/storage/data2/iter_tc24/phase1/chease_public/runs/final_compare_20261009a_chease_public_solovev_lcfs_A3_03/native
chease_mars,"{""export_n"":257,""folded"":true,""ns"":16,""nt"":16,""relax"":0,""smooth"":1}",1088,0.7727823080495,True,0.0002331302200216873,0.000567898726031615,0.0011974568488164212,0.002247722495169435,0.0,0.0,0.00016622389706480215,0.00031452970193409426,6.283403154159003e-06,8.790322580722923e-07,7.983411528929946e-06,6.649392250573741e-08,0.0003249894217334351,False,104053d51ef2fa83820a46791eaf32efc27a5c4e,"{""band_order"": ""folded"", ""binary_path"": ""/home/ert/code/worktrees/_lanes/chease/build/mars/CheaseMerge/chease.x"", ""binary_sha256"": ""417668609a48c6c2aec393e397d1559685619f83d96a652828d84ea968590eae"", ""canonical_cocos"": 3, ""case_id"": ""solovev_lcfs_A3"", ""cocos_map"": {""flux_factor"": 1.0, ""q_factor"": -1, ""source_cocos"": 2, ""target_cocos"": 3, ""toroidal_factor"": -1}, ""code"": ""chease_mars"", ""code_commit"": ""104053d51ef2fa83820a46791eaf32efc27a5c4e"", ""command"": [""taskset"", ""-c"", ""10"", ""/home/ert/code/worktrees/_lanes/chease/build/mars/CheaseMerge/chease.x""], ""convergence_warnings"": [], ""cpu"": 10, ""dof_definition"": ""native assembled N4NSNT = 4*(NS+1)*NT"", ""input_hash"": {""EXPEQ"": ""ba546dd53c39cf11924ccbc407d2f798313551f1ee04bb3b19a62226fce729f9"", ""chease_namelist"": ""96b69f6d646cba61e30e38c5bb005fd80fc45915f30197c8f84ea359dd880528""}, ""last_residual"": 4.93783e-13, ""native_cocos"": 2, ""native_converged"": true, ""native_iterations"": 5, ""phi_edge_method"": ""2*pi integral of native GEQDSK q dpsi"", ""physical_toroidal_reversal"": -1, ""q_axis"": 1.500196481, ""returncode"": 0, ""settings"": {""B0EXP"": 5.3, ""CFBAL"": 1.0, ""CPRESS"": 1.0, ""EPSLON"": 1e-12, ""NBAL"": 0, ""NBLOPT"": 0, ""NBSOPT"": 0, ""NCHI"": 64, ""NCSCAL"": 4, ""NEGP"": -1, ""NEQDSK"": 0, ""NER"": 1, ""NFUNC"": 4, ""NIDEAL"": 6, ""NIPR"": 1, ""NISO"": 100, ""NMESHA"": 0, ""NOPT"": 0, ""NPLOT"": 1, ""NPP"": 1, ""NPPFUN"": 4, ""NPPR"": 30, ""NPROPT"": 2, ""NPSI"": 64, ""NRBOX"": 257, ""NS"": 16, ""NSMOOTH"": 1, ""NSOUR"": 2, ""NSTTP"": 1, ""NSURF"": 6, ""NT"": 16, ""NTCASE"": 0, ""NTMF0"": 0, ""NV"": 160, ""NVEXP"": 3, ""NZBOX"": 257, ""R0EXP"": 6.2, ""R0W"": 0.9, ""RBOXLEN"": 4.601577669713769, ""RBOXLFT"": 3.4910797907119537, ""RELAX"": 0.0, ""REXT"": 6.0, ""RZ0W"": 0.0, ""ZBOXLEN"": 4.601576335698369}, ""sign_ledger"": ""equilibrium/ERRATA.md EQ-D54/55; CASE_CONTRACT.md"", ""status"": ""complete"", ""threads"": 1, ""wall_s"": 0.7727823080495, ""workdir"": ""/mnt/storage/data2/iter_tc24/phase1/chease_mars/runs/final_compare_20261009a_chease_mars_solovev_lcfs_A3_00/native""}",/mnt/storage/data2/iter_tc24/phase1/chease_mars/runs/final_compare_20261009a_chease_mars_solovev_lcfs_A3_00/native
chease_mars,"{""export_n"":257,""folded"":true,""ns"":32,""nt"":32,""relax"":0,""smooth"":1}",4224,1.1732947679702193,True,5.056831499442779e-06,1.968243503172079e-05,6.847692265884729e-05,0.00016986514079237128,0.0,0.0,9.505562521613394e-06,2.3769674511528204e-05,2.579112081609611e-07,1.0543302233217066e-07,1.9941074069388586e-06,2.553600026162671e-08,5.253947044395626e-05,False,104053d51ef2fa83820a46791eaf32efc27a5c4e,"{""band_order"": ""folded"", ""binary_path"": ""/home/ert/code/worktrees/_lanes/chease/build/mars/CheaseMerge/chease.x"", ""binary_sha256"": ""417668609a48c6c2aec393e397d1559685619f83d96a652828d84ea968590eae"", ""canonical_cocos"": 3, ""case_id"": ""solovev_lcfs_A3"", ""cocos_map"": {""flux_factor"": 1.0, ""q_factor"": -1, ""source_cocos"": 2, ""target_cocos"": 3, ""toroidal_factor"": -1}, ""code"": ""chease_mars"", ""code_commit"": ""104053d51ef2fa83820a46791eaf32efc27a5c4e"", ""command"": [""taskset"", ""-c"", ""10"", ""/home/ert/code/worktrees/_lanes/chease/build/mars/CheaseMerge/chease.x""], ""convergence_warnings"": [], ""cpu"": 10, ""dof_definition"": ""native assembled N4NSNT = 4*(NS+1)*NT"", ""input_hash"": {""EXPEQ"": ""ba546dd53c39cf11924ccbc407d2f798313551f1ee04bb3b19a62226fce729f9"", ""chease_namelist"": ""66ebe261dfbec9e8c73a5c992557ce3a90e6e2f9816099ae5d124be603575f71""}, ""last_residual"": 1.50856e-18, ""native_cocos"": 2, ""native_converged"": true, ""native_iterations"": 6, ""phi_edge_method"": ""2*pi integral of native GEQDSK q dpsi"", ""physical_toroidal_reversal"": -1, ""q_axis"": 1.500042332, ""returncode"": 0, ""settings"": {""B0EXP"": 5.3, ""CFBAL"": 1.0, ""CPRESS"": 1.0, ""EPSLON"": 1e-12, ""NBAL"": 0, ""NBLOPT"": 0, ""NBSOPT"": 0, ""NCHI"": 128, ""NCSCAL"": 4, ""NEGP"": -1, ""NEQDSK"": 0, ""NER"": 1, ""NFUNC"": 4, ""NIDEAL"": 6, ""NIPR"": 1, ""NISO"": 100, ""NMESHA"": 0, ""NOPT"": 0, ""NPLOT"": 1, ""NPP"": 1, ""NPPFUN"": 4, ""NPPR"": 30, ""NPROPT"": 2, ""NPSI"": 128, ""NRBOX"": 257, ""NS"": 32, ""NSMOOTH"": 1, ""NSOUR"": 2, ""NSTTP"": 1, ""NSURF"": 6, ""NT"": 32, ""NTCASE"": 0, ""NTMF0"": 0, ""NV"": 160, ""NVEXP"": 3, ""NZBOX"": 257, ""R0EXP"": 6.2, ""R0W"": 0.9, ""RBOXLEN"": 4.601577669713769, ""RBOXLFT"": 3.4910797907119537, ""RELAX"": 0.0, ""REXT"": 6.0, ""RZ0W"": 0.0, ""ZBOXLEN"": 4.601576335698369}, ""sign_ledger"": ""equilibrium/ERRATA.md EQ-D54/55; CASE_CONTRACT.md"", ""status"": ""complete"", ""threads"": 1, ""wall_s"": 1.1732947679702193, ""workdir"": ""/mnt/storage/data2/iter_tc24/phase1/chease_mars/runs/final_compare_20261009a_chease_mars_solovev_lcfs_A3_01/native""}",/mnt/storage/data2/iter_tc24/phase1/chease_mars/runs/final_compare_20261009a_chease_mars_solovev_lcfs_A3_01/native
chease_mars,"{""export_n"":257,""folded"":true,""ns"":64,""nt"":64,""relax"":0,""smooth"":1}",16640,2.926479616202414,True,1.8376198183478574e-07,6.360655036130046e-07,6.953885585784356e-06,1.6028422737898994e-05,0.0,0.0,9.652973824938542e-07,2.24289921779023e-06,2.5247017888216708e-08,6.136298834160843e-09,4.990576398353779e-07,7.661958834635711e-09,1.1787151330433047e-05,True,104053d51ef2fa83820a46791eaf32efc27a5c4e,"{""band_order"": ""folded"", ""binary_path"": ""/home/ert/code/worktrees/_lanes/chease/build/mars/CheaseMerge/chease.x"", ""binary_sha256"": ""417668609a48c6c2aec393e397d1559685619f83d96a652828d84ea968590eae"", ""canonical_cocos"": 3, ""case_id"": ""solovev_lcfs_A3"", ""cocos_map"": {""flux_factor"": 1.0, ""q_factor"": -1, ""source_cocos"": 2, ""target_cocos"": 3, ""toroidal_factor"": -1}, ""code"": ""chease_mars"", ""code_commit"": ""104053d51ef2fa83820a46791eaf32efc27a5c4e"", ""command"": [""taskset"", ""-c"", ""10"", ""/home/ert/code/worktrees/_lanes/chease/build/mars/CheaseMerge/chease.x""], ""convergence_warnings"": [], ""cpu"": 10, ""dof_definition"": ""native assembled N4NSNT = 4*(NS+1)*NT"", ""input_hash"": {""EXPEQ"": ""ba546dd53c39cf11924ccbc407d2f798313551f1ee04bb3b19a62226fce729f9"", ""chease_namelist"": ""9bd541a90c2dc22ba0400c287f630aa54c0944c4e6881c00af10c4f21457fe56""}, ""last_residual"": 1.6806e-18, ""native_cocos"": 2, ""native_converged"": true, ""native_iterations"": 6, ""phi_edge_method"": ""2*pi integral of native GEQDSK q dpsi"", ""physical_toroidal_reversal"": -1, ""q_axis"": 1.50001052, ""returncode"": 0, ""settings"": {""B0EXP"": 5.3, ""CFBAL"": 1.0, ""CPRESS"": 1.0, ""EPSLON"": 1e-12, ""NBAL"": 0, ""NBLOPT"": 0, ""NBSOPT"": 0, ""NCHI"": 256, ""NCSCAL"": 4, ""NEGP"": -1, ""NEQDSK"": 0, ""NER"": 1, ""NFUNC"": 4, ""NIDEAL"": 6, ""NIPR"": 1, ""NISO"": 100, ""NMESHA"": 0, ""NOPT"": 0, ""NPLOT"": 1, ""NPP"": 1, ""NPPFUN"": 4, ""NPPR"": 30, ""NPROPT"": 2, ""NPSI"": 256, ""NRBOX"": 257, ""NS"": 64, ""NSMOOTH"": 1, ""NSOUR"": 2, ""NSTTP"": 1, ""NSURF"": 6, ""NT"": 64, ""NTCASE"": 0, ""NTMF0"": 0, ""NV"": 160, ""NVEXP"": 3, ""NZBOX"": 257, ""R0EXP"": 6.2, ""R0W"": 0.9, ""RBOXLEN"": 4.601577669713769, ""RBOXLFT"": 3.4910797907119537, ""RELAX"": 0.0, ""REXT"": 6.0, ""RZ0W"": 0.0, ""ZBOXLEN"": 4.601576335698369}, ""sign_ledger"": ""equilibrium/ERRATA.md EQ-D54/55; CASE_CONTRACT.md"", ""status"": ""complete"", ""threads"": 1, ""wall_s"": 2.926479616202414, ""workdir"": ""/mnt/storage/data2/iter_tc24/phase1/chease_mars/runs/final_compare_20261009a_chease_mars_solovev_lcfs_A3_02/native""}",/mnt/storage/data2/iter_tc24/phase1/chease_mars/runs/final_compare_20261009a_chease_mars_solovev_lcfs_A3_02/native
chease_mars,"{""export_n"":257,""folded"":true,""ns"":128,""nt"":128,""relax"":0,""smooth"":1}",66048,12.441527654184029,True,9.88520259327396e-09,2.9733567967317195e-08,7.616661808461364e-07,2.0043750164386e-06,0.0,0.0,1.0573000686233408e-07,2.804774512153714e-07,3.0106860668738737e-09,5.962827936350833e-09,1.2392943995047425e-07,1.899378627135611e-09,2.6499973710984552e-06,True,104053d51ef2fa83820a46791eaf32efc27a5c4e,"{""band_order"": ""folded"", ""binary_path"": ""/home/ert/code/worktrees/_lanes/chease/build/mars/CheaseMerge/chease.x"", ""binary_sha256"": ""417668609a48c6c2aec393e397d1559685619f83d96a652828d84ea968590eae"", ""canonical_cocos"": 3, ""case_id"": ""solovev_lcfs_A3"", ""cocos_map"": {""flux_factor"": 1.0, ""q_factor"": -1, ""source_cocos"": 2, ""target_cocos"": 3, ""toroidal_factor"": -1}, ""code"": ""chease_mars"", ""code_commit"": ""104053d51ef2fa83820a46791eaf32efc27a5c4e"", ""command"": [""taskset"", ""-c"", ""10"", ""/home/ert/code/worktrees/_lanes/chease/build/mars/CheaseMerge/chease.x""], ""convergence_warnings"": [], ""cpu"": 10, ""dof_definition"": ""native assembled N4NSNT = 4*(NS+1)*NT"", ""input_hash"": {""EXPEQ"": ""ba546dd53c39cf11924ccbc407d2f798313551f1ee04bb3b19a62226fce729f9"", ""chease_namelist"": ""a8da50c8cc76a9e554ffc1069ae8e058564c7653fde8e2782ce837e40f661195""}, ""last_residual"": 2.38315e-18, ""native_cocos"": 2, ""native_converged"": true, ""native_iterations"": 6, ""phi_edge_method"": ""2*pi integral of native GEQDSK q dpsi"", ""physical_toroidal_reversal"": -1, ""q_axis"": 1.500002624, ""returncode"": 0, ""settings"": {""B0EXP"": 5.3, ""CFBAL"": 1.0, ""CPRESS"": 1.0, ""EPSLON"": 1e-12, ""NBAL"": 0, ""NBLOPT"": 0, ""NBSOPT"": 0, ""NCHI"": 512, ""NCSCAL"": 4, ""NEGP"": -1, ""NEQDSK"": 0, ""NER"": 1, ""NFUNC"": 4, ""NIDEAL"": 6, ""NIPR"": 1, ""NISO"": 100, ""NMESHA"": 0, ""NOPT"": 0, ""NPLOT"": 1, ""NPP"": 1, ""NPPFUN"": 4, ""NPPR"": 30, ""NPROPT"": 2, ""NPSI"": 512, ""NRBOX"": 257, ""NS"": 128, ""NSMOOTH"": 1, ""NSOUR"": 2, ""NSTTP"": 1, ""NSURF"": 6, ""NT"": 128, ""NTCASE"": 0, ""NTMF0"": 0, ""NV"": 160, ""NVEXP"": 3, ""NZBOX"": 257, ""R0EXP"": 6.2, ""R0W"": 0.9, ""RBOXLEN"": 4.601577669713769, ""RBOXLFT"": 3.4910797907119537, ""RELAX"": 0.0, ""REXT"": 6.0, ""RZ0W"": 0.0, ""ZBOXLEN"": 4.601576335698369}, ""sign_ledger"": ""equilibrium/ERRATA.md EQ-D54/55; CASE_CONTRACT.md"", ""status"": ""complete"", ""threads"": 1, ""wall_s"": 12.441527654184029, ""workdir"": ""/mnt/storage/data2/iter_tc24/phase1/chease_mars/runs/final_compare_20261009a_chease_mars_solovev_lcfs_A3_03/native""}",/mnt/storage/data2/iter_tc24/phase1/chease_mars/runs/final_compare_20261009a_chease_mars_solovev_lcfs_A3_03/native
vmecpp,"{""ftol"":1e-18,""mpol"":24,""ns"":33,""ntheta"":96,""tcon0"":1.0}",2310,1.329798333114013,True,0.0006924604947181811,0.00149024817476322,0.0017099543146572227,0.004707567934425075,6.044100143386921e-05,0.0005628483727814047,0.00024479630605495105,0.0007590170810144848,4.336250830397672e-05,0.0016178990068801162,1.0351247275512281e-15,9.218425995999565e-16,0.001876900950543551,False,a4150a4e2101bd47868d040f3adee5d0304ce89b,"{""binary_path"": ""/home/ert/code/worktrees/_lanes/vmecpp/.venv/lib/python3.12/site-packages/vmecpp/cpp/_vmecpp.cpython-312-x86_64-linux-gnu.so"", ""binary_sha256"": ""3b49cdc1c85ee3d76b89f46e3d13d4bc316e23571f4c8ebd07d82212a25e13c7"", ""case_id"": ""solovev_lcfs_A3"", ""code_commit"": ""a4150a4e2101bd47868d040f3adee5d0304ce89b"", ""dof_definition"": ""ns*(3*mpol-2), including constrained coefficients"", ""field_readback"": ""parity full-grid geometry / stored half-grid BSUP; EQ-D29"", ""fsql"": 9.872352463939895e-19, ""fsqr"": 1.9134676456985452e-19, ""fsqz"": 4.9962437442723395e-20, ""ftolv"": 1e-18, ""ier_flag"": 0, ""input_hash"": ""2625570846ca0dbd302a12ab54a4b0898b51cbbe4d8da19dbeffbfd52f62cd6c"", ""max_threads"": 1, ""native_converged"": true, ""native_wall_s"": 0.49218985298648477, ""niter"": 1089, ""process_id"": 3378353, ""profile_mapping"": {""flux_area_relative_error"": 6.661338147750939e-16, ""flux_derivative_relative_error"": 3.837204665124716e-09}, ""settings"": {""ai_aux_f"": [0.6666666666666665, 0.6644961742836509, 0.6623249737838316, 0.6601530634678617, 0.6579804416276454, 0.6558071065462638, 0.6536330564979039, 0.6514582897477824, 0.6492828045520739, 0.6471065991578332, 0.6449296718029206, 0.6427520207159237, 0.6405736441160792, 0.638394540213195, 0.6362147072075687, 0.6340341432899077, 0.6318528466412473, 0.6296708154328671, 0.6274880478262076, 0.6253045419727854, 0.6231202960141078, 0.6209353080815843, 0.6187495762964397, 0.6165630987696259, 0.6143758736017298, 0.612187898882883, 0.60999917269267, 0.6078096931000334, 0.6056194581631803, 0.6034284659294855, 0.6012367144353955, 0.599044201706329, 0.5968509257565787, 0.5946568845892087, 0.5924620761959545, 0.590266498557118, 0.5880701496414635, 0.5858730274061118, 0.5836751297964322, 0.5814764547459342, 0.5792770001761575, 0.5770767639965593, 0.5748757441044022, 0.5726739383846394, 0.5704713447097981, 0.5682679609398628, 0.5660637849221547, 0.5638588144912122, 0.5616530474686681, 0.5594464816631247, 0.5572391148700298, 0.555030944871547, 0.5528219694364291, 0.5506121863198845, 0.5484015932634466, 0.546190187994838, 0.5439779682278344, 0.5417649316621265, 0.5395510759831794, 0.5373363988620907, 0.5351208979554458, 0.5329045709051724, 0.5306874153383913, 0.5284694288672666, 0.5262506090888527, 0.52403095358494, 0.5218104599218975, 0.5195891256505131, 0.5173669483058331, 0.5151439254069974, 0.5129200544570732, 0.5106953329428867, 0.5084697583348509, 0.5062433280867926, 0.5040160396357755, 0.501787890401921, 0.49955887778822666, 0.4973289991803815, 0.49509825194657875, 0.4928666334373255, 0.4906341409852494, 0.4884007719049032, 0.4861665234925649, 0.48393139302603566, 0.48169537776443466, 0.47945847494799027, 0.47722068179782806, 0.4749819955157559, 0.4727424132840448, 0.4705019322652069, 0.4682605496017698, 0.46601826241604727, 0.4637750678099055, 0.4615309628645268, 0.459285944640169, 0.4570400101759194, 0.4547931564894474, 0.4525453805767508, 0.45029667941189916, 0.44804704994677125, 0.4457964891107901, 0.4435449938106524, 0.44129256093005287, 0.43903918732940583, 0.43678486984555864, 0.4345296052915044, 0.4322733904560859, 0.4300162221036965, 0.4277580969739751, 0.42549901178149596, 0.42323896321545246, 0.42097794793933624, 0.4187159625906093, 0.41645300378037103, 0.41418906809301925, 0.41192415208590466, 0.4096582522889788, 0.40739136520443614, 0.405123487306349, 0.40285461504029624, 0.40058474482298356, 0.398313873041859, 0.3960419960547193, 0.39376911018930805, 0.3914952117429096, 0.38922029698193095, 0.386944362141478, 0.3846674034249232, 0.3823894170034644], ""ai_aux_s"": [0.0, 0.006016582318598055, 0.012052852445031114, 0.018108946142828056, 0.024185000597183152, 0.030281154434936636, 0.036397547744907915, 0.04253432209858916, 0.048691620571206747, 0.05486958776315863, 0.06106836982183556, 0.06728811446383456, 0.07352897099757313, 0.07979109034631267, 0.0860746250716007, 0.09237972939714001, 0.09870655923309521, 0.10505527220084568, 0.11142602765819469, 0.11781898672504554, 0.12423431230955446, 0.13067216913477112, 0.13713272376577795, 0.1436161446373393, 0.1501226020820719, 0.15665226835914867, 0.1632053176835482, 0.16978192625586197, 0.17638227229267214, 0.18300653605751388, 0.18965489989243453, 0.19632754825016488, 0.20302466772691527, 0.20974644709581278, 0.2164930773409934, 0.22326475169236523, 0.23006166566105843, 0.23688401707557874, 0.24373200611867998, 0.25060583536497527, 0.257505709819302, 0.26443183695586076, 0.2713844267581466, 0.27836369175969106, 0.28536984708563623, 0.2924031104951599, 0.29946370242477427, 0.3065518460325188, 0.3136677672430696, 0.3208116947937888, 0.3279838602817373, 0.33518449821167506, 0.3424138460450736, 0.3496721442501675, 0.3569596363530706, 0.3642765689899839, 0.3716231919605251, 0.37899975828220606, 0.3864065242460903, 0.39384374947366074, 0.4013116969749285, 0.4088106332078167, 0.4163408281388524, 0.4239025553052012, 0.4314960918780811, 0.4391217187275907, 0.44677972048899395, 0.4544703856304956, 0.46219400652255077, 0.4699508795087519, 0.47774130497833234, 0.48556558744033484, 0.49342403559948866, 0.5013169624338445, 0.5092446852742142, 0.5172075258854693, 0.5252058105497458, 0.5332398701516157, 0.5413100402652739, 0.5494166612438052, 0.5575600783105854, 0.5657406416528822, 0.5739587065177169, 0.5822146333100553, 0.5905087876933937, 0.5988415406928126, 0.6072132688005688, 0.6156243540843045, 0.6240751842979477, 0.63256615299539, 0.6410976596470179, 0.6496701097591939, 0.6582839149967687, 0.6669394933087227, 0.6756372690570296, 0.6843776731488473, 0.6931611431721321, 0.7019881235347895, 0.7108590656074713, 0.7197744278701317, 0.7287346760624662, 0.7377402833383531, 0.7467917304244299, 0.7558895057829348, 0.7650341057789566, 0.7742260348522286, 0.7834658056936284, 0.7927539394265241, 0.8020909657931411, 0.8114774233461076, 0.8209138596453601, 0.8304008314605815, 0.8399389049793694, 0.8495286560213204, 0.8591706702582438, 0.8688655434407053, 0.8786138816311316, 0.888416301443696, 0.8982734302912304, 0.9081859066394061, 0.9181543802684483, 0.9281795125426475, 0.9382619766879531, 0.9484024580779398, 0.9586016545284524, 0.968860276601247, 0.979179047916961, 0.9895587054777568, 1.0], ""am_aux_f"": [1103867.2472719357, 1095243.2844026238, 1086619.3215333116, 1077995.3586639997, 1069371.3957946878, 1060747.4329253756, 1052123.4700560637, 1043499.5071867517, 1034875.5443174397, 1026251.5814481277, 1017627.6185788157, 1009003.6557095037, 1000379.6928401918, 991755.7299708797, 983131.7671015677, 974507.8042322557, 965883.8413629438, 957259.8784936317, 948635.9156243197, 940011.9527550078, 931387.9898856957, 922764.0270163837, 914140.0641470718, 905516.1012777598, 896892.1384084477, 888268.1755391357, 879644.2126698238, 871020.2498005118, 862396.2869311997, 853772.3240618878, 845148.3611925758, 836524.3983232637, 827900.4354539518, 819276.4725846398, 810652.5097153278, 802028.5468460157, 793404.5839767038, 784780.6211073918, 776156.6582380797, 767532.6953687678, 758908.7324994558, 750284.7696301438, 741660.8067608317, 733036.8438915198, 724412.8810222078, 715788.9181528958, 707164.9552835838, 698540.9924142718, 689917.0295449598, 681293.0666756479, 672669.1038063358, 664045.1409370238, 655421.1780677118, 646797.2151983998, 638173.2523290878, 629549.2894597758, 620925.3265904639, 612301.3637211518, 603677.4008518398, 595053.4379825279, 586429.4751132159, 577805.5122439038, 569181.5493745918, 560557.5865052799, 551933.6236359678, 543309.6607666558, 534685.6978973439, 526061.7350280319, 517437.77215871983, 508813.80928940786, 500189.8464200959, 491565.88355078385, 482941.9206814719, 474317.95781215985, 465693.9949428479, 457070.0320735359, 448446.06920422387, 439822.1063349119, 431198.14346559986, 422574.1805962879, 413950.2177269759, 405326.2548576639, 396702.2919883519, 388078.3291190399, 379454.3662497279, 370830.40338041587, 362206.4405111039, 353582.4776417919, 344958.5147724799, 336334.5519031679, 327710.5890338559, 319086.6261645439, 310462.66329523193, 301838.7004259199, 293214.7375566079, 284590.7746872959, 275966.8118179839, 267342.84894867195, 258718.88607935992, 250094.92321004794, 241470.96034073594, 232846.99747142394, 224223.03460211193, 215599.07173279993, 206975.10886348796, 198351.14599417595, 189727.18312486395, 181103.22025555195, 172479.25738623994, 163855.29451692794, 155231.33164761597, 146607.36877830396, 137983.40590899196, 129359.44303967996, 120735.48017036797, 112111.51730105597, 103487.55443174398, 94863.59156243198, 86239.62869311997, 77615.66582380798, 68991.70295449598, 60367.740085183985, 51743.77721587199, 43119.814346559986, 34495.85147724799, 25871.888607935995, 17247.925738623995, 8623.962869311998, 0.0], ""am_aux_s"": [0.0, 0.006016582318598055, 0.012052852445031114, 0.018108946142828056, 0.024185000597183152, 0.030281154434936636, 0.036397547744907915, 0.04253432209858916, 0.048691620571206747, 0.05486958776315863, 0.06106836982183556, 0.06728811446383456, 0.07352897099757313, 0.07979109034631267, 0.0860746250716007, 0.09237972939714001, 0.09870655923309521, 0.10505527220084568, 0.11142602765819469, 0.11781898672504554, 0.12423431230955446, 0.13067216913477112, 0.13713272376577795, 0.1436161446373393, 0.1501226020820719, 0.15665226835914867, 0.1632053176835482, 0.16978192625586197, 0.17638227229267214, 0.18300653605751388, 0.18965489989243453, 0.19632754825016488, 0.20302466772691527, 0.20974644709581278, 0.2164930773409934, 0.22326475169236523, 0.23006166566105843, 0.23688401707557874, 0.24373200611867998, 0.25060583536497527, 0.257505709819302, 0.26443183695586076, 0.2713844267581466, 0.27836369175969106, 0.28536984708563623, 0.2924031104951599, 0.29946370242477427, 0.3065518460325188, 0.3136677672430696, 0.3208116947937888, 0.3279838602817373, 0.33518449821167506, 0.3424138460450736, 0.3496721442501675, 0.3569596363530706, 0.3642765689899839, 0.3716231919605251, 0.37899975828220606, 0.3864065242460903, 0.39384374947366074, 0.4013116969749285, 0.4088106332078167, 0.4163408281388524, 0.4239025553052012, 0.4314960918780811, 0.4391217187275907, 0.44677972048899395, 0.4544703856304956, 0.46219400652255077, 0.4699508795087519, 0.47774130497833234, 0.48556558744033484, 0.49342403559948866, 0.5013169624338445, 0.5092446852742142, 0.5172075258854693, 0.5252058105497458, 0.5332398701516157, 0.5413100402652739, 0.5494166612438052, 0.5575600783105854, 0.5657406416528822, 0.5739587065177169, 0.5822146333100553, 0.5905087876933937, 0.5988415406928126, 0.6072132688005688, 0.6156243540843045, 0.6240751842979477, 0.63256615299539, 0.6410976596470179, 0.6496701097591939, 0.6582839149967687, 0.6669394933087227, 0.6756372690570296, 0.6843776731488473, 0.6931611431721321, 0.7019881235347895, 0.7108590656074713, 0.7197744278701317, 0.7287346760624662, 0.7377402833383531, 0.7467917304244299, 0.7558895057829348, 0.7650341057789566, 0.7742260348522286, 0.7834658056936284, 0.7927539394265241, 0.8020909657931411, 0.8114774233461076, 0.8209138596453601, 0.8304008314605815, 0.8399389049793694, 0.8495286560213204, 0.8591706702582438, 0.8688655434407053, 0.8786138816311316, 0.888416301443696, 0.8982734302912304, 0.9081859066394061, 0.9181543802684483, 0.9281795125426475, 0.9382619766879531, 0.9484024580779398, 0.9586016545284524, 0.968860276601247, 0.979179047916961, 0.9895587054777568, 1.0], ""delt"": 0.9, ""ftol_array"": [1e-18], ""gamma"": 0.0, ""lasym"": false, ""lfreeb"": false, ""mpol"": 24, ""ncurr"": 0, ""nfp"": 1, ""niter_array"": [40000], ""ns_array"": [33], ""nstep"": 200, ""ntheta"": 96, ""ntor"": 0, ""phiedge"": 92.49423744163452, ""piota_type"": ""cubic_spline"", ""pmass_type"": ""cubic_spline"", ""raxis_c"": [6.2], ""rbc"": [{""m"": 0, ""n"": 0, ""value"": 6.005125126869011}, {""m"": 1, ""n"": 0, ""value"": 2.171179061716868}, {""m"": 2, ""n"": 0, ""value"": -0.20336482331263905}, {""m"": 3, ""n"": 0, ""value"": 0.03845697400496961}, {""m"": 4, ""n"": 0, ""value"": -0.009125673572395188}, {""m"": 5, ""n"": 0, ""value"": 0.002430117792055375}, {""m"": 6, ""n"": 0, ""value"": -0.0006941399042248997}, {""m"": 7, ""n"": 0, ""value"": 0.0002078650949042804}, {""m"": 8, ""n"": 0, ""value"": -6.439970820745766e-05}, {""m"": 9, ""n"": 0, ""value"": 2.047051369405417e-05}, {""m"": 10, ""n"": 0, ""value"": -6.638672209874352e-06}, {""m"": 11, ""n"": 0, ""value"": 2.18789564107591e-06}, {""m"": 12, ""n"": 0, ""value"": -7.306536146944875e-07}, {""m"": 13, ""n"": 0, ""value"": 2.4671302695233877e-07}, {""m"": 14, ""n"": 0, ""value"": -8.408907084533901e-08}, {""m"": 15, ""n"": 0, ""value"": 2.8892135350844228e-08}, {""m"": 16, ""n"": 0, ""value"": -9.996588021341651e-09}, {""m"": 17, ""n"": 0, ""value"": 3.4800113069000105e-09}, {""m"": 18, ""n"": 0, ""value"": -1.2180275954509767e-09}, {""m"": 19, ""n"": 0, ""value"": 4.283723514797444e-10}, {""m"": 20, ""n"": 0, ""value"": -1.5130744573932375e-10}, {""m"": 21, ""n"": 0, ""value"": 5.365087540898372e-11}, {""m"": 22, ""n"": 0, ""value"": -1.9091450642605423e-11}, {""m"": 23, ""n"": 0, ""value"": 6.814673825239481e-12}], ""return_outputs_even_if_not_converged"": true, ""tcon0"": 1.0, ""zaxis_s"": [0.0], ""zbs"": [{""m"": 0, ""n"": 0, ""value"": 0.0}, {""m"": 1, ""n"": 0, ""value"": 2.171179061716869}, {""m"": 2, ""n"": 0, ""value"": -0.4067296466252768}, {""m"": 3, ""n"": 0, ""value"": 0.11537092201491073}, {""m"": 4, ""n"": 0, ""value"": -0.03650269428957756}, {""m"": 5, ""n"": 0, ""value"": 0.012150588960279249}, {""m"": 6, ""n"": 0, ""value"": -0.00416483942534529}, {""m"": 7, ""n"": 0, ""value"": 0.001455055664331982}, {""m"": 8, ""n"": 0, ""value"": -0.0005151976656593699}, {""m"": 9, ""n"": 0, ""value"": 0.00018423462325137252}, {""m"": 10, ""n"": 0, ""value"": -6.638672209331731e-05}, {""m"": 11, ""n"": 0, ""value"": 2.406685205528364e-05}, {""m"": 12, ""n"": 0, ""value"": -8.767843370158235e-06}, {""m"": 13, ""n"": 0, ""value"": 3.2072693620273374e-06}, {""m"": 14, ""n"": 0, ""value"": -1.177246987789371e-06}, {""m"": 15, ""n"": 0, ""value"": 4.3338204736356745e-07}, {""m"": 16, ""n"": 0, ""value"": -1.5994539557390164e-07}, {""m"": 17, ""n"": 0, ""value"": 5.9160201718380656e-08}, {""m"": 18, ""n"": 0, ""value"": -2.1924490223312887e-08}, {""m"": 19, ""n"": 0, ""value"": 8.1390881014054e-09}, {""m"": 20, ""n"": 0, ""value"": -3.0261343014759134e-09}, {""m"": 21, ""n"": 0, ""value"": 1.1266755566702313e-09}, {""m"": 22, ""n"": 0, ""value"": -4.2000043720680225e-10}, {""m"": 23, ""n"": 0, ""value"": 1.5674395635600913e-10}]}, ""sign_map"": ""EQ-D57; COCOS 3: psi=-(chi-chi_edge)/(2*pi), q=-signgs/iota; native cylindrical B"", ""state"": ""complete"", ""version"": ""0.8.1"", ""wall_s"": 1.329798333114013}",/mnt/storage/data2/iter_tc24/phase1/vmecpp/runs/final_compare_20261009a_vmecpp_solovev_lcfs_A3_00/native
vmecpp,"{""ftol"":1e-18,""mpol"":24,""ns"":65,""ntheta"":96,""tcon0"":1.0}",4550,2.0814621089957654,True,0.0002085844277490802,0.0006775273233331603,0.0006204253518915676,0.0025220796911045347,1.7838320979402414e-05,0.0002034272110756561,8.79168979348583e-05,0.0003819506439291595,1.0783494100999991e-05,0.000741688192736721,1.0351247275512281e-15,4.609212997999783e-16,0.0005957813142997102,False,a4150a4e2101bd47868d040f3adee5d0304ce89b,"{""binary_path"": ""/home/ert/code/worktrees/_lanes/vmecpp/.venv/lib/python3.12/site-packages/vmecpp/cpp/_vmecpp.cpython-312-x86_64-linux-gnu.so"", ""binary_sha256"": ""3b49cdc1c85ee3d76b89f46e3d13d4bc316e23571f4c8ebd07d82212a25e13c7"", ""case_id"": ""solovev_lcfs_A3"", ""code_commit"": ""a4150a4e2101bd47868d040f3adee5d0304ce89b"", ""dof_definition"": ""ns*(3*mpol-2), including constrained coefficients"", ""field_readback"": ""parity full-grid geometry / stored half-grid BSUP; EQ-D29"", ""fsql"": 9.923372234139284e-19, ""fsqr"": 6.017940330664583e-19, ""fsqz"": 1.6438813549443301e-19, ""ftolv"": 1e-18, ""ier_flag"": 0, ""input_hash"": ""69e2dd622d836bbeab48544fe4df5ee00be30974c430c3ecd779c7de209b0432"", ""max_threads"": 1, ""native_converged"": true, ""native_wall_s"": 1.2532133948989213, ""niter"": 1402, ""process_id"": 3378416, ""profile_mapping"": {""flux_area_relative_error"": 6.661338147750939e-16, ""flux_derivative_relative_error"": 3.837204665124716e-09}, ""settings"": {""ai_aux_f"": [0.6666666666666665, 0.6644961742836509, 0.6623249737838316, 0.6601530634678617, 0.6579804416276454, 0.6558071065462638, 0.6536330564979039, 0.6514582897477824, 0.6492828045520739, 0.6471065991578332, 0.6449296718029206, 0.6427520207159237, 0.6405736441160792, 0.638394540213195, 0.6362147072075687, 0.6340341432899077, 0.6318528466412473, 0.6296708154328671, 0.6274880478262076, 0.6253045419727854, 0.6231202960141078, 0.6209353080815843, 0.6187495762964397, 0.6165630987696259, 0.6143758736017298, 0.612187898882883, 0.60999917269267, 0.6078096931000334, 0.6056194581631803, 0.6034284659294855, 0.6012367144353955, 0.599044201706329, 0.5968509257565787, 0.5946568845892087, 0.5924620761959545, 0.590266498557118, 0.5880701496414635, 0.5858730274061118, 0.5836751297964322, 0.5814764547459342, 0.5792770001761575, 0.5770767639965593, 0.5748757441044022, 0.5726739383846394, 0.5704713447097981, 0.5682679609398628, 0.5660637849221547, 0.5638588144912122, 0.5616530474686681, 0.5594464816631247, 0.5572391148700298, 0.555030944871547, 0.5528219694364291, 0.5506121863198845, 0.5484015932634466, 0.546190187994838, 0.5439779682278344, 0.5417649316621265, 0.5395510759831794, 0.5373363988620907, 0.5351208979554458, 0.5329045709051724, 0.5306874153383913, 0.5284694288672666, 0.5262506090888527, 0.52403095358494, 0.5218104599218975, 0.5195891256505131, 0.5173669483058331, 0.5151439254069974, 0.5129200544570732, 0.5106953329428867, 0.5084697583348509, 0.5062433280867926, 0.5040160396357755, 0.501787890401921, 0.49955887778822666, 0.4973289991803815, 0.49509825194657875, 0.4928666334373255, 0.4906341409852494, 0.4884007719049032, 0.4861665234925649, 0.48393139302603566, 0.48169537776443466, 0.47945847494799027, 0.47722068179782806, 0.4749819955157559, 0.4727424132840448, 0.4705019322652069, 0.4682605496017698, 0.46601826241604727, 0.4637750678099055, 0.4615309628645268, 0.459285944640169, 0.4570400101759194, 0.4547931564894474, 0.4525453805767508, 0.45029667941189916, 0.44804704994677125, 0.4457964891107901, 0.4435449938106524, 0.44129256093005287, 0.43903918732940583, 0.43678486984555864, 0.4345296052915044, 0.4322733904560859, 0.4300162221036965, 0.4277580969739751, 0.42549901178149596, 0.42323896321545246, 0.42097794793933624, 0.4187159625906093, 0.41645300378037103, 0.41418906809301925, 0.41192415208590466, 0.4096582522889788, 0.40739136520443614, 0.405123487306349, 0.40285461504029624, 0.40058474482298356, 0.398313873041859, 0.3960419960547193, 0.39376911018930805, 0.3914952117429096, 0.38922029698193095, 0.386944362141478, 0.3846674034249232, 0.3823894170034644], ""ai_aux_s"": [0.0, 0.006016582318598055, 0.012052852445031114, 0.018108946142828056, 0.024185000597183152, 0.030281154434936636, 0.036397547744907915, 0.04253432209858916, 0.048691620571206747, 0.05486958776315863, 0.06106836982183556, 0.06728811446383456, 0.07352897099757313, 0.07979109034631267, 0.0860746250716007, 0.09237972939714001, 0.09870655923309521, 0.10505527220084568, 0.11142602765819469, 0.11781898672504554, 0.12423431230955446, 0.13067216913477112, 0.13713272376577795, 0.1436161446373393, 0.1501226020820719, 0.15665226835914867, 0.1632053176835482, 0.16978192625586197, 0.17638227229267214, 0.18300653605751388, 0.18965489989243453, 0.19632754825016488, 0.20302466772691527, 0.20974644709581278, 0.2164930773409934, 0.22326475169236523, 0.23006166566105843, 0.23688401707557874, 0.24373200611867998, 0.25060583536497527, 0.257505709819302, 0.26443183695586076, 0.2713844267581466, 0.27836369175969106, 0.28536984708563623, 0.2924031104951599, 0.29946370242477427, 0.3065518460325188, 0.3136677672430696, 0.3208116947937888, 0.3279838602817373, 0.33518449821167506, 0.3424138460450736, 0.3496721442501675, 0.3569596363530706, 0.3642765689899839, 0.3716231919605251, 0.37899975828220606, 0.3864065242460903, 0.39384374947366074, 0.4013116969749285, 0.4088106332078167, 0.4163408281388524, 0.4239025553052012, 0.4314960918780811, 0.4391217187275907, 0.44677972048899395, 0.4544703856304956, 0.46219400652255077, 0.4699508795087519, 0.47774130497833234, 0.48556558744033484, 0.49342403559948866, 0.5013169624338445, 0.5092446852742142, 0.5172075258854693, 0.5252058105497458, 0.5332398701516157, 0.5413100402652739, 0.5494166612438052, 0.5575600783105854, 0.5657406416528822, 0.5739587065177169, 0.5822146333100553, 0.5905087876933937, 0.5988415406928126, 0.6072132688005688, 0.6156243540843045, 0.6240751842979477, 0.63256615299539, 0.6410976596470179, 0.6496701097591939, 0.6582839149967687, 0.6669394933087227, 0.6756372690570296, 0.6843776731488473, 0.6931611431721321, 0.7019881235347895, 0.7108590656074713, 0.7197744278701317, 0.7287346760624662, 0.7377402833383531, 0.7467917304244299, 0.7558895057829348, 0.7650341057789566, 0.7742260348522286, 0.7834658056936284, 0.7927539394265241, 0.8020909657931411, 0.8114774233461076, 0.8209138596453601, 0.8304008314605815, 0.8399389049793694, 0.8495286560213204, 0.8591706702582438, 0.8688655434407053, 0.8786138816311316, 0.888416301443696, 0.8982734302912304, 0.9081859066394061, 0.9181543802684483, 0.9281795125426475, 0.9382619766879531, 0.9484024580779398, 0.9586016545284524, 0.968860276601247, 0.979179047916961, 0.9895587054777568, 1.0], ""am_aux_f"": [1103867.2472719357, 1095243.2844026238, 1086619.3215333116, 1077995.3586639997, 1069371.3957946878, 1060747.4329253756, 1052123.4700560637, 1043499.5071867517, 1034875.5443174397, 1026251.5814481277, 1017627.6185788157, 1009003.6557095037, 1000379.6928401918, 991755.7299708797, 983131.7671015677, 974507.8042322557, 965883.8413629438, 957259.8784936317, 948635.9156243197, 940011.9527550078, 931387.9898856957, 922764.0270163837, 914140.0641470718, 905516.1012777598, 896892.1384084477, 888268.1755391357, 879644.2126698238, 871020.2498005118, 862396.2869311997, 853772.3240618878, 845148.3611925758, 836524.3983232637, 827900.4354539518, 819276.4725846398, 810652.5097153278, 802028.5468460157, 793404.5839767038, 784780.6211073918, 776156.6582380797, 767532.6953687678, 758908.7324994558, 750284.7696301438, 741660.8067608317, 733036.8438915198, 724412.8810222078, 715788.9181528958, 707164.9552835838, 698540.9924142718, 689917.0295449598, 681293.0666756479, 672669.1038063358, 664045.1409370238, 655421.1780677118, 646797.2151983998, 638173.2523290878, 629549.2894597758, 620925.3265904639, 612301.3637211518, 603677.4008518398, 595053.4379825279, 586429.4751132159, 577805.5122439038, 569181.5493745918, 560557.5865052799, 551933.6236359678, 543309.6607666558, 534685.6978973439, 526061.7350280319, 517437.77215871983, 508813.80928940786, 500189.8464200959, 491565.88355078385, 482941.9206814719, 474317.95781215985, 465693.9949428479, 457070.0320735359, 448446.06920422387, 439822.1063349119, 431198.14346559986, 422574.1805962879, 413950.2177269759, 405326.2548576639, 396702.2919883519, 388078.3291190399, 379454.3662497279, 370830.40338041587, 362206.4405111039, 353582.4776417919, 344958.5147724799, 336334.5519031679, 327710.5890338559, 319086.6261645439, 310462.66329523193, 301838.7004259199, 293214.7375566079, 284590.7746872959, 275966.8118179839, 267342.84894867195, 258718.88607935992, 250094.92321004794, 241470.96034073594, 232846.99747142394, 224223.03460211193, 215599.07173279993, 206975.10886348796, 198351.14599417595, 189727.18312486395, 181103.22025555195, 172479.25738623994, 163855.29451692794, 155231.33164761597, 146607.36877830396, 137983.40590899196, 129359.44303967996, 120735.48017036797, 112111.51730105597, 103487.55443174398, 94863.59156243198, 86239.62869311997, 77615.66582380798, 68991.70295449598, 60367.740085183985, 51743.77721587199, 43119.814346559986, 34495.85147724799, 25871.888607935995, 17247.925738623995, 8623.962869311998, 0.0], ""am_aux_s"": [0.0, 0.006016582318598055, 0.012052852445031114, 0.018108946142828056, 0.024185000597183152, 0.030281154434936636, 0.036397547744907915, 0.04253432209858916, 0.048691620571206747, 0.05486958776315863, 0.06106836982183556, 0.06728811446383456, 0.07352897099757313, 0.07979109034631267, 0.0860746250716007, 0.09237972939714001, 0.09870655923309521, 0.10505527220084568, 0.11142602765819469, 0.11781898672504554, 0.12423431230955446, 0.13067216913477112, 0.13713272376577795, 0.1436161446373393, 0.1501226020820719, 0.15665226835914867, 0.1632053176835482, 0.16978192625586197, 0.17638227229267214, 0.18300653605751388, 0.18965489989243453, 0.19632754825016488, 0.20302466772691527, 0.20974644709581278, 0.2164930773409934, 0.22326475169236523, 0.23006166566105843, 0.23688401707557874, 0.24373200611867998, 0.25060583536497527, 0.257505709819302, 0.26443183695586076, 0.2713844267581466, 0.27836369175969106, 0.28536984708563623, 0.2924031104951599, 0.29946370242477427, 0.3065518460325188, 0.3136677672430696, 0.3208116947937888, 0.3279838602817373, 0.33518449821167506, 0.3424138460450736, 0.3496721442501675, 0.3569596363530706, 0.3642765689899839, 0.3716231919605251, 0.37899975828220606, 0.3864065242460903, 0.39384374947366074, 0.4013116969749285, 0.4088106332078167, 0.4163408281388524, 0.4239025553052012, 0.4314960918780811, 0.4391217187275907, 0.44677972048899395, 0.4544703856304956, 0.46219400652255077, 0.4699508795087519, 0.47774130497833234, 0.48556558744033484, 0.49342403559948866, 0.5013169624338445, 0.5092446852742142, 0.5172075258854693, 0.5252058105497458, 0.5332398701516157, 0.5413100402652739, 0.5494166612438052, 0.5575600783105854, 0.5657406416528822, 0.5739587065177169, 0.5822146333100553, 0.5905087876933937, 0.5988415406928126, 0.6072132688005688, 0.6156243540843045, 0.6240751842979477, 0.63256615299539, 0.6410976596470179, 0.6496701097591939, 0.6582839149967687, 0.6669394933087227, 0.6756372690570296, 0.6843776731488473, 0.6931611431721321, 0.7019881235347895, 0.7108590656074713, 0.7197744278701317, 0.7287346760624662, 0.7377402833383531, 0.7467917304244299, 0.7558895057829348, 0.7650341057789566, 0.7742260348522286, 0.7834658056936284, 0.7927539394265241, 0.8020909657931411, 0.8114774233461076, 0.8209138596453601, 0.8304008314605815, 0.8399389049793694, 0.8495286560213204, 0.8591706702582438, 0.8688655434407053, 0.8786138816311316, 0.888416301443696, 0.8982734302912304, 0.9081859066394061, 0.9181543802684483, 0.9281795125426475, 0.9382619766879531, 0.9484024580779398, 0.9586016545284524, 0.968860276601247, 0.979179047916961, 0.9895587054777568, 1.0], ""delt"": 0.9, ""ftol_array"": [1e-18], ""gamma"": 0.0, ""lasym"": false, ""lfreeb"": false, ""mpol"": 24, ""ncurr"": 0, ""nfp"": 1, ""niter_array"": [40000], ""ns_array"": [65], ""nstep"": 200, ""ntheta"": 96, ""ntor"": 0, ""phiedge"": 92.49423744163452, ""piota_type"": ""cubic_spline"", ""pmass_type"": ""cubic_spline"", ""raxis_c"": [6.2], ""rbc"": [{""m"": 0, ""n"": 0, ""value"": 6.005125126869011}, {""m"": 1, ""n"": 0, ""value"": 2.171179061716868}, {""m"": 2, ""n"": 0, ""value"": -0.20336482331263905}, {""m"": 3, ""n"": 0, ""value"": 0.03845697400496961}, {""m"": 4, ""n"": 0, ""value"": -0.009125673572395188}, {""m"": 5, ""n"": 0, ""value"": 0.002430117792055375}, {""m"": 6, ""n"": 0, ""value"": -0.0006941399042248997}, {""m"": 7, ""n"": 0, ""value"": 0.0002078650949042804}, {""m"": 8, ""n"": 0, ""value"": -6.439970820745766e-05}, {""m"": 9, ""n"": 0, ""value"": 2.047051369405417e-05}, {""m"": 10, ""n"": 0, ""value"": -6.638672209874352e-06}, {""m"": 11, ""n"": 0, ""value"": 2.18789564107591e-06}, {""m"": 12, ""n"": 0, ""value"": -7.306536146944875e-07}, {""m"": 13, ""n"": 0, ""value"": 2.4671302695233877e-07}, {""m"": 14, ""n"": 0, ""value"": -8.408907084533901e-08}, {""m"": 15, ""n"": 0, ""value"": 2.8892135350844228e-08}, {""m"": 16, ""n"": 0, ""value"": -9.996588021341651e-09}, {""m"": 17, ""n"": 0, ""value"": 3.4800113069000105e-09}, {""m"": 18, ""n"": 0, ""value"": -1.2180275954509767e-09}, {""m"": 19, ""n"": 0, ""value"": 4.283723514797444e-10}, {""m"": 20, ""n"": 0, ""value"": -1.5130744573932375e-10}, {""m"": 21, ""n"": 0, ""value"": 5.365087540898372e-11}, {""m"": 22, ""n"": 0, ""value"": -1.9091450642605423e-11}, {""m"": 23, ""n"": 0, ""value"": 6.814673825239481e-12}], ""return_outputs_even_if_not_converged"": true, ""tcon0"": 1.0, ""zaxis_s"": [0.0], ""zbs"": [{""m"": 0, ""n"": 0, ""value"": 0.0}, {""m"": 1, ""n"": 0, ""value"": 2.171179061716869}, {""m"": 2, ""n"": 0, ""value"": -0.4067296466252768}, {""m"": 3, ""n"": 0, ""value"": 0.11537092201491073}, {""m"": 4, ""n"": 0, ""value"": -0.03650269428957756}, {""m"": 5, ""n"": 0, ""value"": 0.012150588960279249}, {""m"": 6, ""n"": 0, ""value"": -0.00416483942534529}, {""m"": 7, ""n"": 0, ""value"": 0.001455055664331982}, {""m"": 8, ""n"": 0, ""value"": -0.0005151976656593699}, {""m"": 9, ""n"": 0, ""value"": 0.00018423462325137252}, {""m"": 10, ""n"": 0, ""value"": -6.638672209331731e-05}, {""m"": 11, ""n"": 0, ""value"": 2.406685205528364e-05}, {""m"": 12, ""n"": 0, ""value"": -8.767843370158235e-06}, {""m"": 13, ""n"": 0, ""value"": 3.2072693620273374e-06}, {""m"": 14, ""n"": 0, ""value"": -1.177246987789371e-06}, {""m"": 15, ""n"": 0, ""value"": 4.3338204736356745e-07}, {""m"": 16, ""n"": 0, ""value"": -1.5994539557390164e-07}, {""m"": 17, ""n"": 0, ""value"": 5.9160201718380656e-08}, {""m"": 18, ""n"": 0, ""value"": -2.1924490223312887e-08}, {""m"": 19, ""n"": 0, ""value"": 8.1390881014054e-09}, {""m"": 20, ""n"": 0, ""value"": -3.0261343014759134e-09}, {""m"": 21, ""n"": 0, ""value"": 1.1266755566702313e-09}, {""m"": 22, ""n"": 0, ""value"": -4.2000043720680225e-10}, {""m"": 23, ""n"": 0, ""value"": 1.5674395635600913e-10}]}, ""sign_map"": ""EQ-D57; COCOS 3: psi=-(chi-chi_edge)/(2*pi), q=-signgs/iota; native cylindrical B"", ""state"": ""complete"", ""version"": ""0.8.1"", ""wall_s"": 2.0814621089957654}",/mnt/storage/data2/iter_tc24/phase1/vmecpp/runs/final_compare_20261009a_vmecpp_solovev_lcfs_A3_01/native
vmecpp,"{""ftol"":1e-18,""mpol"":24,""ns"":129,""ntheta"":96,""tcon0"":1.0}",9030,4.98308694595471,True,6.298590258278737e-05,0.0003204731267186036,0.0002666832635876301,0.0016721355664422591,5.905217072202108e-06,6.54774799826209e-05,3.747846640714321e-05,0.0002428322375046778,2.2729113395817956e-06,0.00033347686868743663,1.0351247275512281e-15,2.3046064989998912e-15,0.0002215381912021744,False,a4150a4e2101bd47868d040f3adee5d0304ce89b,"{""binary_path"": ""/home/ert/code/worktrees/_lanes/vmecpp/.venv/lib/python3.12/site-packages/vmecpp/cpp/_vmecpp.cpython-312-x86_64-linux-gnu.so"", ""binary_sha256"": ""3b49cdc1c85ee3d76b89f46e3d13d4bc316e23571f4c8ebd07d82212a25e13c7"", ""case_id"": ""solovev_lcfs_A3"", ""code_commit"": ""a4150a4e2101bd47868d040f3adee5d0304ce89b"", ""dof_definition"": ""ns*(3*mpol-2), including constrained coefficients"", ""field_readback"": ""parity full-grid geometry / stored half-grid BSUP; EQ-D29"", ""fsql"": 4.260431288646347e-19, ""fsqr"": 9.943751198933741e-19, ""fsqz"": 3.680910205368226e-19, ""ftolv"": 1e-18, ""ier_flag"": 0, ""input_hash"": ""e67612ede5014f300ca95f10e972bccfcbc28f0e3081604db54b190ca814b649"", ""max_threads"": 1, ""native_converged"": true, ""native_wall_s"": 4.181480630999431, ""niter"": 2359, ""process_id"": 3378547, ""profile_mapping"": {""flux_area_relative_error"": 6.661338147750939e-16, ""flux_derivative_relative_error"": 3.837204665124716e-09}, ""settings"": {""ai_aux_f"": [0.6666666666666665, 0.6644961742836509, 0.6623249737838316, 0.6601530634678617, 0.6579804416276454, 0.6558071065462638, 0.6536330564979039, 0.6514582897477824, 0.6492828045520739, 0.6471065991578332, 0.6449296718029206, 0.6427520207159237, 0.6405736441160792, 0.638394540213195, 0.6362147072075687, 0.6340341432899077, 0.6318528466412473, 0.6296708154328671, 0.6274880478262076, 0.6253045419727854, 0.6231202960141078, 0.6209353080815843, 0.6187495762964397, 0.6165630987696259, 0.6143758736017298, 0.612187898882883, 0.60999917269267, 0.6078096931000334, 0.6056194581631803, 0.6034284659294855, 0.6012367144353955, 0.599044201706329, 0.5968509257565787, 0.5946568845892087, 0.5924620761959545, 0.590266498557118, 0.5880701496414635, 0.5858730274061118, 0.5836751297964322, 0.5814764547459342, 0.5792770001761575, 0.5770767639965593, 0.5748757441044022, 0.5726739383846394, 0.5704713447097981, 0.5682679609398628, 0.5660637849221547, 0.5638588144912122, 0.5616530474686681, 0.5594464816631247, 0.5572391148700298, 0.555030944871547, 0.5528219694364291, 0.5506121863198845, 0.5484015932634466, 0.546190187994838, 0.5439779682278344, 0.5417649316621265, 0.5395510759831794, 0.5373363988620907, 0.5351208979554458, 0.5329045709051724, 0.5306874153383913, 0.5284694288672666, 0.5262506090888527, 0.52403095358494, 0.5218104599218975, 0.5195891256505131, 0.5173669483058331, 0.5151439254069974, 0.5129200544570732, 0.5106953329428867, 0.5084697583348509, 0.5062433280867926, 0.5040160396357755, 0.501787890401921, 0.49955887778822666, 0.4973289991803815, 0.49509825194657875, 0.4928666334373255, 0.4906341409852494, 0.4884007719049032, 0.4861665234925649, 0.48393139302603566, 0.48169537776443466, 0.47945847494799027, 0.47722068179782806, 0.4749819955157559, 0.4727424132840448, 0.4705019322652069, 0.4682605496017698, 0.46601826241604727, 0.4637750678099055, 0.4615309628645268, 0.459285944640169, 0.4570400101759194, 0.4547931564894474, 0.4525453805767508, 0.45029667941189916, 0.44804704994677125, 0.4457964891107901, 0.4435449938106524, 0.44129256093005287, 0.43903918732940583, 0.43678486984555864, 0.4345296052915044, 0.4322733904560859, 0.4300162221036965, 0.4277580969739751, 0.42549901178149596, 0.42323896321545246, 0.42097794793933624, 0.4187159625906093, 0.41645300378037103, 0.41418906809301925, 0.41192415208590466, 0.4096582522889788, 0.40739136520443614, 0.405123487306349, 0.40285461504029624, 0.40058474482298356, 0.398313873041859, 0.3960419960547193, 0.39376911018930805, 0.3914952117429096, 0.38922029698193095, 0.386944362141478, 0.3846674034249232, 0.3823894170034644], ""ai_aux_s"": [0.0, 0.006016582318598055, 0.012052852445031114, 0.018108946142828056, 0.024185000597183152, 0.030281154434936636, 0.036397547744907915, 0.04253432209858916, 0.048691620571206747, 0.05486958776315863, 0.06106836982183556, 0.06728811446383456, 0.07352897099757313, 0.07979109034631267, 0.0860746250716007, 0.09237972939714001, 0.09870655923309521, 0.10505527220084568, 0.11142602765819469, 0.11781898672504554, 0.12423431230955446, 0.13067216913477112, 0.13713272376577795, 0.1436161446373393, 0.1501226020820719, 0.15665226835914867, 0.1632053176835482, 0.16978192625586197, 0.17638227229267214, 0.18300653605751388, 0.18965489989243453, 0.19632754825016488, 0.20302466772691527, 0.20974644709581278, 0.2164930773409934, 0.22326475169236523, 0.23006166566105843, 0.23688401707557874, 0.24373200611867998, 0.25060583536497527, 0.257505709819302, 0.26443183695586076, 0.2713844267581466, 0.27836369175969106, 0.28536984708563623, 0.2924031104951599, 0.29946370242477427, 0.3065518460325188, 0.3136677672430696, 0.3208116947937888, 0.3279838602817373, 0.33518449821167506, 0.3424138460450736, 0.3496721442501675, 0.3569596363530706, 0.3642765689899839, 0.3716231919605251, 0.37899975828220606, 0.3864065242460903, 0.39384374947366074, 0.4013116969749285, 0.4088106332078167, 0.4163408281388524, 0.4239025553052012, 0.4314960918780811, 0.4391217187275907, 0.44677972048899395, 0.4544703856304956, 0.46219400652255077, 0.4699508795087519, 0.47774130497833234, 0.48556558744033484, 0.49342403559948866, 0.5013169624338445, 0.5092446852742142, 0.5172075258854693, 0.5252058105497458, 0.5332398701516157, 0.5413100402652739, 0.5494166612438052, 0.5575600783105854, 0.5657406416528822, 0.5739587065177169, 0.5822146333100553, 0.5905087876933937, 0.5988415406928126, 0.6072132688005688, 0.6156243540843045, 0.6240751842979477, 0.63256615299539, 0.6410976596470179, 0.6496701097591939, 0.6582839149967687, 0.6669394933087227, 0.6756372690570296, 0.6843776731488473, 0.6931611431721321, 0.7019881235347895, 0.7108590656074713, 0.7197744278701317, 0.7287346760624662, 0.7377402833383531, 0.7467917304244299, 0.7558895057829348, 0.7650341057789566, 0.7742260348522286, 0.7834658056936284, 0.7927539394265241, 0.8020909657931411, 0.8114774233461076, 0.8209138596453601, 0.8304008314605815, 0.8399389049793694, 0.8495286560213204, 0.8591706702582438, 0.8688655434407053, 0.8786138816311316, 0.888416301443696, 0.8982734302912304, 0.9081859066394061, 0.9181543802684483, 0.9281795125426475, 0.9382619766879531, 0.9484024580779398, 0.9586016545284524, 0.968860276601247, 0.979179047916961, 0.9895587054777568, 1.0], ""am_aux_f"": [1103867.2472719357, 1095243.2844026238, 1086619.3215333116, 1077995.3586639997, 1069371.3957946878, 1060747.4329253756, 1052123.4700560637, 1043499.5071867517, 1034875.5443174397, 1026251.5814481277, 1017627.6185788157, 1009003.6557095037, 1000379.6928401918, 991755.7299708797, 983131.7671015677, 974507.8042322557, 965883.8413629438, 957259.8784936317, 948635.9156243197, 940011.9527550078, 931387.9898856957, 922764.0270163837, 914140.0641470718, 905516.1012777598, 896892.1384084477, 888268.1755391357, 879644.2126698238, 871020.2498005118, 862396.2869311997, 853772.3240618878, 845148.3611925758, 836524.3983232637, 827900.4354539518, 819276.4725846398, 810652.5097153278, 802028.5468460157, 793404.5839767038, 784780.6211073918, 776156.6582380797, 767532.6953687678, 758908.7324994558, 750284.7696301438, 741660.8067608317, 733036.8438915198, 724412.8810222078, 715788.9181528958, 707164.9552835838, 698540.9924142718, 689917.0295449598, 681293.0666756479, 672669.1038063358, 664045.1409370238, 655421.1780677118, 646797.2151983998, 638173.2523290878, 629549.2894597758, 620925.3265904639, 612301.3637211518, 603677.4008518398, 595053.4379825279, 586429.4751132159, 577805.5122439038, 569181.5493745918, 560557.5865052799, 551933.6236359678, 543309.6607666558, 534685.6978973439, 526061.7350280319, 517437.77215871983, 508813.80928940786, 500189.8464200959, 491565.88355078385, 482941.9206814719, 474317.95781215985, 465693.9949428479, 457070.0320735359, 448446.06920422387, 439822.1063349119, 431198.14346559986, 422574.1805962879, 413950.2177269759, 405326.2548576639, 396702.2919883519, 388078.3291190399, 379454.3662497279, 370830.40338041587, 362206.4405111039, 353582.4776417919, 344958.5147724799, 336334.5519031679, 327710.5890338559, 319086.6261645439, 310462.66329523193, 301838.7004259199, 293214.7375566079, 284590.7746872959, 275966.8118179839, 267342.84894867195, 258718.88607935992, 250094.92321004794, 241470.96034073594, 232846.99747142394, 224223.03460211193, 215599.07173279993, 206975.10886348796, 198351.14599417595, 189727.18312486395, 181103.22025555195, 172479.25738623994, 163855.29451692794, 155231.33164761597, 146607.36877830396, 137983.40590899196, 129359.44303967996, 120735.48017036797, 112111.51730105597, 103487.55443174398, 94863.59156243198, 86239.62869311997, 77615.66582380798, 68991.70295449598, 60367.740085183985, 51743.77721587199, 43119.814346559986, 34495.85147724799, 25871.888607935995, 17247.925738623995, 8623.962869311998, 0.0], ""am_aux_s"": [0.0, 0.006016582318598055, 0.012052852445031114, 0.018108946142828056, 0.024185000597183152, 0.030281154434936636, 0.036397547744907915, 0.04253432209858916, 0.048691620571206747, 0.05486958776315863, 0.06106836982183556, 0.06728811446383456, 0.07352897099757313, 0.07979109034631267, 0.0860746250716007, 0.09237972939714001, 0.09870655923309521, 0.10505527220084568, 0.11142602765819469, 0.11781898672504554, 0.12423431230955446, 0.13067216913477112, 0.13713272376577795, 0.1436161446373393, 0.1501226020820719, 0.15665226835914867, 0.1632053176835482, 0.16978192625586197, 0.17638227229267214, 0.18300653605751388, 0.18965489989243453, 0.19632754825016488, 0.20302466772691527, 0.20974644709581278, 0.2164930773409934, 0.22326475169236523, 0.23006166566105843, 0.23688401707557874, 0.24373200611867998, 0.25060583536497527, 0.257505709819302, 0.26443183695586076, 0.2713844267581466, 0.27836369175969106, 0.28536984708563623, 0.2924031104951599, 0.29946370242477427, 0.3065518460325188, 0.3136677672430696, 0.3208116947937888, 0.3279838602817373, 0.33518449821167506, 0.3424138460450736, 0.3496721442501675, 0.3569596363530706, 0.3642765689899839, 0.3716231919605251, 0.37899975828220606, 0.3864065242460903, 0.39384374947366074, 0.4013116969749285, 0.4088106332078167, 0.4163408281388524, 0.4239025553052012, 0.4314960918780811, 0.4391217187275907, 0.44677972048899395, 0.4544703856304956, 0.46219400652255077, 0.4699508795087519, 0.47774130497833234, 0.48556558744033484, 0.49342403559948866, 0.5013169624338445, 0.5092446852742142, 0.5172075258854693, 0.5252058105497458, 0.5332398701516157, 0.5413100402652739, 0.5494166612438052, 0.5575600783105854, 0.5657406416528822, 0.5739587065177169, 0.5822146333100553, 0.5905087876933937, 0.5988415406928126, 0.6072132688005688, 0.6156243540843045, 0.6240751842979477, 0.63256615299539, 0.6410976596470179, 0.6496701097591939, 0.6582839149967687, 0.6669394933087227, 0.6756372690570296, 0.6843776731488473, 0.6931611431721321, 0.7019881235347895, 0.7108590656074713, 0.7197744278701317, 0.7287346760624662, 0.7377402833383531, 0.7467917304244299, 0.7558895057829348, 0.7650341057789566, 0.7742260348522286, 0.7834658056936284, 0.7927539394265241, 0.8020909657931411, 0.8114774233461076, 0.8209138596453601, 0.8304008314605815, 0.8399389049793694, 0.8495286560213204, 0.8591706702582438, 0.8688655434407053, 0.8786138816311316, 0.888416301443696, 0.8982734302912304, 0.9081859066394061, 0.9181543802684483, 0.9281795125426475, 0.9382619766879531, 0.9484024580779398, 0.9586016545284524, 0.968860276601247, 0.979179047916961, 0.9895587054777568, 1.0], ""delt"": 0.9, ""ftol_array"": [1e-18], ""gamma"": 0.0, ""lasym"": false, ""lfreeb"": false, ""mpol"": 24, ""ncurr"": 0, ""nfp"": 1, ""niter_array"": [40000], ""ns_array"": [129], ""nstep"": 200, ""ntheta"": 96, ""ntor"": 0, ""phiedge"": 92.49423744163452, ""piota_type"": ""cubic_spline"", ""pmass_type"": ""cubic_spline"", ""raxis_c"": [6.2], ""rbc"": [{""m"": 0, ""n"": 0, ""value"": 6.005125126869011}, {""m"": 1, ""n"": 0, ""value"": 2.171179061716868}, {""m"": 2, ""n"": 0, ""value"": -0.20336482331263905}, {""m"": 3, ""n"": 0, ""value"": 0.03845697400496961}, {""m"": 4, ""n"": 0, ""value"": -0.009125673572395188}, {""m"": 5, ""n"": 0, ""value"": 0.002430117792055375}, {""m"": 6, ""n"": 0, ""value"": -0.0006941399042248997}, {""m"": 7, ""n"": 0, ""value"": 0.0002078650949042804}, {""m"": 8, ""n"": 0, ""value"": -6.439970820745766e-05}, {""m"": 9, ""n"": 0, ""value"": 2.047051369405417e-05}, {""m"": 10, ""n"": 0, ""value"": -6.638672209874352e-06}, {""m"": 11, ""n"": 0, ""value"": 2.18789564107591e-06}, {""m"": 12, ""n"": 0, ""value"": -7.306536146944875e-07}, {""m"": 13, ""n"": 0, ""value"": 2.4671302695233877e-07}, {""m"": 14, ""n"": 0, ""value"": -8.408907084533901e-08}, {""m"": 15, ""n"": 0, ""value"": 2.8892135350844228e-08}, {""m"": 16, ""n"": 0, ""value"": -9.996588021341651e-09}, {""m"": 17, ""n"": 0, ""value"": 3.4800113069000105e-09}, {""m"": 18, ""n"": 0, ""value"": -1.2180275954509767e-09}, {""m"": 19, ""n"": 0, ""value"": 4.283723514797444e-10}, {""m"": 20, ""n"": 0, ""value"": -1.5130744573932375e-10}, {""m"": 21, ""n"": 0, ""value"": 5.365087540898372e-11}, {""m"": 22, ""n"": 0, ""value"": -1.9091450642605423e-11}, {""m"": 23, ""n"": 0, ""value"": 6.814673825239481e-12}], ""return_outputs_even_if_not_converged"": true, ""tcon0"": 1.0, ""zaxis_s"": [0.0], ""zbs"": [{""m"": 0, ""n"": 0, ""value"": 0.0}, {""m"": 1, ""n"": 0, ""value"": 2.171179061716869}, {""m"": 2, ""n"": 0, ""value"": -0.4067296466252768}, {""m"": 3, ""n"": 0, ""value"": 0.11537092201491073}, {""m"": 4, ""n"": 0, ""value"": -0.03650269428957756}, {""m"": 5, ""n"": 0, ""value"": 0.012150588960279249}, {""m"": 6, ""n"": 0, ""value"": -0.00416483942534529}, {""m"": 7, ""n"": 0, ""value"": 0.001455055664331982}, {""m"": 8, ""n"": 0, ""value"": -0.0005151976656593699}, {""m"": 9, ""n"": 0, ""value"": 0.00018423462325137252}, {""m"": 10, ""n"": 0, ""value"": -6.638672209331731e-05}, {""m"": 11, ""n"": 0, ""value"": 2.406685205528364e-05}, {""m"": 12, ""n"": 0, ""value"": -8.767843370158235e-06}, {""m"": 13, ""n"": 0, ""value"": 3.2072693620273374e-06}, {""m"": 14, ""n"": 0, ""value"": -1.177246987789371e-06}, {""m"": 15, ""n"": 0, ""value"": 4.3338204736356745e-07}, {""m"": 16, ""n"": 0, ""value"": -1.5994539557390164e-07}, {""m"": 17, ""n"": 0, ""value"": 5.9160201718380656e-08}, {""m"": 18, ""n"": 0, ""value"": -2.1924490223312887e-08}, {""m"": 19, ""n"": 0, ""value"": 8.1390881014054e-09}, {""m"": 20, ""n"": 0, ""value"": -3.0261343014759134e-09}, {""m"": 21, ""n"": 0, ""value"": 1.1266755566702313e-09}, {""m"": 22, ""n"": 0, ""value"": -4.2000043720680225e-10}, {""m"": 23, ""n"": 0, ""value"": 1.5674395635600913e-10}]}, ""sign_map"": ""EQ-D57; COCOS 3: psi=-(chi-chi_edge)/(2*pi), q=-signgs/iota; native cylindrical B"", ""state"": ""complete"", ""version"": ""0.8.1"", ""wall_s"": 4.98308694595471}",/mnt/storage/data2/iter_tc24/phase1/vmecpp/runs/final_compare_20261009a_vmecpp_solovev_lcfs_A3_02/native
vmecpp,"{""ftol"":1e-18,""mpol"":24,""ns"":257,""ntheta"":96,""tcon0"":1.0}",17990,24.21413642214611,True,1.9272869304400946e-05,0.00014835186532450572,0.00012593450481125927,0.0011604842860264359,2.1650409311574282e-06,2.476628014274013e-05,1.7612478626236833e-05,0.00016317252288007878,5.700806781565695e-07,0.00014718219653422278,1.0351247275512281e-15,2.919168232066529e-15,9.529296617282874e-05,False,a4150a4e2101bd47868d040f3adee5d0304ce89b,"{""binary_path"": ""/home/ert/code/worktrees/_lanes/vmecpp/.venv/lib/python3.12/site-packages/vmecpp/cpp/_vmecpp.cpython-312-x86_64-linux-gnu.so"", ""binary_sha256"": ""3b49cdc1c85ee3d76b89f46e3d13d4bc316e23571f4c8ebd07d82212a25e13c7"", ""case_id"": ""solovev_lcfs_A3"", ""code_commit"": ""a4150a4e2101bd47868d040f3adee5d0304ce89b"", ""dof_definition"": ""ns*(3*mpol-2), including constrained coefficients"", ""field_readback"": ""parity full-grid geometry / stored half-grid BSUP; EQ-D29"", ""fsql"": 8.235982183858441e-20, ""fsqr"": 9.920547892865625e-19, ""fsqz"": 6.0234499967212935e-19, ""ftolv"": 1e-18, ""ier_flag"": 0, ""input_hash"": ""6d3945e1ea8603af95adbf22fb94f5389df60c674149fc906537194f2fef136f"", ""max_threads"": 1, ""native_converged"": true, ""native_wall_s"": 23.3453651831951, ""niter"": 6552, ""process_id"": 3378827, ""profile_mapping"": {""flux_area_relative_error"": 6.661338147750939e-16, ""flux_derivative_relative_error"": 3.837204665124716e-09}, ""settings"": {""ai_aux_f"": [0.6666666666666665, 0.6644961742836509, 0.6623249737838316, 0.6601530634678617, 0.6579804416276454, 0.6558071065462638, 0.6536330564979039, 0.6514582897477824, 0.6492828045520739, 0.6471065991578332, 0.6449296718029206, 0.6427520207159237, 0.6405736441160792, 0.638394540213195, 0.6362147072075687, 0.6340341432899077, 0.6318528466412473, 0.6296708154328671, 0.6274880478262076, 0.6253045419727854, 0.6231202960141078, 0.6209353080815843, 0.6187495762964397, 0.6165630987696259, 0.6143758736017298, 0.612187898882883, 0.60999917269267, 0.6078096931000334, 0.6056194581631803, 0.6034284659294855, 0.6012367144353955, 0.599044201706329, 0.5968509257565787, 0.5946568845892087, 0.5924620761959545, 0.590266498557118, 0.5880701496414635, 0.5858730274061118, 0.5836751297964322, 0.5814764547459342, 0.5792770001761575, 0.5770767639965593, 0.5748757441044022, 0.5726739383846394, 0.5704713447097981, 0.5682679609398628, 0.5660637849221547, 0.5638588144912122, 0.5616530474686681, 0.5594464816631247, 0.5572391148700298, 0.555030944871547, 0.5528219694364291, 0.5506121863198845, 0.5484015932634466, 0.546190187994838, 0.5439779682278344, 0.5417649316621265, 0.5395510759831794, 0.5373363988620907, 0.5351208979554458, 0.5329045709051724, 0.5306874153383913, 0.5284694288672666, 0.5262506090888527, 0.52403095358494, 0.5218104599218975, 0.5195891256505131, 0.5173669483058331, 0.5151439254069974, 0.5129200544570732, 0.5106953329428867, 0.5084697583348509, 0.5062433280867926, 0.5040160396357755, 0.501787890401921, 0.49955887778822666, 0.4973289991803815, 0.49509825194657875, 0.4928666334373255, 0.4906341409852494, 0.4884007719049032, 0.4861665234925649, 0.48393139302603566, 0.48169537776443466, 0.47945847494799027, 0.47722068179782806, 0.4749819955157559, 0.4727424132840448, 0.4705019322652069, 0.4682605496017698, 0.46601826241604727, 0.4637750678099055, 0.4615309628645268, 0.459285944640169, 0.4570400101759194, 0.4547931564894474, 0.4525453805767508, 0.45029667941189916, 0.44804704994677125, 0.4457964891107901, 0.4435449938106524, 0.44129256093005287, 0.43903918732940583, 0.43678486984555864, 0.4345296052915044, 0.4322733904560859, 0.4300162221036965, 0.4277580969739751, 0.42549901178149596, 0.42323896321545246, 0.42097794793933624, 0.4187159625906093, 0.41645300378037103, 0.41418906809301925, 0.41192415208590466, 0.4096582522889788, 0.40739136520443614, 0.405123487306349, 0.40285461504029624, 0.40058474482298356, 0.398313873041859, 0.3960419960547193, 0.39376911018930805, 0.3914952117429096, 0.38922029698193095, 0.386944362141478, 0.3846674034249232, 0.3823894170034644], ""ai_aux_s"": [0.0, 0.006016582318598055, 0.012052852445031114, 0.018108946142828056, 0.024185000597183152, 0.030281154434936636, 0.036397547744907915, 0.04253432209858916, 0.048691620571206747, 0.05486958776315863, 0.06106836982183556, 0.06728811446383456, 0.07352897099757313, 0.07979109034631267, 0.0860746250716007, 0.09237972939714001, 0.09870655923309521, 0.10505527220084568, 0.11142602765819469, 0.11781898672504554, 0.12423431230955446, 0.13067216913477112, 0.13713272376577795, 0.1436161446373393, 0.1501226020820719, 0.15665226835914867, 0.1632053176835482, 0.16978192625586197, 0.17638227229267214, 0.18300653605751388, 0.18965489989243453, 0.19632754825016488, 0.20302466772691527, 0.20974644709581278, 0.2164930773409934, 0.22326475169236523, 0.23006166566105843, 0.23688401707557874, 0.24373200611867998, 0.25060583536497527, 0.257505709819302, 0.26443183695586076, 0.2713844267581466, 0.27836369175969106, 0.28536984708563623, 0.2924031104951599, 0.29946370242477427, 0.3065518460325188, 0.3136677672430696, 0.3208116947937888, 0.3279838602817373, 0.33518449821167506, 0.3424138460450736, 0.3496721442501675, 0.3569596363530706, 0.3642765689899839, 0.3716231919605251, 0.37899975828220606, 0.3864065242460903, 0.39384374947366074, 0.4013116969749285, 0.4088106332078167, 0.4163408281388524, 0.4239025553052012, 0.4314960918780811, 0.4391217187275907, 0.44677972048899395, 0.4544703856304956, 0.46219400652255077, 0.4699508795087519, 0.47774130497833234, 0.48556558744033484, 0.49342403559948866, 0.5013169624338445, 0.5092446852742142, 0.5172075258854693, 0.5252058105497458, 0.5332398701516157, 0.5413100402652739, 0.5494166612438052, 0.5575600783105854, 0.5657406416528822, 0.5739587065177169, 0.5822146333100553, 0.5905087876933937, 0.5988415406928126, 0.6072132688005688, 0.6156243540843045, 0.6240751842979477, 0.63256615299539, 0.6410976596470179, 0.6496701097591939, 0.6582839149967687, 0.6669394933087227, 0.6756372690570296, 0.6843776731488473, 0.6931611431721321, 0.7019881235347895, 0.7108590656074713, 0.7197744278701317, 0.7287346760624662, 0.7377402833383531, 0.7467917304244299, 0.7558895057829348, 0.7650341057789566, 0.7742260348522286, 0.7834658056936284, 0.7927539394265241, 0.8020909657931411, 0.8114774233461076, 0.8209138596453601, 0.8304008314605815, 0.8399389049793694, 0.8495286560213204, 0.8591706702582438, 0.8688655434407053, 0.8786138816311316, 0.888416301443696, 0.8982734302912304, 0.9081859066394061, 0.9181543802684483, 0.9281795125426475, 0.9382619766879531, 0.9484024580779398, 0.9586016545284524, 0.968860276601247, 0.979179047916961, 0.9895587054777568, 1.0], ""am_aux_f"": [1103867.2472719357, 1095243.2844026238, 1086619.3215333116, 1077995.3586639997, 1069371.3957946878, 1060747.4329253756, 1052123.4700560637, 1043499.5071867517, 1034875.5443174397, 1026251.5814481277, 1017627.6185788157, 1009003.6557095037, 1000379.6928401918, 991755.7299708797, 983131.7671015677, 974507.8042322557, 965883.8413629438, 957259.8784936317, 948635.9156243197, 940011.9527550078, 931387.9898856957, 922764.0270163837, 914140.0641470718, 905516.1012777598, 896892.1384084477, 888268.1755391357, 879644.2126698238, 871020.2498005118, 862396.2869311997, 853772.3240618878, 845148.3611925758, 836524.3983232637, 827900.4354539518, 819276.4725846398, 810652.5097153278, 802028.5468460157, 793404.5839767038, 784780.6211073918, 776156.6582380797, 767532.6953687678, 758908.7324994558, 750284.7696301438, 741660.8067608317, 733036.8438915198, 724412.8810222078, 715788.9181528958, 707164.9552835838, 698540.9924142718, 689917.0295449598, 681293.0666756479, 672669.1038063358, 664045.1409370238, 655421.1780677118, 646797.2151983998, 638173.2523290878, 629549.2894597758, 620925.3265904639, 612301.3637211518, 603677.4008518398, 595053.4379825279, 586429.4751132159, 577805.5122439038, 569181.5493745918, 560557.5865052799, 551933.6236359678, 543309.6607666558, 534685.6978973439, 526061.7350280319, 517437.77215871983, 508813.80928940786, 500189.8464200959, 491565.88355078385, 482941.9206814719, 474317.95781215985, 465693.9949428479, 457070.0320735359, 448446.06920422387, 439822.1063349119, 431198.14346559986, 422574.1805962879, 413950.2177269759, 405326.2548576639, 396702.2919883519, 388078.3291190399, 379454.3662497279, 370830.40338041587, 362206.4405111039, 353582.4776417919, 344958.5147724799, 336334.5519031679, 327710.5890338559, 319086.6261645439, 310462.66329523193, 301838.7004259199, 293214.7375566079, 284590.7746872959, 275966.8118179839, 267342.84894867195, 258718.88607935992, 250094.92321004794, 241470.96034073594, 232846.99747142394, 224223.03460211193, 215599.07173279993, 206975.10886348796, 198351.14599417595, 189727.18312486395, 181103.22025555195, 172479.25738623994, 163855.29451692794, 155231.33164761597, 146607.36877830396, 137983.40590899196, 129359.44303967996, 120735.48017036797, 112111.51730105597, 103487.55443174398, 94863.59156243198, 86239.62869311997, 77615.66582380798, 68991.70295449598, 60367.740085183985, 51743.77721587199, 43119.814346559986, 34495.85147724799, 25871.888607935995, 17247.925738623995, 8623.962869311998, 0.0], ""am_aux_s"": [0.0, 0.006016582318598055, 0.012052852445031114, 0.018108946142828056, 0.024185000597183152, 0.030281154434936636, 0.036397547744907915, 0.04253432209858916, 0.048691620571206747, 0.05486958776315863, 0.06106836982183556, 0.06728811446383456, 0.07352897099757313, 0.07979109034631267, 0.0860746250716007, 0.09237972939714001, 0.09870655923309521, 0.10505527220084568, 0.11142602765819469, 0.11781898672504554, 0.12423431230955446, 0.13067216913477112, 0.13713272376577795, 0.1436161446373393, 0.1501226020820719, 0.15665226835914867, 0.1632053176835482, 0.16978192625586197, 0.17638227229267214, 0.18300653605751388, 0.18965489989243453, 0.19632754825016488, 0.20302466772691527, 0.20974644709581278, 0.2164930773409934, 0.22326475169236523, 0.23006166566105843, 0.23688401707557874, 0.24373200611867998, 0.25060583536497527, 0.257505709819302, 0.26443183695586076, 0.2713844267581466, 0.27836369175969106, 0.28536984708563623, 0.2924031104951599, 0.29946370242477427, 0.3065518460325188, 0.3136677672430696, 0.3208116947937888, 0.3279838602817373, 0.33518449821167506, 0.3424138460450736, 0.3496721442501675, 0.3569596363530706, 0.3642765689899839, 0.3716231919605251, 0.37899975828220606, 0.3864065242460903, 0.39384374947366074, 0.4013116969749285, 0.4088106332078167, 0.4163408281388524, 0.4239025553052012, 0.4314960918780811, 0.4391217187275907, 0.44677972048899395, 0.4544703856304956, 0.46219400652255077, 0.4699508795087519, 0.47774130497833234, 0.48556558744033484, 0.49342403559948866, 0.5013169624338445, 0.5092446852742142, 0.5172075258854693, 0.5252058105497458, 0.5332398701516157, 0.5413100402652739, 0.5494166612438052, 0.5575600783105854, 0.5657406416528822, 0.5739587065177169, 0.5822146333100553, 0.5905087876933937, 0.5988415406928126, 0.6072132688005688, 0.6156243540843045, 0.6240751842979477, 0.63256615299539, 0.6410976596470179, 0.6496701097591939, 0.6582839149967687, 0.6669394933087227, 0.6756372690570296, 0.6843776731488473, 0.6931611431721321, 0.7019881235347895, 0.7108590656074713, 0.7197744278701317, 0.7287346760624662, 0.7377402833383531, 0.7467917304244299, 0.7558895057829348, 0.7650341057789566, 0.7742260348522286, 0.7834658056936284, 0.7927539394265241, 0.8020909657931411, 0.8114774233461076, 0.8209138596453601, 0.8304008314605815, 0.8399389049793694, 0.8495286560213204, 0.8591706702582438, 0.8688655434407053, 0.8786138816311316, 0.888416301443696, 0.8982734302912304, 0.9081859066394061, 0.9181543802684483, 0.9281795125426475, 0.9382619766879531, 0.9484024580779398, 0.9586016545284524, 0.968860276601247, 0.979179047916961, 0.9895587054777568, 1.0], ""delt"": 0.9, ""ftol_array"": [1e-18], ""gamma"": 0.0, ""lasym"": false, ""lfreeb"": false, ""mpol"": 24, ""ncurr"": 0, ""nfp"": 1, ""niter_array"": [40000], ""ns_array"": [257], ""nstep"": 200, ""ntheta"": 96, ""ntor"": 0, ""phiedge"": 92.49423744163452, ""piota_type"": ""cubic_spline"", ""pmass_type"": ""cubic_spline"", ""raxis_c"": [6.2], ""rbc"": [{""m"": 0, ""n"": 0, ""value"": 6.005125126869011}, {""m"": 1, ""n"": 0, ""value"": 2.171179061716868}, {""m"": 2, ""n"": 0, ""value"": -0.20336482331263905}, {""m"": 3, ""n"": 0, ""value"": 0.03845697400496961}, {""m"": 4, ""n"": 0, ""value"": -0.009125673572395188}, {""m"": 5, ""n"": 0, ""value"": 0.002430117792055375}, {""m"": 6, ""n"": 0, ""value"": -0.0006941399042248997}, {""m"": 7, ""n"": 0, ""value"": 0.0002078650949042804}, {""m"": 8, ""n"": 0, ""value"": -6.439970820745766e-05}, {""m"": 9, ""n"": 0, ""value"": 2.047051369405417e-05}, {""m"": 10, ""n"": 0, ""value"": -6.638672209874352e-06}, {""m"": 11, ""n"": 0, ""value"": 2.18789564107591e-06}, {""m"": 12, ""n"": 0, ""value"": -7.306536146944875e-07}, {""m"": 13, ""n"": 0, ""value"": 2.4671302695233877e-07}, {""m"": 14, ""n"": 0, ""value"": -8.408907084533901e-08}, {""m"": 15, ""n"": 0, ""value"": 2.8892135350844228e-08}, {""m"": 16, ""n"": 0, ""value"": -9.996588021341651e-09}, {""m"": 17, ""n"": 0, ""value"": 3.4800113069000105e-09}, {""m"": 18, ""n"": 0, ""value"": -1.2180275954509767e-09}, {""m"": 19, ""n"": 0, ""value"": 4.283723514797444e-10}, {""m"": 20, ""n"": 0, ""value"": -1.5130744573932375e-10}, {""m"": 21, ""n"": 0, ""value"": 5.365087540898372e-11}, {""m"": 22, ""n"": 0, ""value"": -1.9091450642605423e-11}, {""m"": 23, ""n"": 0, ""value"": 6.814673825239481e-12}], ""return_outputs_even_if_not_converged"": true, ""tcon0"": 1.0, ""zaxis_s"": [0.0], ""zbs"": [{""m"": 0, ""n"": 0, ""value"": 0.0}, {""m"": 1, ""n"": 0, ""value"": 2.171179061716869}, {""m"": 2, ""n"": 0, ""value"": -0.4067296466252768}, {""m"": 3, ""n"": 0, ""value"": 0.11537092201491073}, {""m"": 4, ""n"": 0, ""value"": -0.03650269428957756}, {""m"": 5, ""n"": 0, ""value"": 0.012150588960279249}, {""m"": 6, ""n"": 0, ""value"": -0.00416483942534529}, {""m"": 7, ""n"": 0, ""value"": 0.001455055664331982}, {""m"": 8, ""n"": 0, ""value"": -0.0005151976656593699}, {""m"": 9, ""n"": 0, ""value"": 0.00018423462325137252}, {""m"": 10, ""n"": 0, ""value"": -6.638672209331731e-05}, {""m"": 11, ""n"": 0, ""value"": 2.406685205528364e-05}, {""m"": 12, ""n"": 0, ""value"": -8.767843370158235e-06}, {""m"": 13, ""n"": 0, ""value"": 3.2072693620273374e-06}, {""m"": 14, ""n"": 0, ""value"": -1.177246987789371e-06}, {""m"": 15, ""n"": 0, ""value"": 4.3338204736356745e-07}, {""m"": 16, ""n"": 0, ""value"": -1.5994539557390164e-07}, {""m"": 17, ""n"": 0, ""value"": 5.9160201718380656e-08}, {""m"": 18, ""n"": 0, ""value"": -2.1924490223312887e-08}, {""m"": 19, ""n"": 0, ""value"": 8.1390881014054e-09}, {""m"": 20, ""n"": 0, ""value"": -3.0261343014759134e-09}, {""m"": 21, ""n"": 0, ""value"": 1.1266755566702313e-09}, {""m"": 22, ""n"": 0, ""value"": -4.2000043720680225e-10}, {""m"": 23, ""n"": 0, ""value"": 1.5674395635600913e-10}]}, ""sign_map"": ""EQ-D57; COCOS 3: psi=-(chi-chi_edge)/(2*pi), q=-signgs/iota; native cylindrical B"", ""state"": ""complete"", ""version"": ""0.8.1"", ""wall_s"": 24.21413642214611}",/mnt/storage/data2/iter_tc24/phase1/vmecpp/runs/final_compare_20261009a_vmecpp_solovev_lcfs_A3_03/native
desc,"{""L"":6,""M"":6,""N"":0,""continuation"":false,""continuation_steps"":[4],""cpu"":10,""maxiter"":400}",27,26.790491485968232,True,0.0031888374885429517,0.00465862630537489,0.00801901305730685,0.01738794681702162,0.00016699638200119482,0.0009100659919151393,0.0011253701615177684,0.00258128212438758,6.615825178404772e-15,0.002321388502867335,3.0789614970721036e-07,3.0728086653331883e-16,0.0008026014556488199,False,2888389dcce56f5827a4ec54f9f9ef226f3ee5ed,"{""binary_path"": ""/home/ert/code/worktrees/_lanes/desc/venv/bin/python"", ""code"": ""DESC"", ""code_commit"": ""2888389dcce56f5827a4ec54f9f9ef226f3ee5ed"", ""constraints"": ""fixed boundary, pressure(s_tor), iota(s_tor), full Phi_edge"", ""cost"": 4.0557052985100094e-07, ""cpu_affinity"": [10], ""dof"": 27, ""input_hash"": ""4bedb2ab8c752072e8438e5dc2d49693a19000ca9a5d363d28ec1d8d08326101"", ""iterations"": 28, ""jax"": ""0.9.2"", ""message"": ""Optimization terminated successfully.\n`ftol` condition satisfied. (ftol=1.00e-12)"", ""native_converged"": true, ""optimality"": 3.1119351304927497e-12, ""profile_map_relative_error"": 3.837204665124716e-09, ""seed_iterations"": 0, ""settings"": {""L"": 6, ""M"": 6, ""N"": 0, ""continuation"": false, ""continuation_steps"": [4], ""cpu"": 10, ""maxiter"": 400}, ""signs"": ""theta_DESC=-theta_c; iota_DESC=-1/q_c; Psi_DESC=Phi_edge"", ""source_path"": ""/home/ert/code/worktrees/_lanes/desc/desc0173/desc/__init__.py"", ""threads"": 1, ""version"": ""0.17.3+4.g2888389"", ""wall_s"": 26.790491485968232}",/mnt/storage/data2/iter_tc24/phase1/desc/runs/final_compare_20261009a_desc_solovev_lcfs_A3_00/native
desc,"{""L"":8,""M"":8,""N"":0,""continuation"":true,""continuation_steps"":[4],""cpu"":10,""maxiter"":400}",48,58.94480562210083,True,0.00026828113137186693,0.0004327438754296138,0.0008508394896905822,0.0019887772610130577,1.526250601936451e-05,6.280051028401815e-05,0.0001190717339274398,0.00028041347295293243,6.615825178404772e-15,0.00021865880488082924,5.187255334319634e-09,3.0728086653331883e-16,0.00014650205046891254,False,2888389dcce56f5827a4ec54f9f9ef226f3ee5ed,"{""binary_path"": ""/home/ert/code/worktrees/_lanes/desc/venv/bin/python"", ""code"": ""DESC"", ""code_commit"": ""2888389dcce56f5827a4ec54f9f9ef226f3ee5ed"", ""constraints"": ""fixed boundary, pressure(s_tor), iota(s_tor), full Phi_edge"", ""cost"": 1.2413734475907853e-08, ""cpu_affinity"": [10], ""dof"": 48, ""input_hash"": ""9e4cdf435a9f06a9e9aa7eac814fdfb20133e5e68c20fcccf6991311bb66ef06"", ""iterations"": 30, ""jax"": ""0.9.2"", ""message"": ""`gtol` condition satisfied. (gtol=1.00e-12)"", ""native_converged"": true, ""optimality"": 6.479663333230724e-13, ""profile_map_relative_error"": 3.837204665124716e-09, ""seed_iterations"": 26, ""settings"": {""L"": 8, ""M"": 8, ""N"": 0, ""continuation"": true, ""continuation_steps"": [4], ""cpu"": 10, ""maxiter"": 400}, ""signs"": ""theta_DESC=-theta_c; iota_DESC=-1/q_c; Psi_DESC=Phi_edge"", ""source_path"": ""/home/ert/code/worktrees/_lanes/desc/desc0173/desc/__init__.py"", ""threads"": 1, ""version"": ""0.17.3+4.g2888389"", ""wall_s"": 58.94480562210083}",/mnt/storage/data2/iter_tc24/phase1/desc/runs/final_compare_20261009a_desc_solovev_lcfs_A3_01/native
desc,"{""L"":10,""M"":10,""N"":0,""continuation"":true,""continuation_steps"":[4],""cpu"":10,""maxiter"":400}",75,55.862824375974014,True,2.171982681840584e-05,4.002005165229085e-05,0.00010043129448691069,0.00031522688440850584,1.7406913164436678e-06,1.1958604847681924e-05,1.4047451962025964e-05,4.465985993531316e-05,6.615825178404772e-15,2.1987566085122518e-05,9.17058401126735e-11,3.0728086653331883e-16,2.4259551051613546e-05,False,2888389dcce56f5827a4ec54f9f9ef226f3ee5ed,"{""binary_path"": ""/home/ert/code/worktrees/_lanes/desc/venv/bin/python"", ""code"": ""DESC"", ""code_commit"": ""2888389dcce56f5827a4ec54f9f9ef226f3ee5ed"", ""constraints"": ""fixed boundary, pressure(s_tor), iota(s_tor), full Phi_edge"", ""cost"": 3.274596216396445e-10, ""cpu_affinity"": [10], ""dof"": 75, ""input_hash"": ""c890d9c8ab6bfd5b576b8002cfeceeed078df2ae14e40c7fc54606d5abe801b9"", ""iterations"": 82, ""jax"": ""0.9.2"", ""message"": ""`gtol` condition satisfied. (gtol=1.00e-12)"", ""native_converged"": true, ""optimality"": 6.931029762414427e-13, ""profile_map_relative_error"": 3.837204665124716e-09, ""seed_iterations"": 26, ""settings"": {""L"": 10, ""M"": 10, ""N"": 0, ""continuation"": true, ""continuation_steps"": [4], ""cpu"": 10, ""maxiter"": 400}, ""signs"": ""theta_DESC=-theta_c; iota_DESC=-1/q_c; Psi_DESC=Phi_edge"", ""source_path"": ""/home/ert/code/worktrees/_lanes/desc/desc0173/desc/__init__.py"", ""threads"": 1, ""version"": ""0.17.3+4.g2888389"", ""wall_s"": 55.862824375974014}",/mnt/storage/data2/iter_tc24/phase1/desc/runs/final_compare_20261009a_desc_solovev_lcfs_A3_02/native
desc,"{""L"":12,""M"":12,""N"":0,""continuation"":true,""continuation_steps"":[4,6,8,10],""cpu"":10,""maxiter"":400}",108,140.90418553492054,True,2.078434736435223e-06,4.564363771840574e-06,1.2909300708450366e-05,5.5226874474422544e-05,2.404357685193583e-07,1.3649395158884884e-06,1.8077428649257542e-06,7.79616197815525e-06,6.615825178404772e-15,2.870435691288402e-07,1.6727615597227846e-12,3.0728086653331883e-16,3.967460028348168e-06,False,2888389dcce56f5827a4ec54f9f9ef226f3ee5ed,"{""binary_path"": ""/home/ert/code/worktrees/_lanes/desc/venv/bin/python"", ""code"": ""DESC"", ""code_commit"": ""2888389dcce56f5827a4ec54f9f9ef226f3ee5ed"", ""constraints"": ""fixed boundary, pressure(s_tor), iota(s_tor), full Phi_edge"", ""cost"": 8.546296112484386e-12, ""cpu_affinity"": [10], ""dof"": 108, ""input_hash"": ""13374d97d5839802843a653cd1f2056fff3539e99a9f98fe93e04cdd4db9e4f1"", ""iterations"": 189, ""jax"": ""0.9.2"", ""message"": ""`gtol` condition satisfied. (gtol=1.00e-12)"", ""native_converged"": true, ""optimality"": 5.23733908615308e-13, ""profile_map_relative_error"": 3.837204665124716e-09, ""seed_iterations"": 117, ""settings"": {""L"": 12, ""M"": 12, ""N"": 0, ""continuation"": true, ""continuation_steps"": [4, 6, 8, 10], ""cpu"": 10, ""maxiter"": 400}, ""signs"": ""theta_DESC=-theta_c; iota_DESC=-1/q_c; Psi_DESC=Phi_edge"", ""source_path"": ""/home/ert/code/worktrees/_lanes/desc/desc0173/desc/__init__.py"", ""threads"": 1, ""version"": ""0.17.3+4.g2888389"", ""wall_s"": 140.90418553492054}",/mnt/storage/data2/iter_tc24/phase1/desc/runs/final_compare_20261009a_desc_solovev_lcfs_A3_03/native
desc,"{""L"":14,""M"":14,""N"":0,""continuation"":true,""continuation_steps"":[4,6,8,10,12],""cpu"":10,""maxiter"":400}",147,200.39605920598842,True,2.387771519093465e-07,6.018740386753329e-07,1.7413358451622164e-06,7.236241116459177e-06,2.9881786723210455e-08,2.3265626673896256e-07,2.435266446783885e-07,1.0244187804760395e-06,6.615825178404772e-15,8.765407611213783e-08,3.188184160857783e-14,3.0728086653331883e-16,6.209128885180526e-07,True,2888389dcce56f5827a4ec54f9f9ef226f3ee5ed,"{""binary_path"": ""/home/ert/code/worktrees/_lanes/desc/venv/bin/python"", ""code"": ""DESC"", ""code_commit"": ""2888389dcce56f5827a4ec54f9f9ef226f3ee5ed"", ""constraints"": ""fixed boundary, pressure(s_tor), iota(s_tor), full Phi_edge"", ""cost"": 2.1592909188283518e-13, ""cpu_affinity"": [10], ""dof"": 147, ""input_hash"": ""01827937dde9e163e69f3982e06e381cc4142a8edd02a7aca4f1594b82a8241b"", ""iterations"": 225, ""jax"": ""0.9.2"", ""message"": ""`gtol` condition satisfied. (gtol=1.00e-12)"", ""native_converged"": true, ""optimality"": 8.164317298011547e-13, ""profile_map_relative_error"": 3.837204665124716e-09, ""seed_iterations"": 306, ""settings"": {""L"": 14, ""M"": 14, ""N"": 0, ""continuation"": true, ""continuation_steps"": [4, 6, 8, 10, 12], ""cpu"": 10, ""maxiter"": 400}, ""signs"": ""theta_DESC=-theta_c; iota_DESC=-1/q_c; Psi_DESC=Phi_edge"", ""source_path"": ""/home/ert/code/worktrees/_lanes/desc/desc0173/desc/__init__.py"", ""threads"": 1, ""version"": ""0.17.3+4.g2888389"", ""wall_s"": 200.39605920598842}",/mnt/storage/data2/iter_tc24/phase1/desc/runs/final_compare_20261009a_desc_solovev_lcfs_A3_04/native
kin6d,"{""boundary_nodes"":48,""curved"":true,""degree"":2,""max_area"":0.036592167551878364}",1253,0.009639631,True,4.652419741054638e-05,0.00015435155561904424,0.001089572605896379,0.0031004069579993704,0.0,0.0,0.0001512480427717808,0.00043384807442629827,0.0005831502601772487,1.044977698939149e-06,7.010682397300934e-07,1.6711428650912148e-06,0.0152362604606171,False,fa5c388c79dda31345db62c378b65746492782dd,"{""angular_points"": 64, ""binary_path"": ""/home/ert/code/kin6d/build/gs_phase1"", ""case_id"": ""solovev_lcfs_A3"", ""code_commit"": ""fa5c388c79dda31345db62c378b65746492782dd"", ""code_tree"": ""clean"", ""contour_s"": 0.010478261, ""convention"": ""COCOS 3, SI, psi Wb/rad, psi_edge=0"", ""degree"": 2, ""flux_consistency"": 4.613410433007559e-06, ""input_hash"": ""90b38a26a867f5e22e5989a23bcc427352df9dd2556eb3e0a439feecd9dcb9b5"", ""integral_s"": 0.000333428, ""iterations"": 166, ""radial_points"": 27, ""residual"": 8.017472900041707e-11, ""resolved_input"": ""output/gs_phase1.nc:kin6d_config_resolved"", ""settings"": {""boundary_nodes"": 48, ""curved"": true, ""degree"": 2, ""max_area"": 0.036592167551878364}, ""sign_ledger"": ""equilibrium/CASE_CONTRACT.md#signs-units-and-selectors"", ""threads"": 1}",/mnt/storage/data2/iter_tc24/phase1/kin6d/runs/final_compare_kin6d_readback_20261009_kin6d_solovev_lcfs_A3_00/native
kin6d,"{""boundary_nodes"":96,""curved"":true,""degree"":2,""max_area"":0.009148041887969591}",5113,0.050669832,True,5.668566174081835e-06,1.6997340429810362e-05,0.0002635468670563956,0.000794126376216254,0.0,0.0,3.658402166611136e-05,0.0001111241859019934,4.0076555068764004e-05,4.085072768659945e-07,4.3850817002547906e-08,1.04653128620137e-07,0.0032115662167155968,False,fa5c388c79dda31345db62c378b65746492782dd,"{""angular_points"": 64, ""binary_path"": ""/home/ert/code/kin6d/build/gs_phase1"", ""case_id"": ""solovev_lcfs_A3"", ""code_commit"": ""fa5c388c79dda31345db62c378b65746492782dd"", ""code_tree"": ""clean"", ""contour_s"": 0.041554638, ""convention"": ""COCOS 3, SI, psi Wb/rad, psi_edge=0"", ""degree"": 2, ""flux_consistency"": 2.5998034107743706e-06, ""input_hash"": ""b857429b31eca62eee30fa911909ca35831fab34d1aee1a21dc562b50da5982a"", ""integral_s"": 0.00121018, ""iterations"": 336, ""radial_points"": 53, ""residual"": 9.341020661387916e-11, ""resolved_input"": ""output/gs_phase1.nc:kin6d_config_resolved"", ""settings"": {""boundary_nodes"": 96, ""curved"": true, ""degree"": 2, ""max_area"": 0.009148041887969591}, ""sign_ledger"": ""equilibrium/CASE_CONTRACT.md#signs-units-and-selectors"", ""threads"": 1}",/mnt/storage/data2/iter_tc24/phase1/kin6d/runs/final_compare_kin6d_readback_20261009_kin6d_solovev_lcfs_A3_01/native
kin6d,"{""boundary_nodes"":192,""curved"":true,""degree"":2,""max_area"":0.0022870104719923978}",20629,0.348859832,True,6.841624376383717e-07,2.1408644456246857e-06,6.431489744897406e-05,0.00023460812140180484,0.0,0.0,8.927814729907255e-06,3.2829329534411694e-05,9.412570690433233e-06,1.259290026869193e-08,2.7414578664878453e-09,6.544714641962451e-09,0.001149810379267745,False,fa5c388c79dda31345db62c378b65746492782dd,"{""angular_points"": 64, ""binary_path"": ""/home/ert/code/kin6d/build/gs_phase1"", ""case_id"": ""solovev_lcfs_A3"", ""code_commit"": ""fa5c388c79dda31345db62c378b65746492782dd"", ""code_tree"": ""clean"", ""contour_s"": 0.167466177, ""convention"": ""COCOS 3, SI, psi Wb/rad, psi_edge=0"", ""degree"": 2, ""flux_consistency"": 4.049065482902847e-08, ""input_hash"": ""d51faa78a768f00c08f71eb3d2a3d14254b1689c3602af819053a95925245d82"", ""integral_s"": 0.004743347, ""iterations"": 679, ""radial_points"": 104, ""residual"": 9.843561796548197e-11, ""resolved_input"": ""output/gs_phase1.nc:kin6d_config_resolved"", ""settings"": {""boundary_nodes"": 192, ""curved"": true, ""degree"": 2, ""max_area"": 0.0022870104719923978}, ""sign_ledger"": ""equilibrium/CASE_CONTRACT.md#signs-units-and-selectors"", ""threads"": 1}",/mnt/storage/data2/iter_tc24/phase1/kin6d/runs/final_compare_kin6d_readback_20261009_kin6d_solovev_lcfs_A3_02/native
kin6d,"{""boundary_nodes"":384,""curved"":true,""degree"":2,""max_area"":0.0005717526179980994}",82977,2.692485847,True,8.368340385048655e-08,2.1647513785003976e-07,1.572634877270787e-05,4.5308207039108345e-05,0.0,0.0,2.1830389814744214e-06,6.340096202180308e-06,4.567255850980901e-06,7.832802938903254e-09,1.7158538021307422e-10,4.0974612972578625e-10,0.0005292088021582103,False,fa5c388c79dda31345db62c378b65746492782dd,"{""angular_points"": 64, ""binary_path"": ""/home/ert/code/kin6d/build/gs_phase1"", ""case_id"": ""solovev_lcfs_A3"", ""code_commit"": ""fa5c388c79dda31345db62c378b65746492782dd"", ""code_tree"": ""clean"", ""contour_s"": 0.659450906, ""convention"": ""COCOS 3, SI, psi Wb/rad, psi_edge=0"", ""degree"": 2, ""flux_consistency"": 3.2109017666925865e-09, ""input_hash"": ""91c8023237412ac65507def530c03e63210f7c001087f99e13e2ee179c93f55c"", ""integral_s"": 0.018645738, ""iterations"": 1362, ""radial_points"": 206, ""residual"": 9.759288335465225e-11, ""resolved_input"": ""output/gs_phase1.nc:kin6d_config_resolved"", ""settings"": {""boundary_nodes"": 384, ""curved"": true, ""degree"": 2, ""max_area"": 0.0005717526179980994}, ""sign_ledger"": ""equilibrium/CASE_CONTRACT.md#signs-units-and-selectors"", ""threads"": 1}",/mnt/storage/data2/iter_tc24/phase1/kin6d/runs/final_compare_kin6d_readback_20261009_kin6d_solovev_lcfs_A3_03/native
kin6d,"{""boundary_nodes"":24,""curved"":true,""degree"":3,""max_area"":0.14636867020751346}",658,0.006887556,True,5.492115939679464e-06,1.871239786934109e-05,7.796848883682553e-05,0.0008392456032665188,0.0,0.0,1.0823125756490253e-05,0.00011743783763885819,2.6550190779250147e-05,3.489284615981118e-07,1.6487612321117374e-06,3.873577379897927e-06,0.0005267913638697282,False,fa5c388c79dda31345db62c378b65746492782dd,"{""angular_points"": 80, ""binary_path"": ""/home/ert/code/kin6d/build/gs_phase1"", ""case_id"": ""solovev_lcfs_A3"", ""code_commit"": ""fa5c388c79dda31345db62c378b65746492782dd"", ""code_tree"": ""clean"", ""contour_s"": 0.006548898, ""convention"": ""COCOS 3, SI, psi Wb/rad, psi_edge=0"", ""degree"": 3, ""flux_consistency"": 9.925267590360498e-06, ""input_hash"": ""7e4be63cc3ceb59fe9eed5b9747d135f6074b58570964e7469da57c888877ad6"", ""integral_s"": 0.000280448, ""iterations"": 147, ""radial_points"": 17, ""residual"": 8.716070358290143e-11, ""resolved_input"": ""output/gs_phase1.nc:kin6d_config_resolved"", ""settings"": {""boundary_nodes"": 24, ""curved"": true, ""degree"": 3, ""max_area"": 0.14636867020751346}, ""sign_ledger"": ""equilibrium/CASE_CONTRACT.md#signs-units-and-selectors"", ""threads"": 1}",/mnt/storage/data2/iter_tc24/phase1/kin6d/runs/final_compare_kin6d_readback_20261009_kin6d_solovev_lcfs_A3_04/native
kin6d,"{""boundary_nodes"":48,""curved"":true,""degree"":3,""max_area"":0.036592167551878364}",2854,0.031632205,True,3.175276718765773e-07,8.764800452741261e-07,7.829841281159869e-06,9.011258829252157e-05,0.0,0.0,1.086892385675258e-06,1.2609690741214048e-05,2.809718803965065e-06,2.296547678769166e-08,1.0373666172481542e-07,2.466786994266761e-07,0.00020076174427636036,True,fa5c388c79dda31345db62c378b65746492782dd,"{""angular_points"": 80, ""binary_path"": ""/home/ert/code/kin6d/build/gs_phase1"", ""case_id"": ""solovev_lcfs_A3"", ""code_commit"": ""fa5c388c79dda31345db62c378b65746492782dd"", ""code_tree"": ""clean"", ""contour_s"": 0.022029423, ""convention"": ""COCOS 3, SI, psi Wb/rad, psi_edge=0"", ""degree"": 3, ""flux_consistency"": 2.374818507400178e-06, ""input_hash"": ""c1acd1eab4b91f57344a38f7bd132527fee0ea73096aa257751cfa1292063a93"", ""integral_s"": 0.000824132, ""iterations"": 312, ""radial_points"": 27, ""residual"": 9.794939395110652e-11, ""resolved_input"": ""output/gs_phase1.nc:kin6d_config_resolved"", ""settings"": {""boundary_nodes"": 48, ""curved"": true, ""degree"": 3, ""max_area"": 0.036592167551878364}, ""sign_ledger"": ""equilibrium/CASE_CONTRACT.md#signs-units-and-selectors"", ""threads"": 1}",/mnt/storage/data2/iter_tc24/phase1/kin6d/runs/final_compare_kin6d_readback_20261009_kin6d_solovev_lcfs_A3_05/native
kin6d,"{""boundary_nodes"":96,""curved"":true,""degree"":3,""max_area"":0.009148041887969591}",11575,0.198876263,True,1.854642337702762e-08,6.297586621640458e-08,7.595016546554659e-07,7.946775650209141e-06,0.0,0.0,1.0542954010307865e-07,1.1120131519656236e-06,2.0127446549573657e-07,1.7671079560933611e-09,6.4941344619690685e-09,1.5489394561516945e-08,1.89833244208051e-05,True,fa5c388c79dda31345db62c378b65746492782dd,"{""angular_points"": 80, ""binary_path"": ""/home/ert/code/kin6d/build/gs_phase1"", ""case_id"": ""solovev_lcfs_A3"", ""code_commit"": ""fa5c388c79dda31345db62c378b65746492782dd"", ""code_tree"": ""clean"", ""contour_s"": 0.088877526, ""convention"": ""COCOS 3, SI, psi Wb/rad, psi_edge=0"", ""degree"": 3, ""flux_consistency"": 2.0739576644945856e-07, ""input_hash"": ""015402a1b9fa36e8e8e3bfc0a5e7c70af939af86ed4420c92f0f9cf0776ba138"", ""integral_s"": 0.002700057, ""iterations"": 638, ""radial_points"": 53, ""residual"": 9.560490525876923e-11, ""resolved_input"": ""output/gs_phase1.nc:kin6d_config_resolved"", ""settings"": {""boundary_nodes"": 96, ""curved"": true, ""degree"": 3, ""max_area"": 0.009148041887969591}, ""sign_ledger"": ""equilibrium/CASE_CONTRACT.md#signs-units-and-selectors"", ""threads"": 1}",/mnt/storage/data2/iter_tc24/phase1/kin6d/runs/final_compare_kin6d_readback_20261009_kin6d_solovev_lcfs_A3_06/native
kin6d,"{""boundary_nodes"":192,""curved"":true,""degree"":3,""max_area"":0.0022870104719923978}",46558,1.426313326,True,1.0758065017700966e-09,3.4260244777854607e-09,7.997115882589885e-08,6.050660908710649e-07,0.0,0.0,1.1101124592479646e-08,8.466848448645251e-08,1.1550589241473885e-08,2.0071904334079723e-10,4.0578400602110367e-10,9.685987635325327e-10,2.8413775022080456e-06,True,fa5c388c79dda31345db62c378b65746492782dd,"{""angular_points"": 80, ""binary_path"": ""/home/ert/code/kin6d/build/gs_phase1"", ""case_id"": ""solovev_lcfs_A3"", ""code_commit"": ""fa5c388c79dda31345db62c378b65746492782dd"", ""code_tree"": ""clean"", ""contour_s"": 0.361312182, ""convention"": ""COCOS 3, SI, psi Wb/rad, psi_edge=0"", ""degree"": 3, ""flux_consistency"": 1.618796630076247e-08, ""input_hash"": ""f4b5d271ccfd784e6d34409fd4bc19db515e0def27d345a66cc6bc2162111846"", ""integral_s"": 0.009961828, ""iterations"": 1291, ""radial_points"": 104, ""residual"": 9.517872802078465e-11, ""resolved_input"": ""output/gs_phase1.nc:kin6d_config_resolved"", ""settings"": {""boundary_nodes"": 192, ""curved"": true, ""degree"": 3, ""max_area"": 0.0022870104719923978}, ""sign_ledger"": ""equilibrium/CASE_CONTRACT.md#signs-units-and-selectors"", ""threads"": 1}",/mnt/storage/data2/iter_tc24/phase1/kin6d/runs/final_compare_kin6d_readback_20261009_kin6d_solovev_lcfs_A3_07/native
