case,code,dof,path,s_tor,bmn_rel,bmod_l2,q_rel,phi_edge_rel,physical_psi_l2,physical_psi_max,physical_Bphi_l2,physical_Bphi_max,physical_bpol_l2,physical_bpol_max,physical_b_l2,physical_b_max,physical_bmod_l2,physical_bmod_max,physical_s_pol_max_abs,physical_s_tor_max_abs,physical_rho_tor_max_abs
E1_A40,chease_mars,66048,libneo_Boozer,0.05025,6.37983405349159e-09,6.377190079886856e-09,2.044531433043062e-09,3.6332270525463173e-10,1.7733887952467362e-08,2.7861971664516983e-08,7.68633023903583e-09,7.761570563930815e-09,2.3502177272734597e-07,2.6080475743019194e-07,7.736244169510823e-09,7.813992140490849e-09,7.686309554108977e-09,7.764834753008279e-09,2.6003116937456383e-08,2.61050095429205e-08,5.822718185388709e-08
E1_A40,chease_mars,66048,libneo_Boozer,0.13475,5.331700570242386e-09,5.33168570448407e-09,2.3244994817872566e-10,3.6332270525463173e-10,6.6350604302616e-08,9.565704950513502e-08,8.09470214306487e-09,8.050465615802378e-09,3.0114364562098097e-07,3.248632495458463e-07,8.301477845196167e-09,8.286322612382062e-09,8.094613978627233e-09,8.061598489159288e-09,8.234786685878959e-08,8.245229510261964e-08,1.1230738111711602e-07
E1_A40,chease_mars,66048,libneo_Boozer,0.21925,4.088299475378538e-09,4.088423440189983e-09,4.7934481939293505e-09,3.6332270525463173e-10,2.103665548136256e-07,2.996701682985011e-07,1.0289878333165635e-08,1.020704758627893e-08,5.296641252603911e-07,5.372310404515849e-07,1.1088375206194592e-08,1.1004294841093134e-08,1.0289292153829418e-08,1.0238383647823571e-08,2.3433713125520228e-07,2.3423125078414486e-07,2.5011812065933725e-07
E1_A40,chease_mars,66048,libneo_Boozer,0.30375,8.759126606053405e-09,8.759281311253213e-09,3.3555578315969115e-09,3.6332270525463173e-10,3.187253962381097e-07,4.531555077107883e-07,1.643581215921977e-09,1.8802249978859806e-09,5.173833124423877e-07,5.210875491141267e-07,5.027386268138847e-09,5.11670620235706e-09,1.6483752037149878e-09,1.92342893196813e-09,3.158320041607432e-07,3.1573987196997777e-07,2.8644510319253413e-07
E1_A40,chease_mars,66048,libneo_Boozer,0.38825,4.861263483084337e-10,4.856721880767498e-10,5.754435372651301e-09,3.6332270525463173e-10,2.855216905105615e-07,4.057699809014638e-07,4.477777666680768e-09,4.5192878872162195e-09,3.186383637055751e-07,3.2601720880534356e-07,5.5670252009241585e-09,5.636762591403804e-09,4.478358075259814e-09,4.553107593805471e-09,2.479205880034918e-07,2.4796916359148824e-07,1.989811240221684e-07
E1_A40,chease_mars,66048,libneo_Boozer,0.47275,1.8748522962373327e-09,1.8737257737073874e-09,2.1356327817301235e-09,3.6332270525463173e-10,2.5894876867531544e-07,4.3202450744866066e-07,5.33358718355545e-09,5.9150094378958645e-09,2.0125205684689874e-07,2.310813873362021e-07,5.81024573444744e-09,6.451851094934327e-09,5.335144813318784e-09,5.9433970851494055e-09,2.2802403926158732e-07,2.2798299087467555e-07,1.6578939043832008e-07
E1_A40,chease_mars,66048,libneo_Boozer,0.55725,1.6862670684890566e-09,1.686185247804183e-09,7.923285361144394e-10,3.6332270525463173e-10,2.508621636993879e-07,4.377002117215958e-07,1.0044940771362975e-09,1.5624388253505309e-09,1.5490693929246956e-07,2.084100321307164e-07,2.172767113136077e-09,3.010553132957057e-09,1.0119243316003629e-09,1.5940314908322218e-09,1.939900262648564e-07,1.939414930873795e-07,1.2990197029161266e-07
E1_A40,chease_mars,66048,libneo_Boozer,0.64175,7.749381036998384e-09,7.722121010945171e-09,1.722054610020507e-09,3.6332270525463173e-10,3.0635697217066213e-07,5.515831788111929e-07,1.006007867713624e-08,1.1404403178673008e-08,1.1739758203657767e-07,1.3722176221150182e-07,1.0180491589300555e-08,1.1548097253749127e-08,1.0058287643248684e-08,1.1377923513578785e-08,1.974134368198932e-07,1.97453421835192e-07,1.2324000198127294e-07
E1_A40,chease_mars,66048,libneo_Boozer,0.72625,7.724744605464718e-09,7.711706492930836e-09,4.937619202394217e-09,3.6332270525463173e-10,4.7523488658809396e-07,6.847888538249969e-07,5.0585856102477796e-09,5.569897145691266e-09,1.2686749526276345e-07,1.450184884069825e-07,5.369257943543177e-09,5.927605063952325e-09,5.059827772726784e-09,5.597139161999568e-09,1.8730923290188883e-07,1.8733523066138957e-07,1.0991231702561777e-07
E1_A40,chease_mars,66048,libneo_Boozer,0.81075,8.709153160701181e-09,8.704503518340796e-09,4.587117352627956e-09,3.6332270525463173e-10,1.0101254946910186e-06,1.6818027311079215e-06,1.2384353145026677e-08,1.2269098231845317e-08,1.7188034061783228e-07,2.0681219452781506e-07,1.2648568047145072e-08,1.2649779571278406e-08,1.2382278410026664e-08,1.221978480931472e-08,3.1815287659942015e-07,3.181809890007159e-07,1.7668541896220802e-07
E1_A40,chease_mars,66048,libneo_Boozer,0.89525,9.570833066586902e-10,7.145027512015855e-10,3.1597771066316227e-09,3.6332270525463173e-10,2.7593334808652576e-06,4.406410533450373e-06,5.775409737147611e-09,6.966003845050227e-09,2.2721804226652946e-07,2.4141541545921133e-07,6.795332140538588e-09,7.925536844178021e-09,5.767839872863947e-09,6.904389559000586e-09,4.6146277232761435e-07,4.615094159055033e-07,2.438812147786962e-07
E1_A40,chease_mars,66048,libneo_Boozer,0.97975,4.852720759676456e-09,4.8523990648347705e-09,2.3243607039091785e-09,3.6332270525463173e-10,2.1208927122817724e-05,3.186690602274034e-05,1.2526116868040039e-08,1.2543251875249444e-08,3.157304065433263e-07,3.9765349558343814e-07,1.3563556502161303e-08,1.4112663162644655e-08,1.2521960570280963e-08,1.2449296460647314e-08,6.452217522490145e-07,6.453942050788086e-07,3.260148317973943e-07
E1_A40,chease_mars,66048,NEO_RT,0.05,,6.6232789055606385e-09,7.937625001730453e-10,,,,,,,,,,,,,,
E1_A40,chease_mars,66048,NEO_RT,0.13454545454545455,,5.1132782981532575e-09,4.3646948277853426e-09,,,,,,,,,,,,,,
E1_A40,chease_mars,66048,NEO_RT,0.21909090909090911,,3.907642961371044e-09,2.2078588957086254e-09,,,,,,,,,,,,,,
E1_A40,chease_mars,66048,NEO_RT,0.30363636363636365,,1.0372587674266688e-08,3.6473417619475867e-09,,,,,,,,,,,,,,
E1_A40,chease_mars,66048,NEO_RT,0.3881818181818182,,3.9864838505894267e-10,4.759889593586308e-09,,,,,,,,,,,,,,
E1_A40,chease_mars,66048,NEO_RT,0.4727272727272728,,1.9043664626883064e-09,2.628034789786682e-09,,,,,,,,,,,,,,
E1_A40,chease_mars,66048,NEO_RT,0.5572727272727274,,1.718396000690085e-09,3.01511482447836e-10,,,,,,,,,,,,,,
E1_A40,chease_mars,66048,NEO_RT,0.641818181818182,,7.703547158744304e-09,2.6736379776792774e-10,,,,,,,,,,,,,,
E1_A40,chease_mars,66048,NEO_RT,0.7263636363636364,,7.641566138338447e-09,5.22755905230099e-09,,,,,,,,,,,,,,
E1_A40,chease_mars,66048,NEO_RT,0.810909090909091,,1.042917532731014e-08,1.970852370192233e-09,,,,,,,,,,,,,,
E1_A40,chease_mars,66048,NEO_RT,0.8954545454545456,,7.684967981297403e-10,1.1892103968236256e-09,,,,,,,,,,,,,,
E1_A40,chease_mars,66048,NEO_RT,0.9800000000000001,,4.412076108258456e-09,7.539186164251532e-09,,,,,,,,,,,,,,
E1_A40,chease_mars,66048,NEO_2,0.05,,6.623281134908704e-09,7.937559498572e-10,,,,,,,,,,,,,,
E1_A40,chease_mars,66048,NEO_2,0.13454545454545455,,5.113279323059955e-09,4.364699823788953e-09,,,,,,,,,,,,,,
E1_A40,chease_mars,66048,NEO_2,0.21909090909090911,,3.907645478004763e-09,2.207857119351786e-09,,,,,,,,,,,,,,
E1_A40,chease_mars,66048,NEO_2,0.30363636363636365,,1.0372591964865391e-08,3.647350199642574e-09,,,,,,,,,,,,,,
E1_A40,chease_mars,66048,NEO_2,0.3881818181818182,,3.98635222501914e-10,4.759896921058271e-09,,,,,,,,,,,,,,
E1_A40,chease_mars,66048,NEO_2,0.4727272727272728,,1.904358309990254e-09,2.6280380094334532e-09,,,,,,,,,,,,,,
E1_A40,chease_mars,66048,NEO_2,0.5572727272727274,,1.71838747075905e-09,3.015084848456695e-10,,,,,,,,,,,,,,
E1_A40,chease_mars,66048,NEO_2,0.641818181818182,,7.703553159659818e-09,2.673677945708164e-10,,,,,,,,,,,,,,
E1_A40,chease_mars,66048,NEO_2,0.7263636363636364,,7.641566296871658e-09,5.2275638262599955e-09,,,,,,,,,,,,,,
E1_A40,chease_mars,66048,NEO_2,0.810909090909091,,1.0429177893480699e-08,1.9708596976641957e-09,,,,,,,,,,,,,,
E1_A40,chease_mars,66048,NEO_2,0.8954545454545456,,7.685369480670445e-10,1.1892051787754099e-09,,,,,,,,,,,,,,
E1_A40,chease_mars,66048,NEO_2,0.9800000000000001,,4.412074127789617e-09,7.539189272876001e-09,,,,,,,,,,,,,,
E2_A40,chease_mars,1088,libneo_Boozer,0.05025,6.195172734275386e-09,6.118222807916093e-09,6.467658075770544e-09,6.916782702148794e-10,7.061619875920339e-08,1.4610584339203137e-07,1.115351409221981e-08,1.1149483798945449e-08,3.3197985881991776e-06,7.349522882076935e-06,1.6689107524957393e-08,2.9515305255134822e-08,1.1153181454721181e-08,1.1141906938613206e-08,1.3849910432406354e-07,1.3802989071859395e-07,3.0787527813269655e-07
E2_A40,chease_mars,1088,libneo_Boozer,0.13475,7.982464530514032e-09,7.87778725527198e-09,3.831876038695725e-09,6.916782702148794e-10,5.2712135445921894e-08,1.1796954128843419e-07,8.091501202060415e-09,8.179336630318695e-09,2.596230728352323e-06,5.862774395287942e-06,1.7836873969312012e-08,3.658469610568629e-08,8.091623322826512e-09,8.195513991747965e-09,1.0229152896945592e-07,1.023183668347194e-07,1.3936679066350877e-07
E2_A40,chease_mars,1088,libneo_Boozer,0.21925,5.585135534766273e-09,5.413137191535377e-09,3.4195803966241556e-09,6.916782702148794e-10,1.5164617473844581e-07,3.3169493766228716e-07,8.991540109838064e-09,8.92580362256858e-09,2.201237703205306e-06,4.905301097364926e-06,1.939818347817787e-08,3.901427917985436e-08,8.990700133530477e-09,8.96123523018451e-09,2.5911724543803416e-07,2.591235212789922e-07,2.766987315938607e-07
E2_A40,chease_mars,1088,libneo_Boozer,0.30375,5.560117698699087e-09,5.389709269614014e-09,3.167957007832456e-10,6.916782702148794e-10,2.544464740454551e-07,5.208382091723649e-07,1.041431411030685e-08,1.0291867669539242e-08,1.8743858304900785e-06,4.138399116225844e-06,2.0127718697165746e-08,3.903156485848525e-08,1.0413016569773139e-08,1.0335535536538672e-08,3.6269628345131366e-07,3.625955113939483e-07,3.2895342627625723e-07
E2_A40,chease_mars,1088,libneo_Boozer,0.38825,7.911486525328785e-09,7.803714488762402e-09,1.8353811803706321e-09,6.916782702148794e-10,2.9138895338834955e-07,6.119545243700201e-07,1.2350288593912959e-08,1.2252012717951878e-08,1.5685802416801394e-06,3.4709153225717146e-06,2.044465162082578e-08,3.769415581251092e-08,1.2348731431264337e-08,1.2287320797906157e-08,3.7436282518399366e-07,3.742639628767641e-07,3.003256243694352e-07
E2_A40,chease_mars,1088,libneo_Boozer,0.47275,6.424565467268265e-09,6.3115015189664446e-09,7.985788696984741e-09,6.916782702148794e-10,2.167927611910303e-07,4.978090082642258e-07,4.09576765267707e-09,4.544003844161054e-09,1.284760416076616e-06,2.890881119520232e-06,1.52822985396751e-08,3.303202020042938e-08,4.096510899004961e-09,4.535255221977551e-09,2.62185585075958e-07,2.621624389798072e-07,1.9064465961449173e-07
E2_A40,chease_mars,1088,libneo_Boozer,0.55725,1.9758510960594153e-09,1.6555416155250584e-09,3.757769428958113e-09,6.916782702148794e-10,3.0630647818063854e-07,6.965399065664526e-07,1.2636535700735426e-09,1.8659585772392987e-09,1.047199410844588e-06,2.3389905833178053e-06,1.308809735489547e-08,2.870684488612747e-08,1.2576792621116738e-09,1.8234169741849754e-09,3.083166770778689e-07,3.08388258485337e-07,2.0655839971794876e-07
E2_A40,chease_mars,1088,libneo_Boozer,0.64175,7.831663630422559e-09,7.75688429369569e-09,1.0866767929940124e-08,6.916782702148794e-10,8.998897898441777e-07,1.6411558283682047e-06,4.370681235125302e-10,4.781033555584263e-10,8.959922870752512e-07,1.8592101495422563e-06,1.1967052005771192e-08,2.446200896195206e-08,4.374626965057865e-10,4.6357407906529135e-10,5.876109173685862e-07,5.878942594961245e-07,3.6693267302378985e-07
E2_A40,chease_mars,1088,libneo_Boozer,0.72625,4.8366439657520066e-09,4.766944292656583e-09,5.808570624488141e-09,6.916782702148794e-10,3.603260581657173e-07,9.256518408703286e-07,3.4824024556259066e-09,4.035582317733534e-09,6.262078824159354e-07,1.3779931582642435e-06,9.54744373700864e-09,1.9456304255047933e-08,3.485308583998861e-09,4.086621509001055e-09,2.5311313855969075e-07,2.530732680083858e-07,1.484817806485239e-07
E2_A40,chease_mars,1088,libneo_Boozer,0.81075,1.1827035785595188e-09,9.595944625251322e-10,3.860400443755907e-09,6.916782702148794e-10,1.1174086322729242e-06,2.0009372893627857e-06,5.10506281917957e-09,5.108972956159506e-09,4.910978122465547e-07,9.718253473654607e-07,8.960858987359308e-09,1.5218833887724885e-08,5.102067406234105e-09,5.251157532836023e-09,3.7837863675616035e-07,3.7884160031254055e-07,2.103702091416082e-07
E2_A40,chease_mars,1088,libneo_Boozer,0.89525,1.3785704599062942e-09,1.1752399886993082e-09,3.118153069081586e-09,6.916782702148794e-10,3.925275169514336e-06,6.175681584713234e-06,7.225120677917587e-09,7.51179659250025e-09,4.6424140959964973e-07,8.268182240513015e-07,1.028070013008818e-08,1.437811043410553e-08,7.215714018843557e-09,7.500142426599771e-09,6.462164776621648e-07,6.467460784698176e-07,3.4176813235031744e-07
E2_A40,chease_mars,1088,libneo_Boozer,0.97975,1.1111183733606404e-09,7.933987666849852e-10,7.243626809483317e-09,6.916782702148794e-10,1.908345398615832e-05,2.978926838635454e-05,6.365331242657575e-09,6.709317063242004e-09,3.680354086212756e-07,6.808855160344414e-07,8.791631129212203e-09,1.2897971292270376e-08,6.361427213885756e-09,6.8729566316359435e-09,6.025811071230791e-07,6.031507927550805e-07,3.046760650438074e-07
E2_A40,chease_mars,1088,NEO_RT,0.05,,8.781395920739196e-09,4.884654125625332e-09,,,,,,,,,,,,,,
E2_A40,chease_mars,1088,NEO_RT,0.13454545454545455,,6.745112876574809e-09,8.525388950353374e-09,,,,,,,,,,,,,,
E2_A40,chease_mars,1088,NEO_RT,0.21909090909090911,,4.950345943205518e-09,4.0070393669822124e-09,,,,,,,,,,,,,,
E2_A40,chease_mars,1088,NEO_RT,0.30363636363636365,,5.074143022069412e-09,1.9702336429006095e-09,,,,,,,,,,,,,,
E2_A40,chease_mars,1088,NEO_RT,0.3881818181818182,,7.3088216645891264e-09,2.603377957655084e-09,,,,,,,,,,,,,,
E2_A40,chease_mars,1088,NEO_RT,0.4727272727272728,,6.319343700177121e-09,7.630753584564332e-09,,,,,,,,,,,,,,
E2_A40,chease_mars,1088,NEO_RT,0.5572727272727274,,1.69033307065353e-09,4.052839397417074e-09,,,,,,,,,,,,,,
E2_A40,chease_mars,1088,NEO_RT,0.641818181818182,,7.721736055069205e-09,9.583726479078791e-09,,,,,,,,,,,,,,
E2_A40,chease_mars,1088,NEO_RT,0.7263636363636364,,4.954736904685062e-09,6.08104033794632e-09,,,,,,,,,,,,,,
E2_A40,chease_mars,1088,NEO_RT,0.810909090909091,,1.094681618990218e-09,3.239099433116621e-09,,,,,,,,,,,,,,
E2_A40,chease_mars,1088,NEO_RT,0.8954545454545456,,9.879060312166218e-10,2.3721236086515773e-09,,,,,,,,,,,,,,
E2_A40,chease_mars,1088,NEO_RT,0.9800000000000001,,8.911142486244646e-10,5.442024608726115e-11,,,,,,,,,,,,,,
E2_A40,chease_mars,1088,NEO_2,0.05,,8.78139529874754e-09,4.884655124826054e-09,,,,,,,,,,,,,,
E2_A40,chease_mars,1088,NEO_2,0.13454545454545455,,6.745107521653257e-09,8.525390282621004e-09,,,,,,,,,,,,,,
E2_A40,chease_mars,1088,NEO_2,0.21909090909090911,,4.9503465255782014e-09,4.007036702446953e-09,,,,,,,,,,,,,,
E2_A40,chease_mars,1088,NEO_2,0.30363636363636365,,5.074144716236638e-09,1.970241414461782e-09,,,,,,,,,,,,,,
E2_A40,chease_mars,1088,NEO_2,0.3881818181818182,,7.308829696938977e-09,2.603369964049307e-09,,,,,,,,,,,,,,
E2_A40,chease_mars,1088,NEO_2,0.4727272727272728,,6.3193525575271484e-09,7.630754472742751e-09,,,,,,,,,,,,,,
E2_A40,chease_mars,1088,NEO_2,0.5572727272727274,,1.6903293305207931e-09,4.052842506041543e-09,,,,,,,,,,,,,,
E2_A40,chease_mars,1088,NEO_2,0.641818181818182,,7.721741831762195e-09,9.583726701123396e-09,,,,,,,,,,,,,,
E2_A40,chease_mars,1088,NEO_2,0.7263636363636364,,4.954744210617656e-09,6.081039560790202e-09,,,,,,,,,,,,,,
E2_A40,chease_mars,1088,NEO_2,0.810909090909091,,1.0946878219912308e-09,3.239096768581362e-09,,,,,,,,,,,,,,
E2_A40,chease_mars,1088,NEO_2,0.8954545454545456,,9.879082041286725e-10,2.372118279581059e-09,,,,,,,,,,,,,,
E2_A40,chease_mars,1088,NEO_2,0.9800000000000001,,8.910588699974891e-10,5.441846973042175e-11,,,,,,,,,,,,,,
E1_A20,chease_mars,1088,libneo_Boozer,0.05025,4.723897008735845e-09,4.637150394982831e-09,1.5958705468221979e-09,4.5082870769874717e-10,4.2948398762369294e-08,8.628252430652399e-08,1.0762089806482071e-08,1.066699386435418e-08,1.4504901949733604e-06,3.421395762226535e-06,1.5266381508184737e-08,2.760744713678758e-08,1.0761849363522929e-08,1.0678897139759026e-08,8.141795772298455e-08,8.140651786003872e-08,1.8157705738985896e-07
E1_A20,chease_mars,1088,libneo_Boozer,0.13475,7.58352556787074e-09,7.497975343625386e-09,5.240143874374326e-10,4.5082870769874717e-10,4.6245833227243514e-08,1.147629648973598e-07,4.131054826214461e-09,4.948774802143036e-09,1.1242965841177817e-06,2.7732175184006235e-06,1.4350610150850877e-08,3.3890312645712235e-08,4.134495435211231e-09,4.9520797467172445e-09,9.977054341026026e-08,9.974046452643215e-08,1.3585545594052562e-07
E1_A20,chease_mars,1088,libneo_Boozer,0.21925,8.36945841975236e-09,8.26879018893523e-09,9.091000729988252e-09,4.5082870769874717e-10,1.2299010387217132e-07,2.2731599105914737e-07,1.5084253861012418e-08,1.5083746530510234e-08,9.866146281129276e-07,2.382166736699336e-06,2.154330350907452e-08,3.986687571923304e-08,1.5085514349980356e-08,1.511109617098413e-08,1.7788722836420412e-07,1.7780776154219247e-07,1.8986766342488082e-07
E1_A20,chease_mars,1088,libneo_Boozer,0.30375,4.7510308586837674e-09,4.593936282911437e-09,6.0908855736840906e-09,4.5082870769874717e-10,1.1176756380843596e-07,2.5822892470775566e-07,9.012162910006993e-09,9.42448541853662e-09,8.16989954237195e-07,2.0425961335953214e-06,1.7491905670957543e-08,3.838779274454623e-08,9.010380600905648e-09,9.426100496754287e-09,1.8014621006035014e-07,1.8011272912010767e-07,1.6340161035355294e-07
E1_A20,chease_mars,1088,libneo_Boozer,0.38825,1.8814464437553146e-09,1.3353056351250926e-09,1.5968704136781753e-10,4.5082870769874717e-10,1.2191488924812627e-07,3.1560561540474096e-07,3.6009150835074162e-09,3.908088163486876e-09,6.884388781448184e-07,1.7577116474993538e-06,1.4729044874050416e-08,3.632790083396857e-08,3.5969056035671014e-09,3.83335872497558e-09,1.9268929157822967e-07,1.9261938705161796e-07,1.545660878177202e-07
E1_A20,chease_mars,1088,libneo_Boozer,0.47275,5.0026031981106015e-09,4.866386231999612e-09,2.2472605998302697e-09,4.5082870769874717e-10,1.0052787079330556e-07,3.199712648012848e-07,6.592582788763057e-09,6.790701334038656e-09,5.688760244085285e-07,1.4764759938672432e-06,1.4595189200383605e-08,3.417928090740968e-08,6.5934733322819875e-09,6.825612735723404e-09,1.6836645527762428e-07,1.6827474574876433e-07,1.223694872098946e-07
E1_A20,chease_mars,1088,libneo_Boozer,0.55725,8.661577683588056e-09,8.60141618260239e-09,1.7912601402159112e-09,4.5082870769874717e-10,2.9717795266732644e-07,5.918553072014209e-07,2.662318257846746e-09,3.0884251822607387e-09,4.898176927294113e-07,1.2198468846841692e-06,1.2460378928573325e-08,3.019192653580343e-08,2.6603421391897397e-09,3.0540546095259005e-09,2.61714087401721e-07,2.616280041500829e-07,1.7523834494603818e-07
E1_A20,chease_mars,1088,libneo_Boozer,0.64175,2.5853096726221506e-09,2.414855965107177e-09,2.7784397005348183e-09,4.5082870769874717e-10,9.48300685113565e-08,2.2746289827085613e-07,2.5043120934713954e-09,2.951515931404919e-09,3.68877136666404e-07,9.572307436067368e-07,1.0150793749282612e-08,2.5443609167567625e-08,2.503601978753816e-09,3.033993720298263e-09,8.125976769246535e-08,8.118214100960586e-08,5.066960895305783e-08
E1_A20,chease_mars,1088,libneo_Boozer,0.72625,5.015938388807729e-09,4.955102183103134e-09,9.133807044037212e-10,4.5082870769874717e-10,1.3028837907305586e-07,3.387254407268855e-07,4.425820648701311e-09,4.722534734665841e-09,2.8185696322139864e-07,7.184440689461543e-07,9.138046298239408e-09,2.07006320122135e-08,4.42673989803052e-09,4.822401042401678e-09,9.253537902598197e-08,9.249398547073184e-08,5.426757454518594e-08
E1_A20,chease_mars,1088,libneo_Boozer,0.81075,6.0021317359900275e-09,5.957268268137787e-09,7.421586345479625e-09,4.5082870769874717e-10,7.655160532515065e-07,1.2446324502150347e-06,9.54747921853744e-10,1.670945640216804e-09,2.352238651311869e-07,5.032913182565614e-07,7.11429200215853e-09,1.500574674833646e-08,9.215904875692109e-10,1.7976907319868268e-09,2.3533141990661477e-07,2.3537066162759857e-07,1.3070097348855114e-07
E1_A20,chease_mars,1088,libneo_Boozer,0.89525,3.3128044417819326e-09,3.186521198198286e-09,7.188195705332134e-09,4.5082870769874717e-10,3.356640111799614e-07,6.623426098963595e-07,3.7188808029728823e-09,3.7547961412704345e-09,1.504244387576787e-07,3.228273402883205e-07,6.02150122697476e-09,1.0707264021167296e-08,3.7128636526584533e-09,3.94091218868267e-09,6.94024653302705e-08,6.952881437261027e-08,3.67419897839838e-08
E1_A20,chease_mars,1088,libneo_Boozer,0.97975,5.815480245781683e-09,5.7661171852397026e-09,2.9251296940202565e-09,4.5082870769874717e-10,3.5761388376455942e-06,5.511269872216224e-06,3.7110758049517913e-09,4.034681804843374e-09,1.3471155633024568e-07,3.2249035253959305e-07,5.783807979515068e-09,1.0912696460635706e-08,3.720954705701304e-09,4.189494144769046e-09,1.1152915491141613e-07,1.1161639712486959e-07,5.6381984303577326e-08
E1_A20,chease_mars,1088,NEO_RT,0.05,,2.7996921258412896e-09,5.324890528513038e-09,,,,,,,,,,,,,,
E1_A20,chease_mars,1088,NEO_RT,0.13454545454545455,,8.108233930153004e-09,2.280071242921622e-09,,,,,,,,,,,,,,
E1_A20,chease_mars,1088,NEO_RT,0.21909090909090911,,4.180569692987654e-09,7.138803437278796e-09,,,,,,,,,,,,,,
E1_A20,chease_mars,1088,NEO_RT,0.30363636363636365,,6.3684379567874985e-09,5.230203159456437e-09,,,,,,,,,,,,,,
E1_A20,chease_mars,1088,NEO_RT,0.3881818181818182,,2.150962748550119e-09,1.8086527830973864e-09,,,,,,,,,,,,,,
E1_A20,chease_mars,1088,NEO_RT,0.4727272727272728,,5.146829811395506e-09,2.210553295967088e-09,,,,,,,,,,,,,,
E1_A20,chease_mars,1088,NEO_RT,0.5572727272727274,,8.850550723389445e-09,1.7660798379282028e-09,,,,,,,,,,,,,,
E1_A20,chease_mars,1088,NEO_RT,0.641818181818182,,1.0381032066852997e-09,4.3332522015049335e-09,,,,,,,,,,,,,,
E1_A20,chease_mars,1088,NEO_RT,0.7263636363636364,,3.5563109940386855e-09,3.4179308272541675e-09,,,,,,,,,,,,,,
E1_A20,chease_mars,1088,NEO_RT,0.810909090909091,,4.319885709620361e-09,7.6025334916352e-09,,,,,,,,,,,,,,
E1_A20,chease_mars,1088,NEO_RT,0.8954545454545456,,6.862012844364597e-10,6.897580284714877e-09,,,,,,,,,,,,,,
E1_A20,chease_mars,1088,NEO_RT,0.9800000000000001,,1.5433093466263378e-09,2.1148385265234992e-09,,,,,,,,,,,,,,
E1_A20,chease_mars,1088,NEO_2,0.05,,2.7996631583988247e-09,5.324885421487124e-09,,,,,,,,,,,,,,
E1_A20,chease_mars,1088,NEO_2,0.13454545454545455,,8.108237788765294e-09,2.2800747956353007e-09,,,,,,,,,,,,,,
E1_A20,chease_mars,1088,NEO_2,0.21909090909090911,,4.180544457713198e-09,7.138793667316179e-09,,,,,,,,,,,,,,
E1_A20,chease_mars,1088,NEO_2,0.30363636363636365,,6.368443492484743e-09,5.2302071562593255e-09,,,,,,,,,,,,,,
E1_A20,chease_mars,1088,NEO_2,0.3881818181818182,,2.1509541652294845e-09,1.8086608877254662e-09,,,,,,,,,,,,,,
E1_A20,chease_mars,1088,NEO_2,0.4727272727272728,,5.146830505562218e-09,2.2105575148145817e-09,,,,,,,,,,,,,,
E1_A20,chease_mars,1088,NEO_2,0.5572727272727274,,8.850541231179419e-09,1.7660773954375486e-09,,,,,,,,,,,,,,
E1_A20,chease_mars,1088,NEO_2,0.641818181818182,,1.0381155220900085e-09,4.333260417155316e-09,,,,,,,,,,,,,,
E1_A20,chease_mars,1088,NEO_2,0.7263636363636364,,3.5563185857727875e-09,3.417927052495884e-09,,,,,,,,,,,,,,
E1_A20,chease_mars,1088,NEO_2,0.810909090909091,,4.319897159476083e-09,7.60253171527836e-09,,,,,,,,,,,,,,
E1_A20,chease_mars,1088,NEO_2,0.8954545454545456,,6.862226605259466e-10,6.897581061870994e-09,,,,,,,,,,,,,,
E1_A20,chease_mars,1088,NEO_2,0.9800000000000001,,1.5432969164464966e-09,2.1148398587911288e-09,,,,,,,,,,,,,,
E2_A40,chease_mars,4224,libneo_Boozer,0.05025,6.0408745156191145e-09,6.040582332056868e-09,6.467658075770544e-09,5.482871934248124e-10,6.82884657134957e-08,9.659789571043869e-08,1.1152474005864795e-08,1.111969403385549e-08,9.126370773637099e-07,9.5147686636532e-07,1.1662930723099802e-08,1.1669005240322668e-08,1.1152156105830893e-08,1.110654151027293e-08,9.22024164101698e-08,9.209088192019266e-08,2.054086850333814e-07
E2_A40,chease_mars,4224,libneo_Boozer,0.13475,7.771770962065257e-09,7.771731186096019e-09,3.831876038695725e-09,5.482871934248124e-10,8.077064807674417e-09,1.2630798538540718e-08,8.092853743232133e-09,8.154308963502335e-09,3.783343158280276e-08,7.088509241435092e-08,8.096016644102056e-09,8.16554956762538e-09,8.092971406955169e-09,8.15662055906551e-09,1.1445995623526883e-08,1.1417673306812759e-08,1.5551892273979462e-08
E2_A40,chease_mars,4224,libneo_Boozer,0.21925,5.2351364790481015e-09,5.2353018071041055e-09,3.4195803966241556e-09,5.482871934248124e-10,1.2738603991761817e-07,1.865623761490277e-07,8.993143953520468e-09,8.898505866335616e-09,3.2127235069139204e-07,3.350794192472047e-07,9.336230608494955e-09,9.24913599226436e-09,8.992271260783767e-09,8.916423663861777e-09,1.451539550778591e-07,1.4508519616263094e-07,1.5492561639129931e-07
E2_A40,chease_mars,4224,libneo_Boozer,0.30375,5.213510428835097e-09,5.213605064942472e-09,3.167957007832456e-10,5.482871934248124e-10,2.3323259130116887e-07,3.3725385004082976e-07,1.0416144487621439e-08,1.0440210690177909e-08,3.776378887193644e-07,3.880782329513399e-07,1.0978587568859245e-08,1.0978145862369262e-08,1.0415092391469337e-08,1.0469570497923875e-08,2.3431413520569322e-07,2.3421345179963637e-07,2.1248271753204762e-07
E2_A40,chease_mars,4224,libneo_Boozer,0.38825,7.693566609899784e-09,7.69398598727626e-09,1.8353811803706321e-09,5.482871934248124e-10,2.6797182887546694e-07,3.923578948254892e-07,1.2349698551059301e-08,1.2250280320520067e-08,2.9905370170289187e-07,3.131976302383025e-07,1.273373556380882e-08,1.2612073571368431e-08,1.2348136706763679e-08,1.2279344497364288e-08,2.395518198250457e-07,2.394981993281142e-07,1.921836589868775e-07
E2_A40,chease_mars,4224,libneo_Boozer,0.47275,6.1954417986256605e-09,6.195891144671818e-09,7.985788696984741e-09,5.482871934248124e-10,1.732853573026796e-07,2.9091833965785584e-07,4.1016703933969126e-09,4.551288260173735e-09,1.269900183140881e-07,1.497453181001102e-07,4.351940865114757e-09,4.748125261902782e-09,4.102476245895054e-09,4.536218380569628e-09,1.529878209116653e-07,1.5300303679577354e-07,1.1126389298787842e-07
E2_A40,chease_mars,4224,libneo_Boozer,0.55725,1.2571218959752968e-09,1.2565045146941422e-09,3.757769428958113e-09,5.482871934248124e-10,2.385634219206128e-07,4.3442975012710603e-07,1.2114039406905663e-09,1.7160642722719038e-09,1.4789182716848808e-07,2.08077541859477e-07,2.2027115946796945e-09,3.0760751841047817e-09,1.2059849075417646e-09,1.683289949730573e-09,1.9248680382943917e-07,1.9250707006257528e-07,1.2894119405526538e-07
E2_A40,chease_mars,4224,libneo_Boozer,0.64175,7.720777509582249e-09,7.701091210848953e-09,4.137654441294103e-09,5.482871934248124e-10,9.154100100544879e-07,1.3393606108547362e-06,4.340245149513174e-10,4.854672506681754e-10,3.625917235180331e-07,3.703320185585121e-07,4.859036638374027e-09,4.892980253973898e-09,4.3729675085667004e-10,4.657081375712211e-10,4.79689562293828e-07,4.798704446029589e-07,2.9950987734395085e-07
E2_A40,chease_mars,4224,libneo_Boozer,0.72625,4.709859718174354e-09,4.703024228811254e-09,5.808570624488141e-09,5.482871934248124e-10,2.3203181254312425e-07,3.576538219756814e-07,3.480809073615169e-09,4.007946996906193e-09,6.936302772073004e-08,8.5443425210284e-08,3.6170732378397783e-09,4.0527315808441965e-09,3.4838313650169755e-09,4.015937971205116e-09,9.766248865172855e-08,9.770196818248422e-08,5.732317409634646e-08
E2_A40,chease_mars,4224,libneo_Boozer,0.81075,7.814741999776189e-10,7.257254891528174e-10,3.860400443755907e-09,5.482871934248124e-10,1.2075275232982808e-06,1.76022492041238e-06,5.1129190809840995e-09,5.138952343696596e-09,1.963254914459702e-07,2.2626211717033183e-07,5.899543550546132e-09,5.921378980523423e-09,5.109682635716335e-09,5.172497017194694e-09,3.3292807710694206e-07,3.3317182812631074e-07,1.8500984610980709e-07
E2_A40,chease_mars,4224,libneo_Boozer,0.89525,1.1641360409955812e-09,1.0528528276804114e-09,3.118153069081586e-09,5.482871934248124e-10,4.094793153825229e-06,5.853932199296236e-06,8.971775614345193e-09,9.94539289664603e-09,3.3788626741489746e-07,3.55526142233553e-07,1.0431444843366378e-08,1.1086519257182267e-08,8.972586933217086e-09,1.0018084423333324e-08,6.126387505078768e-07,6.132122460922318e-07,3.2404754324311114e-07
E2_A40,chease_mars,4224,libneo_Boozer,0.97975,7.796406898462867e-10,5.622029403967038e-10,7.772390286930886e-09,5.482871934248124e-10,1.753273229965246e-05,2.7683338820983452e-05,6.360864644071712e-09,6.677433300576404e-09,2.6096516658642497e-07,4.026371776455397e-07,7.677589613580075e-09,8.676272452996023e-09,6.360873524651853e-09,6.730693475566791e-09,5.599879630002746e-07,5.605200831260149e-07,2.8314155187114665e-07
E2_A40,chease_mars,4224,NEO_RT,0.05,,6.323311350689954e-09,6.500461724456841e-09,,,,,,,,,,,,,,
E2_A40,chease_mars,4224,NEO_RT,0.13454545454545455,,6.621293501479644e-09,2.6872506442288113e-09,,,,,,,,,,,,,,
E2_A40,chease_mars,4224,NEO_RT,0.21909090909090911,,4.75535372238963e-09,9.000356016031219e-12,,,,,,,,,,,,,,
E2_A40,chease_mars,4224,NEO_RT,0.30363636363636365,,4.8864666230158586e-09,7.430207560332747e-10,,,,,,,,,,,,,,
E2_A40,chease_mars,4224,NEO_RT,0.3881818181818182,,7.191445623354553e-09,2.0817987333998644e-09,,,,,,,,,,,,,,
E2_A40,chease_mars,4224,NEO_RT,0.4727272727272728,,6.203874149932217e-09,7.630753140475122e-09,,,,,,,,,,,,,,
E2_A40,chease_mars,4224,NEO_RT,0.5572727272727274,,1.3018285157835077e-09,3.549926130830272e-09,,,,,,,,,,,,,,
E2_A40,chease_mars,4224,NEO_RT,0.641818181818182,,7.236231415655474e-09,3.571781537203833e-09,,,,,,,,,,,,,,
E2_A40,chease_mars,4224,NEO_RT,0.7263636363636364,,4.893984073612422e-09,3.388402669557422e-09,,,,,,,,,,,,,,
E2_A40,chease_mars,4224,NEO_RT,0.810909090909091,,8.968851541853648e-10,2.8267697071981956e-09,,,,,,,,,,,,,,
E2_A40,chease_mars,4224,NEO_RT,0.8954545454545456,,8.368315879487023e-10,2.4870094872397885e-09,,,,,,,,,,,,,,
E2_A40,chease_mars,4224,NEO_RT,0.9800000000000001,,6.948887912590784e-10,8.962366404574595e-09,,,,,,,,,,,,,,
E2_A40,chease_mars,4224,NEO_2,0.05,,6.323309993394208e-09,6.50046350081368e-09,,,,,,,,,,,,,,
E2_A40,chease_mars,4224,NEO_2,0.13454545454545455,,6.621290830749353e-09,2.687245537202898e-09,,,,,,,,,,,,,,
E2_A40,chease_mars,4224,NEO_2,0.21909090909090911,,4.75535384470065e-09,9.00213237287062e-12,,,,,,,,,,,,,,
E2_A40,chease_mars,4224,NEO_2,0.30363636363636365,,4.8864651811439184e-09,7.430267512376076e-10,,,,,,,,,,,,,,
E2_A40,chease_mars,4224,NEO_2,0.3881818181818182,,7.1914537433437185e-09,2.0817960688646053e-09,,,,,,,,,,,,,,
E2_A40,chease_mars,4224,NEO_2,0.4727272727272728,,6.20388200689927e-09,7.630752474341307e-09,,,,,,,,,,,,,,
E2_A40,chease_mars,4224,NEO_2,0.5572727272727274,,1.3018243607724789e-09,3.549926574919482e-09,,,,,,,,,,,,,,
E2_A40,chease_mars,4224,NEO_2,0.641818181818182,,7.236233358069637e-09,3.5717777624455493e-09,,,,,,,,,,,,,,
E2_A40,chease_mars,4224,NEO_2,0.7263636363636364,,4.893988587589701e-09,3.388402447512817e-09,,,,,,,,,,,,,,
E2_A40,chease_mars,4224,NEO_2,0.810909090909091,,8.9689252828671e-10,2.8267703733320104e-09,,,,,,,,,,,,,,
E2_A40,chease_mars,4224,NEO_2,0.8954545454545456,,8.368332782113279e-10,2.487008599061369e-09,,,,,,,,,,,,,,
E2_A40,chease_mars,4224,NEO_2,0.9800000000000001,,6.948171117877218e-10,8.962367736842225e-09,,,,,,,,,,,,,,
E1_A20,chease_mars,4224,libneo_Boozer,0.05025,4.55381424310999e-09,4.55127732268138e-09,1.5958705468221979e-09,6.845262134902441e-10,4.0971037879176443e-08,6.175331695255497e-08,1.0759727050753052e-08,1.0854594276057667e-08,5.55422418538528e-07,6.33038603728673e-07,1.1530692722835127e-08,1.1794046781791324e-08,1.0759806948711397e-08,1.0886000492239032e-08,5.744673188534666e-08,5.804365713069082e-08,1.2946626343213197e-07
E1_A20,chease_mars,4224,libneo_Boozer,0.13475,7.41071950701784e-09,7.411064119647294e-09,5.240143874374326e-10,6.845262134902441e-10,4.0953730177877254e-08,6.445538738104983e-08,4.0935559398298376e-09,4.543437468326914e-09,1.897635518162351e-07,2.5181932050151096e-07,4.7048321786035284e-09,5.027646798164828e-09,4.095831440577458e-09,4.565355104162454e-09,5.6860476910225444e-08,5.624788054769958e-08,7.661465056818528e-08
E1_A20,chease_mars,4224,libneo_Boozer,0.21925,8.194283900060105e-09,8.180569515932657e-09,9.091000729988252e-09,6.845262134902441e-10,1.1935977360945585e-07,1.8402869418612426e-07,1.5084242123154437e-08,1.5014275874139348e-08,2.977548958315866e-07,3.271748935609269e-07,1.5780738408245717e-08,1.582412780147219e-08,1.508551510127924e-08,1.508396991078428e-08,1.426743456156565e-07,1.431198792256616e-07,1.5282700199792387e-07
E1_A20,chease_mars,4224,libneo_Boozer,0.30375,4.431200478894417e-09,4.431174524930964e-09,6.0908855736840906e-09,6.845262134902441e-10,1.0292319872374449e-07,1.5262720758108042e-07,9.012110754302412e-09,9.330813660187365e-09,1.6566437016180604e-07,1.8053723770252175e-07,9.509623363165586e-09,9.838389436993052e-09,9.010359162623491e-09,9.384657820614508e-09,1.0712889203512432e-07,1.0669717315225924e-07,9.6797649673519e-08
E1_A20,chease_mars,4224,libneo_Boozer,0.38825,8.811573896720429e-10,6.329760755774345e-10,1.5968704136781753e-10,6.845262134902441e-10,1.0939895433528403e-07,1.667984072752445e-07,3.600806539224547e-09,3.8430053537246745e-09,1.1929189378167386e-07,1.3442160322465093e-07,4.368632901207516e-09,4.640813536562052e-09,3.5968876641268813e-09,3.791484716341808e-09,1.0124205640504869e-07,1.0161073332737303e-07,8.153683117573252e-08
E1_A20,chease_mars,4224,libneo_Boozer,0.47275,4.751335600914852e-09,4.73873121812619e-09,2.2472605998302697e-09,6.845262134902441e-10,7.234661930127357e-08,1.363894825667659e-07,6.592368099948779e-09,6.706366087569024e-09,5.7915516075797576e-08,8.077696696411762e-08,6.722661900337912e-09,6.944895858905535e-09,6.5933099788935315e-09,6.743891769827421e-09,7.122466361142443e-08,7.153802972226231e-08,5.202249708791129e-08
E1_A20,chease_mars,4224,libneo_Boozer,0.55725,8.543922565687048e-09,8.542336302125392e-09,1.7912601402159112e-09,6.845262134902441e-10,2.8205472156050244e-07,4.2124653451620614e-07,2.6625908564411486e-09,2.9818709327216616e-09,1.5840212448348192e-07,1.7696251718842564e-07,4.75200702401537e-09,4.844956244793303e-09,2.659969186650074e-09,2.9020505307836614e-09,1.8700683446226662e-07,1.8676090574043513e-07,1.2509241409386362e-07
E1_A20,chease_mars,4224,libneo_Boozer,0.64175,2.2592608288832955e-09,2.245239375346745e-09,2.7784397005348183e-09,6.845262134902441e-10,3.95087440397426e-08,5.9193914805808455e-08,2.504915495710102e-09,2.865589779188044e-09,1.499874346073931e-08,2.275977099947373e-08,2.535770011569854e-09,2.8739564344028494e-09,2.503126557180206e-09,2.8576429671619473e-09,2.1651495263341758e-08,2.1440157871310817e-08,1.3381815877622216e-08
E1_A20,chease_mars,4224,libneo_Boozer,0.72625,4.897147038226353e-09,4.8952738297963706e-09,9.133807044037212e-10,6.845262134902441e-10,9.749709539420494e-08,1.51390713997738e-07,4.425119578054398e-09,4.6457538591977984e-09,1.35626877963039e-08,1.8690815939502203e-08,4.4400400121981396e-09,4.649651053069421e-09,4.4257708932287326e-09,4.6358872431940305e-09,4.107950524190329e-08,4.12531097060409e-08,2.4203803516975597e-08
E1_A20,chease_mars,4224,libneo_Boozer,0.81075,5.926708457213492e-09,5.919351672735437e-09,7.604477714195923e-09,6.845262134902441e-10,7.13333166548194e-07,1.1425146259921382e-06,9.724150020542984e-10,1.6276742906412396e-09,1.1619520637454113e-07,1.1398563740199557e-07,3.615632586118475e-09,3.703333642535192e-09,9.201495305154656e-10,1.52805576677128e-09,2.1635888980409135e-07,2.1634302316275722e-07,1.201349711932309e-07
E1_A20,chease_mars,4224,libneo_Boozer,0.89525,3.1812910271461517e-09,3.118729501829796e-09,7.188195705332134e-09,6.845262134902441e-10,2.5005902460213276e-07,5.28880387606169e-07,3.800210192416855e-09,3.737657867453636e-09,3.2407937502072656e-08,4.062536871462839e-08,3.93305778062902e-09,3.787848324976274e-09,3.792251981297535e-09,3.741659147172224e-09,5.5238999707718506e-08,5.530258906372154e-08,2.9224244690873036e-08
E1_A20,chease_mars,4224,libneo_Boozer,0.97975,5.753915080689918e-09,5.735133659665057e-09,2.9251296940202565e-09,6.845262134902441e-10,2.9469656875525184e-06,4.7889088791883875e-06,3.709375944592074e-09,4.005640256851276e-09,5.6258655590928896e-08,1.1886704053432883e-07,4.14482504743563e-09,5.523490275474056e-09,3.717363533454423e-09,4.083811381692508e-09,9.694639102608704e-08,9.692777058756263e-08,4.896216376781837e-08
E1_A20,chease_mars,4224,NEO_RT,0.05,,2.658054653413081e-09,5.4063562515693775e-09,,,,,,,,,,,,,,
E1_A20,chease_mars,4224,NEO_RT,0.13454545454545455,,8.068128526593768e-09,2.324675563158962e-09,,,,,,,,,,,,,,
E1_A20,chease_mars,4224,NEO_RT,0.21909090909090911,,4.002944035660718e-09,7.2816707108458445e-09,,,,,,,,,,,,,,
E1_A20,chease_mars,4224,NEO_RT,0.30363636363636365,,6.4110884351839184e-09,6.2268930012265855e-09,,,,,,,,,,,,,,
E1_A20,chease_mars,4224,NEO_RT,0.3881818181818182,,1.8036299370671338e-09,4.370297457256811e-10,,,,,,,,,,,,,,
E1_A20,chease_mars,4224,NEO_RT,0.4727272727272728,,5.02599682352448e-09,2.2113704201132123e-09,,,,,,,,,,,,,,
E1_A20,chease_mars,4224,NEO_RT,0.5572727272727274,,8.791402539496776e-09,1.7660798379282028e-09,,,,,,,,,,,,,,
E1_A20,chease_mars,4224,NEO_RT,0.641818181818182,,5.364298938764804e-10,2.3211998989580707e-09,,,,,,,,,,,,,,
E1_A20,chease_mars,4224,NEO_RT,0.7263636363636364,,3.4725599096911924e-09,3.383870961215507e-09,,,,,,,,,,,,,,
E1_A20,chease_mars,4224,NEO_RT,0.810909090909091,,4.2678349775175205e-09,4.661357522195431e-09,,,,,,,,,,,,,,
E1_A20,chease_mars,4224,NEO_RT,0.8954545454545456,,9.730074306612158e-10,7.044437588810126e-09,,,,,,,,,,,,,,
E1_A20,chease_mars,4224,NEO_RT,0.9800000000000001,,1.2055700640698095e-09,1.9773642723208695e-09,,,,,,,,,,,,,,
E1_A20,chease_mars,4224,NEO_2,0.05,,2.6580511012116234e-09,5.4063504784096494e-09,,,,,,,,,,,,,,
E1_A20,chease_mars,4224,NEO_2,0.13454545454545455,,8.068127190485293e-09,2.3246744529359376e-09,,,,,,,,,,,,,,
E1_A20,chease_mars,4224,NEO_2,0.21909090909090911,,4.002923916903756e-09,7.281672043113474e-09,,,,,,,,,,,,,,
E1_A20,chease_mars,4224,NEO_2,0.30363636363636365,,6.411084713229447e-09,6.2268961098510545e-09,,,,,,,,,,,,,,
E1_A20,chease_mars,4224,NEO_2,0.3881818181818182,,1.8036117562565167e-09,4.370533934761056e-10,,,,,,,,,,,,,,
E1_A20,chease_mars,4224,NEO_2,0.4727272727272728,,5.025996375974066e-09,2.211370642157817e-09,,,,,,,,,,,,,,
E1_A20,chease_mars,4224,NEO_2,0.5572727272727274,,8.791398353092897e-09,1.7660687356979565e-09,,,,,,,,,,,,,,
E1_A20,chease_mars,4224,NEO_2,0.641818181818182,,5.364527004820416e-10,2.321205228028589e-09,,,,,,,,,,,,,,
E1_A20,chease_mars,4224,NEO_2,0.7263636363636364,,3.472564558445458e-09,3.383871405304717e-09,,,,,,,,,,,,,,
E1_A20,chease_mars,4224,NEO_2,0.810909090909091,,4.267841331577598e-09,4.661358632418455e-09,,,,,,,,,,,,,,
E1_A20,chease_mars,4224,NEO_2,0.8954545454545456,,9.730425585645064e-10,7.0444354793863795e-09,,,,,,,,,,,,,,
E1_A20,chease_mars,4224,NEO_2,0.9800000000000001,,1.2055659739218513e-09,1.9773651604992892e-09,,,,,,,,,,,,,,
E1_A3p1,chease_mars,1088,libneo_Boozer,0.05025,1.3439766875182618e-07,9.520748882641344e-08,8.007192864312174e-08,2.7916924327797688e-09,1.7597114789954617e-07,4.668679554702504e-07,7.4348540266998846e-09,1.669604103539401e-08,2.329071312345559e-05,5.5160875019112825e-05,1.083030881586794e-06,2.534030259663612e-06,2.461820475927075e-09,3.6515358920614744e-09,4.422380469049081e-07,4.3654375340984597e-07,9.737081526073332e-07
E1_A3p1,chease_mars,1088,libneo_Boozer,0.13475,2.1134283922813923e-07,1.520682262782122e-07,1.5093501382068553e-07,2.7916924327797688e-09,4.601697105325309e-07,1.3117059484752012e-06,1.7569981736713416e-08,5.0252262929481774e-08,2.1080719968944355e-05,5.152499588876307e-05,1.6016282543542102e-06,3.82753900629399e-06,4.025006687361877e-09,7.827461280600285e-09,1.1302768247178907e-06,1.1105273576561547e-06,1.5126344404259306e-06
E1_A3p1,chease_mars,1088,libneo_Boozer,0.21925,2.6696361745226286e-07,1.900285376536437e-07,5.3559598423014165e-08,2.7916924327797688e-09,7.42823761602047e-07,2.249688778974524e-06,2.7224339544303483e-08,8.204243230956403e-08,1.9177825408596554e-05,4.839622458694296e-05,1.854354532943223e-06,4.542908688718353e-06,1.2232855531648228e-08,2.8849779109919964e-08,1.7454504038505458e-06,1.7209672877327442e-06,1.83768879119528e-06
E1_A3p1,chease_mars,1088,libneo_Boozer,0.30375,3.0096142503234633e-07,2.1650347365557064e-07,1.39650209840525e-07,2.7916924327797688e-09,1.0360840412174301e-06,3.296786596128971e-06,3.6889805454861625e-08,7.879533926263919e-08,1.738761915196403e-05,4.496117200116661e-05,1.974360221475782e-06,4.927820309367052e-06,2.321607953594822e-08,4.3337817755189706e-08,2.2758173630621492e-06,2.2501305251276804e-06,2.041356086612822e-06
E1_A3p1,chease_mars,1088,libneo_Boozer,0.38825,3.327051949521261e-07,2.412664576182155e-07,1.3855916014549052e-07,2.7916924327797688e-09,1.3379268296457078e-06,4.344893685638926e-06,3.968200015147239e-08,1.1559699844994495e-07,1.5583676640489312e-05,4.08457089296714e-05,1.9958306692160084e-06,5.024977444317439e-06,2.4330707441339556e-08,5.179809788443319e-08,2.6291341843065474e-06,2.6073902041900965e-06,2.0922788865895825e-06
E1_A3p1,chease_mars,1088,libneo_Boozer,0.47275,3.5335692036152794e-07,2.5667629598433513e-07,1.11768473365359e-07,2.7916924327797688e-09,1.6398197083048923e-06,5.468484416188806e-06,4.413859735451853e-08,1.3248138465688741e-07,1.3738561430645809e-05,3.622629238247352e-05,1.936980363764245e-06,4.884810806773805e-06,3.6460210442983664e-08,9.214226782441256e-08,2.8451296182341324e-06,2.8320017253502527e-06,2.0594303030696537e-06
E1_A3p1,chease_mars,1088,libneo_Boozer,0.55725,3.645438403403645e-07,2.650470557779873e-07,1.5084116067320963e-07,2.7916924327797688e-09,1.9623314187353644e-06,6.632505934531335e-06,4.72539204160017e-08,1.481104583205398e-07,1.1842509995276896e-05,3.200745193395851e-05,1.8084169484193306e-06,4.6563261808349546e-06,4.9886027328554544e-08,1.394199593801004e-07,2.8906586019283864e-06,2.8889528165265688e-06,1.935017297949315e-06
E1_A3p1,chease_mars,1088,libneo_Boozer,0.64175,3.6285193741354e-07,2.616565480639478e-07,1.594757996770113e-07,2.7916924327797688e-09,2.2810777967586256e-06,7.914979945924503e-06,4.197514960004597e-08,1.2376903543170503e-07,9.886950670427049e-06,2.705167157550779e-05,1.6161542381483435e-06,4.1974867582338765e-06,6.388553670965077e-08,1.6274661057460395e-07,2.7843482444112055e-06,2.7954603979418735e-06,1.7447770370715432e-06
E1_A3p1,chease_mars,1088,libneo_Boozer,0.72625,3.688037463487913e-07,2.65386155711783e-07,7.888409792045081e-08,2.7916924327797688e-09,2.648914690438983e-06,9.326057129135768e-06,3.9793748084598525e-08,1.2660860499860598e-07,7.912532868481116e-06,2.1600865554366956e-05,1.3725326902943069e-06,3.544812069876011e-06,8.530320967601154e-08,2.4153222167967303e-07,2.500645150393943e-06,2.523021354838839e-06,1.4802923026246972e-06
E1_A3p1,chease_mars,1088,libneo_Boozer,0.81075,3.914688598492755e-07,2.8387508367378594e-07,1.351786789172138e-07,2.7916924327797688e-09,3.0409827211626474e-06,1.1062781763378227e-05,2.959762831520298e-08,9.319893243087866e-08,6.069727525690393e-06,1.5687280723673447e-05,1.1094883678928203e-06,2.704416847758932e-06,1.0999684007675994e-07,3.2400945551830807e-07,2.0454938086666985e-06,2.0741322719342037e-06,1.1517618699885546e-06
E1_A3p1,chease_mars,1088,libneo_Boozer,0.89525,3.9161824919616686e-07,2.86297218521048e-07,1.182088261719727e-07,2.7916924327797688e-09,3.527618369689202e-06,1.3366013218648866e-05,2.029967063263625e-08,5.8365615068816974e-08,4.6266930052188395e-06,1.0690476596682532e-05,8.862737068921889e-07,1.926670748283218e-06,1.377883504827664e-07,4.033955824154256e-07,1.3643883666203394e-06,1.3857246738968598e-06,7.322756978567213e-07
E1_A3p1,chease_mars,1088,libneo_Boozer,0.97975,3.8829138008255243e-07,2.8872514051168076e-07,4.428847966142513e-08,2.7916924327797688e-09,4.92307180730026e-06,1.475092074993759e-05,7.218376890389552e-09,2.1333828660689447e-08,4.346061638828784e-06,1.3776352702496784e-05,8.683965543833896e-07,2.582064028708937e-06,1.694318250568111e-07,5.045048912231391e-07,2.9033228921004905e-07,2.9506541987522894e-07,1.490495438183359e-07
E1_A3p1,chease_mars,1088,NEO_RT,0.05,,9.49789523188779e-08,6.848614675369902e-08,,,,,,,,,,,,,,
E1_A3p1,chease_mars,1088,NEO_RT,0.13454545454545455,,1.5161206300236257e-07,1.5079832271780447e-07,,,,,,,,,,,,,,
E1_A3p1,chease_mars,1088,NEO_RT,0.21909090909090911,,1.8991782528238646e-07,5.89003767981211e-08,,,,,,,,,,,,,,
E1_A3p1,chease_mars,1088,NEO_RT,0.30363636363636365,,2.167388703310266e-07,1.4061748299099008e-07,,,,,,,,,,,,,,
E1_A3p1,chease_mars,1088,NEO_RT,0.3881818181818182,,2.413645388793932e-07,1.3788632435840498e-07,,,,,,,,,,,,,,
E1_A3p1,chease_mars,1088,NEO_RT,0.4727272727272728,,2.566820026834813e-07,1.1237175945311151e-07,,,,,,,,,,,,,,
E1_A3p1,chease_mars,1088,NEO_RT,0.5572727272727274,,2.650909175110819e-07,1.506960223274234e-07,,,,,,,,,,,,,,
E1_A3p1,chease_mars,1088,NEO_RT,0.641818181818182,,2.617579994280536e-07,1.6021210536010244e-07,,,,,,,,,,,,,,
E1_A3p1,chease_mars,1088,NEO_RT,0.7263636363636364,,2.653151737890617e-07,8.235367698894436e-08,,,,,,,,,,,,,,
E1_A3p1,chease_mars,1088,NEO_RT,0.810909090909091,,2.840993035010031e-07,1.3394578091130427e-07,,,,,,,,,,,,,,
E1_A3p1,chease_mars,1088,NEO_RT,0.8954545454545456,,2.8751647813086067e-07,1.242530270895159e-07,,,,,,,,,,,,,,
E1_A3p1,chease_mars,1088,NEO_RT,0.9800000000000001,,2.9018734384014157e-07,4.3280071193585457e-08,,,,,,,,,,,,,,
E1_A3p1,chease_mars,1088,NEO_2,0.05,,9.497854775444412e-08,6.848614408916376e-08,,,,,,,,,,,,,,
E1_A3p1,chease_mars,1088,NEO_2,0.13454545454545455,,1.5161195477378902e-07,1.5079832094144763e-07,,,,,,,,,,,,,,
E1_A3p1,chease_mars,1088,NEO_2,0.21909090909090911,,1.8991764758499844e-07,5.890037368949663e-08,,,,,,,,,,,,,,
E1_A3p1,chease_mars,1088,NEO_2,0.30363636363636365,,2.167388194241758e-07,1.4061748565552534e-07,,,,,,,,,,,,,,
E1_A3p1,chease_mars,1088,NEO_2,0.3881818181818182,,2.413645268938264e-07,1.3788631703093301e-07,,,,,,,,,,,,,,
E1_A3p1,chease_mars,1088,NEO_2,0.4727272727272728,,2.566820053680689e-07,1.1237176611444966e-07,,,,,,,,,,,,,,
E1_A3p1,chease_mars,1088,NEO_2,0.5572727272727274,,2.6509095168809527e-07,1.50696022549468e-07,,,,,,,,,,,,,,
E1_A3p1,chease_mars,1088,NEO_2,0.641818181818182,,2.617580417685563e-07,1.6021210247352258e-07,,,,,,,,,,,,,,
E1_A3p1,chease_mars,1088,NEO_2,0.7263636363636364,,2.6531519725940574e-07,8.235367698894436e-08,,,,,,,,,,,,,,
E1_A3p1,chease_mars,1088,NEO_2,0.810909090909091,,2.840993147130049e-07,1.3394577447201073e-07,,,,,,,,,,,,,,
E1_A3p1,chease_mars,1088,NEO_2,0.8954545454545456,,2.875164208583884e-07,1.2425302975405117e-07,,,,,,,,,,,,,,
E1_A3p1,chease_mars,1088,NEO_2,0.9800000000000001,,2.9018730879171345e-07,4.328006764087178e-08,,,,,,,,,,,,,,
E2_A40,chease_mars,16640,libneo_Boozer,0.05025,6.0409043887896995e-09,6.0405972700755295e-09,8.516505056732626e-09,5.29880361810342e-10,6.809844383203395e-08,9.641564157924718e-08,1.1152265645531169e-08,1.1122495490756777e-08,9.126368090495895e-07,9.411468852259734e-07,1.1662731191520272e-08,1.1661763798227848e-08,1.1152157283834912e-08,1.1109135736509569e-08,9.20978661944627e-08,9.20473877605299e-08,2.053116712752434e-07
E2_A40,chease_mars,16640,libneo_Boozer,0.13475,7.771807476940238e-09,7.771749451568067e-09,3.831876038695725e-09,5.29880361810342e-10,7.205736742214594e-09,1.1101401263913586e-08,8.092854567174224e-09,8.153402060232904e-09,3.814702862918665e-08,7.2716452887522e-08,8.096072632532502e-09,8.15799311173953e-09,8.092974113199195e-09,8.154759946957047e-09,1.0088956559073381e-08,1.0116846166363658e-08,1.3780049323841581e-08
E2_A40,chease_mars,16640,libneo_Boozer,0.21925,5.235147839556762e-09,5.235307487072706e-09,3.4195803966241556e-09,5.29880361810342e-10,1.2715190332286412e-07,1.8577336830333813e-07,8.993565389165055e-09,8.898929484736577e-09,3.21437930333227e-07,3.5028800835537815e-07,9.336984015796313e-09,9.28340251177821e-09,8.992692670045847e-09,8.916640022581097e-09,1.4456870617296502e-07,1.4441614215598975e-07,1.5421118387815014e-07
E2_A40,chease_mars,16640,libneo_Boozer,0.30375,5.2135215342293815e-09,5.213610613549691e-09,3.167957007832456e-10,5.29880361810342e-10,2.335929659230038e-07,3.381871987972676e-07,1.0416142188070306e-08,1.0450908700954028e-08,3.776135481658865e-07,3.8777891628173775e-07,1.0978514688550849e-08,1.0986650336447704e-08,1.041508920027382e-08,1.0480053829583642e-08,2.34991053171818e-07,2.348231500914899e-07,2.1303584674114973e-07
E2_A40,chease_mars,16640,libneo_Boozer,0.38825,7.693554151973392e-09,7.69397976060157e-09,1.8353811803706321e-09,5.29880361810342e-10,2.6818088967108155e-07,3.819759806420025e-07,1.2352638613954865e-08,1.2419511366049931e-08,2.986866784065802e-07,3.051774840504049e-07,1.2735657395777234e-08,1.2789863907614767e-08,1.2351287261164383e-08,1.2448990149491126e-08,2.3322748515797187e-07,2.331252680898288e-07,1.8706974547200161e-07
E2_A40,chease_mars,16640,libneo_Boozer,0.47275,6.195456141235014e-09,6.195898319431137e-09,7.012841307663109e-09,5.29880361810342e-10,1.7331076708187043e-07,2.915850812588458e-07,4.103628799873389e-09,4.55141082273694e-09,1.2581874607499564e-07,1.3813725241434618e-07,4.3493181602748664e-09,4.797085029467771e-09,4.102476024298961e-09,4.533822960542577e-09,1.5335983927222685e-07,1.5332282310431822e-07,1.1149644174590634e-07
E2_A40,chease_mars,16640,libneo_Boozer,0.55725,1.257447752063942e-09,1.256667560144512e-09,3.757769428958113e-09,5.29880361810342e-10,2.3809453695822354e-07,4.347195916362915e-07,1.2115250680691708e-09,1.7282978034489348e-09,1.4788686084119488e-07,2.095577857988206e-07,2.2027266038392154e-09,3.0984826138222607e-09,1.2060741631696975e-09,1.6952686348312207e-09,1.9259769501456248e-07,1.9265718764760464e-07,1.290417427357582e-07
E2_A40,chease_mars,16640,libneo_Boozer,0.64175,7.720804351382334e-09,7.701104657991102e-09,4.137654441294103e-09,5.29880361810342e-10,9.153809553826242e-07,1.341159138168243e-06,4.339846417330919e-10,4.679485615259113e-10,3.625955208753543e-07,3.6955836663223745e-07,4.859083559469876e-09,4.8833746538809595e-09,4.373395095453525e-10,4.450453595432605e-10,4.803193730529287e-07,4.805149110831408e-07,2.9991211947244523e-07
E2_A40,chease_mars,16640,libneo_Boozer,0.72625,4.7098526678313305e-09,4.703020671741444e-09,5.808570624488141e-09,5.29880361810342e-10,2.3089768601157161e-07,3.5557197618544285e-07,3.480770684628788e-09,4.014894909311846e-09,6.947724015487163e-08,8.380888170045906e-08,3.617478044708442e-09,4.051957262788979e-09,3.4838008240442178e-09,4.022083361219768e-09,9.710378445770829e-08,9.712227344582658e-08,5.698305871604248e-08
E2_A40,chease_mars,16640,libneo_Boozer,0.81075,7.813874069178193e-10,7.256786564344147e-10,3.860400443755907e-09,5.29880361810342e-10,1.209461088151815e-06,1.7616434545016642e-06,5.112903528392739e-09,5.121717899689028e-09,1.9633343434158237e-07,2.2552367773429656e-07,5.8995895228368244e-09,5.910261553016195e-09,5.109678017450744e-09,5.154918126952183e-09,3.3318887115996176e-07,3.3346676531209596e-07,1.8517362432302065e-07
E2_A40,chease_mars,16640,libneo_Boozer,0.89525,1.1640036731588916e-09,1.0527797294861546e-09,3.118153069081586e-09,5.29880361810342e-10,4.090636842548144e-06,5.842511315516733e-06,8.97174862626425e-09,9.947243152756447e-09,3.3788448860118707e-07,3.5506642229567486e-07,1.0431407333788498e-08,1.1083414662568672e-08,8.9725636303857e-09,1.0019769222191218e-08,6.114395180167875e-07,6.120141099463794e-07,3.234143968189329e-07
E2_A40,chease_mars,16640,libneo_Boozer,0.97975,7.783174951863457e-10,5.612815495905215e-10,7.772390286930886e-09,5.29880361810342e-10,1.753458910552385e-05,2.769050710381942e-05,6.360857845150856e-09,6.69616069394959e-09,2.6095998898992596e-07,4.0267606032455084e-07,7.677536186326548e-09,8.686992455666274e-09,6.360836494188304e-09,6.749490867758113e-09,5.601321729775677e-07,5.606648727507491e-07,2.832146910325406e-07
E2_A40,chease_mars,16640,NEO_RT,0.05,,6.323319084574502e-09,2.468266258048857e-09,,,,,,,,,,,,,,
E2_A40,chease_mars,16640,NEO_RT,0.13454545454545455,,6.621311270307671e-09,4.296705546913415e-09,,,,,,,,,,,,,,
E2_A40,chease_mars,16640,NEO_RT,0.21909090909090911,,4.755360116352112e-09,5.3168556224392205e-09,,,,,,,,,,,,,,
E2_A40,chease_mars,16640,NEO_RT,0.30363636363636365,,4.886473118591366e-09,6.166813726338205e-10,,,,,,,,,,,,,,
E2_A40,chease_mars,16640,NEO_RT,0.3881818181818182,,7.191438946720925e-09,2.0818078372286664e-09,,,,,,,,,,,,,,
E2_A40,chease_mars,16640,NEO_RT,0.4727272727272728,,6.203881387429081e-09,7.30301552565038e-09,,,,,,,,,,,,,,
E2_A40,chease_mars,16640,NEO_RT,0.5572727272727274,,1.3019859708790217e-09,3.549875948749559e-09,,,,,,,,,,,,,,
E2_A40,chease_mars,16640,NEO_RT,0.641818181818182,,7.236245370041615e-09,4.850297941061399e-09,,,,,,,,,,,,,,
E2_A40,chease_mars,16640,NEO_RT,0.7263636363636364,,4.893981255702948e-09,3.388402669557422e-09,,,,,,,,,,,,,,
E2_A40,chease_mars,16640,NEO_RT,0.810909090909091,,8.968357130062564e-10,2.8200113355580925e-09,,,,,,,,,,,,,,
E2_A40,chease_mars,16640,NEO_RT,0.8954545454545456,,8.36779637657372e-10,2.4870094872397885e-09,,,,,,,,,,,,,,
E2_A40,chease_mars,16640,NEO_RT,0.9800000000000001,,1.7392169215390502e-10,8.962366404574595e-09,,,,,,,,,,,,,,
E2_A40,chease_mars,16640,NEO_2,0.05,,6.323317727331779e-09,2.4682669241826716e-09,,,,,,,,,,,,,,
E2_A40,chease_mars,16640,NEO_2,0.13454545454545455,,6.621308598339383e-09,4.296701106021317e-09,,,,,,,,,,,,,,
E2_A40,chease_mars,16640,NEO_2,0.21909090909090911,,4.755360236006229e-09,5.316851625636332e-09,,,,,,,,,,,,,,
E2_A40,chease_mars,16640,NEO_2,0.30363636363636365,,4.886471677793435e-09,6.166853694367092e-10,,,,,,,,,,,,,,
E2_A40,chease_mars,16640,NEO_2,0.3881818181818182,,7.191447058227389e-09,2.0817922941063216e-09,,,,,,,,,,,,,,
E2_A40,chease_mars,16640,NEO_2,0.4727272727272728,,6.203889248269216e-09,7.303011528847492e-09,,,,,,,,,,,,,,
E2_A40,chease_mars,16640,NEO_2,0.5572727272727274,,1.3019818196272661e-09,3.549881499864682e-09,,,,,,,,,,,,,,
E2_A40,chease_mars,16640,NEO_2,0.641818181818182,,7.236247309628464e-09,4.850300161507448e-09,,,,,,,,,,,,,,
E2_A40,chease_mars,16640,NEO_2,0.7263636363636364,,4.8939857618608405e-09,3.388405556137286e-09,,,,,,,,,,,,,,
E2_A40,chease_mars,16640,NEO_2,0.810909090909091,,8.968430876084387e-10,2.8200104473796728e-09,,,,,,,,,,,,,,
E2_A40,chease_mars,16640,NEO_2,0.8954545454545456,,8.36781325555016e-10,2.487008599061369e-09,,,,,,,,,,,,,,
E2_A40,chease_mars,16640,NEO_2,0.9800000000000001,,1.7390178856371008e-10,8.962367736842225e-09,,,,,,,,,,,,,,
E1_A3p1,chease_mars,4224,libneo_Boozer,0.05025,5.349979962771454e-09,4.926655533276693e-09,1.2973521368309093e-08,1.4112313539982324e-09,8.30489907142905e-09,1.531988558019428e-08,2.3617022177217624e-09,3.421929940776659e-09,1.0619883083443262e-07,2.1788658655626388e-07,5.472775582128958e-09,1.0563431546219192e-08,2.4436925974376975e-09,3.809878575408022e-09,1.3088829436957994e-08,1.235561730011936e-08,2.7559186405179403e-08
E1_A3p1,chease_mars,4224,libneo_Boozer,0.13475,1.7170381359092402e-09,1.2285051673884704e-09,4.806154807468488e-09,1.4112313539982324e-09,1.4885070053918441e-08,2.3881550732299255e-08,6.13396368786948e-09,6.659390496419964e-09,6.759734280192986e-08,1.7920693487948648e-07,7.986323806660948e-09,1.4262870269600558e-08,6.137980216198985e-09,6.886685468491313e-09,1.927756984598794e-08,1.7644776750813662e-08,2.403376281323588e-08
E1_A3p1,chease_mars,4224,libneo_Boozer,0.21925,5.651666752845094e-09,5.2124116035888375e-09,2.4651434449296517e-08,1.4112313539982324e-09,1.4284209324005386e-08,3.269078053615153e-08,1.3218218411735532e-08,1.298933602635494e-08,1.2246424787185864e-07,2.8542392231179834e-07,1.769962436934099e-08,2.882457158039404e-08,1.3397418084086792e-08,1.3636882640178606e-08,2.4190828840087164e-08,2.17381301292896e-08,2.3212524624671715e-08
E1_A3p1,chease_mars,4224,libneo_Boozer,0.30375,8.074283892454314e-09,7.707897576888917e-09,1.7468832491651654e-08,1.4112313539982324e-09,3.267576893310127e-08,5.810036650794931e-08,1.2404439189609089e-08,1.4077189074382696e-08,2.883849507046746e-07,5.31568765221672e-07,3.4983151362727706e-08,5.8536627982272445e-08,1.22684351249938e-08,1.353196595577793e-08,3.906537199283022e-08,3.975679824241851e-08,3.6068100950359394e-08
E1_A3p1,chease_mars,4224,libneo_Boozer,0.38825,1.0426465126176135e-08,9.297997258129543e-09,1.2293112527927974e-08,1.4112313539982324e-09,4.6811721610185445e-08,1.0432672090588175e-07,1.2767325817226515e-08,1.560564234742893e-08,4.792131019593944e-07,9.335008542295263e-07,6.265461830702856e-08,1.1484657945647211e-07,1.1552068045395452e-08,1.518199635994476e-08,6.221779713655451e-08,5.8540372105397864e-08,4.697531863495641e-08
E1_A3p1,chease_mars,4224,libneo_Boozer,0.47275,1.5857001814632492e-08,1.4098136347943313e-08,1.6630564259045855e-08,1.4112313539982324e-09,4.490289467219405e-08,9.026369769807436e-08,1.3350457641018362e-08,3.1478365425287507e-08,6.303126175320299e-07,1.3919985031435231e-06,8.982203117490837e-08,1.8819305838729726e-07,1.0403620645042418e-08,1.695732776976156e-08,4.77579270019568e-08,5.127646485192372e-08,3.728827757676356e-08
E1_A3p1,chease_mars,4224,libneo_Boozer,0.55725,1.739971088585391e-08,1.5176457506193563e-08,2.3391956371909828e-08,1.4112313539982324e-09,7.907049791772533e-08,2.507108946320745e-07,1.3481842774686259e-08,2.090709246231172e-08,6.981155384567916e-07,1.7313571240990124e-06,1.0740023363986938e-07,2.5198387274303686e-07,1.0689867431601983e-08,1.506981832638108e-08,1.0861481658519523e-07,1.0526760940710034e-07,7.050821260179418e-08
E1_A3p1,chease_mars,4224,libneo_Boozer,0.64175,1.4987922846663412e-08,1.0785130097474158e-08,6.023133103383316e-10,1.4112313539982324e-09,7.821569409554608e-08,3.002812125292113e-07,8.127000007541451e-09,1.598389211933983e-08,6.815379269801335e-07,1.8378868550359594e-06,1.1165814225856344e-07,2.8517878584113517e-07,3.0889221081145272e-09,5.921520194662453e-09,1.0510637993288441e-07,1.024361580004296e-07,6.393524432102282e-08
E1_A3p1,chease_mars,4224,libneo_Boozer,0.72625,1.8491831979533772e-08,1.4390336359447568e-08,1.7634079529926794e-08,1.4112313539982324e-09,1.4140526762750025e-07,3.331677121310251e-07,9.844057585761122e-09,2.145069433394025e-08,5.972621531946158e-07,1.7029296798654415e-06,1.0401352881879715e-07,2.795353981114072e-07,8.915113732140959e-09,1.827537230412969e-08,8.97468109828381e-08,9.421255520170035e-08,5.52758879779347e-08
E1_A3p1,chease_mars,4224,libneo_Boozer,0.81075,1.5852895386275627e-08,1.1913923667027107e-08,2.6490033722126327e-08,1.4112313539982324e-09,1.9109790420838067e-07,7.542374651733151e-07,1.129425125449861e-08,2.2742827209067393e-08,4.663040614538645e-07,1.362974000672646e-06,8.592711118004528e-08,2.355467327097707e-07,1.2554741521614684e-08,2.875179736140335e-08,1.3918320906913806e-07,1.3902333750870355e-07,7.719945205320045e-08
E1_A3p1,chease_mars,4224,libneo_Boozer,0.89525,1.637774131267651e-08,1.1869041753670384e-08,2.0712376258558152e-08,1.4112313539982324e-09,3.1907606832564055e-07,5.254085500724627e-07,9.030837814947626e-09,9.709301265640004e-09,3.0846735118131225e-07,8.443974027523945e-07,5.973530102788073e-08,1.5221217782451184e-07,1.0960596485787772e-08,2.543571759528218e-08,5.348003595528894e-08,5.3085112639017495e-08,2.805243570769278e-08
E1_A3p1,chease_mars,4224,libneo_Boozer,0.97975,1.1411416374337305e-08,8.35364379005049e-09,4.713657464350263e-09,1.4112313539982324e-09,1.3528711513155e-06,2.9370204464222292e-06,1.0628785664535925e-08,1.2938938595580595e-08,1.8111900779725679e-07,5.532097662752812e-07,3.7657350519983623e-08,1.0445242605773797e-07,1.2310362825100108e-08,3.1640379538505176e-08,5.7839158351669084e-08,5.978847072984905e-08,3.020159078381823e-08
E1_A3p1,chease_mars,4224,NEO_RT,0.05,,3.067059731423441e-09,1.2159880879991647e-08,,,,,,,,,,,,,,
E1_A3p1,chease_mars,4224,NEO_RT,0.13454545454545455,,2.327545020720521e-09,4.930221675358837e-09,,,,,,,,,,,,,,
E1_A3p1,chease_mars,4224,NEO_RT,0.21909090909090911,,2.622894172337339e-09,2.3983616426193066e-08,,,,,,,,,,,,,,
E1_A3p1,chease_mars,4224,NEO_RT,0.30363636363636365,,7.251867751943749e-09,1.8406276391935705e-08,,,,,,,,,,,,,,
E1_A3p1,chease_mars,4224,NEO_RT,0.3881818181818182,,9.318481227422543e-09,1.1890721740570598e-08,,,,,,,,,,,,,,
E1_A3p1,chease_mars,4224,NEO_RT,0.4727272727272728,,1.4126745352707928e-08,1.6807806701990557e-08,,,,,,,,,,,,,,
E1_A3p1,chease_mars,4224,NEO_RT,0.5572727272727274,,1.521765313036202e-08,2.3123622128196075e-08,,,,,,,,,,,,,,
E1_A3p1,chease_mars,4224,NEO_RT,0.641818181818182,,1.0805609319521015e-08,2.321181025166652e-10,,,,,,,,,,,,,,
E1_A3p1,chease_mars,4224,NEO_RT,0.7263636363636364,,1.3995660662389697e-08,1.9551958496677457e-08,,,,,,,,,,,,,,
E1_A3p1,chease_mars,4224,NEO_RT,0.810909090909091,,1.0785792630193876e-08,2.4926556596582827e-08,,,,,,,,,,,,,,
E1_A3p1,chease_mars,4224,NEO_RT,0.8954545454545456,,1.2823965031750628e-08,2.036009072448053e-08,,,,,,,,,,,,,,
E1_A3p1,chease_mars,4224,NEO_RT,0.9800000000000001,,9.310666472438166e-09,6.321978940349027e-09,,,,,,,,,,,,,,
E1_A3p1,chease_mars,4224,NEO_2,0.05,,3.0658387091162746e-09,1.2159885764972955e-08,,,,,,,,,,,,,,
E1_A3p1,chease_mars,4224,NEO_2,0.13454545454545455,,2.3275558424025277e-09,4.930219010823578e-09,,,,,,,,,,,,,,
E1_A3p1,chease_mars,4224,NEO_2,0.21909090909090911,,2.6228151073591963e-09,2.3983610875077943e-08,,,,,,,,,,,,,,
E1_A3p1,chease_mars,4224,NEO_2,0.30363636363636365,,7.251879335838223e-09,1.840627528171268e-08,,,,,,,,,,,,,,
E1_A3p1,chease_mars,4224,NEO_2,0.3881818181818182,,9.318523730980737e-09,1.1890721074436783e-08,,,,,,,,,,,,,,
E1_A3p1,chease_mars,4224,NEO_2,0.4727272727272728,,1.4126740144208669e-08,1.6807794267492682e-08,,,,,,,,,,,,,,
E1_A3p1,chease_mars,4224,NEO_2,0.5572727272727274,,1.5217660908492108e-08,2.312362101797305e-08,,,,,,,,,,,,,,
E1_A3p1,chease_mars,4224,NEO_2,0.641818181818182,,1.080568136877146e-08,2.3211688127133812e-10,,,,,,,,,,,,,,
E1_A3p1,chease_mars,4224,NEO_2,0.7263636363636364,,1.3995708540976678e-08,1.955196360370337e-08,,,,,,,,,,,,,,
E1_A3p1,chease_mars,4224,NEO_2,0.810909090909091,,1.0785813911808564e-08,2.4926554376136778e-08,,,,,,,,,,,,,,
E1_A3p1,chease_mars,4224,NEO_2,0.8954545454545456,,1.2823807638106606e-08,2.036009072448053e-08,,,,,,,,,,,,,,
E1_A3p1,chease_mars,4224,NEO_2,0.9800000000000001,,9.310466180272426e-09,6.321979162393632e-09,,,,,,,,,,,,,,
E1_A20,chease_mars,16640,libneo_Boozer,0.05025,4.793824224517455e-09,4.672896116617165e-09,1.3416962540979682e-08,1.933515569874089e-10,4.193504537762979e-08,6.236165351568164e-08,1.0760978487119244e-08,1.0672991938747193e-08,5.547938348612448e-07,6.032679016525523e-07,1.1530174088552034e-08,1.1578927185825937e-08,1.0759944031972751e-08,1.0705660052710524e-08,5.8529706345455956e-08,5.896152780598962e-08,1.315135715607152e-07
E1_A20,chease_mars,16640,libneo_Boozer,0.13475,7.575689129565562e-09,7.494013201580034e-09,5.240143874374326e-10,1.933515569874089e-10,4.0240632448799426e-08,6.354179159778735e-08,4.093476998276404e-09,4.543934096933299e-09,1.902737095572886e-07,2.4887370388222713e-07,4.707841287034429e-09,5.229868336245807e-09,4.095778499502913e-09,4.568461229579182e-09,5.560979854379866e-08,5.5095158296714075e-08,7.504453947149159e-08
E1_A20,chease_mars,16640,libneo_Boozer,0.21925,8.301978983155728e-09,8.234697658828301e-09,5.924766899312317e-09,1.933515569874089e-10,1.1835621890849492e-07,1.8194963974669371e-07,1.5087877669147938e-08,1.5019931487738624e-08,2.9697405417055954e-07,3.1616665658429476e-07,1.578063616202976e-08,1.5697642228274702e-08,1.508550860054632e-08,1.5083185097659173e-08,1.414666122856456e-07,1.418447952705737e-07,1.5146543552724268e-07
E1_A20,chease_mars,16640,libneo_Boozer,0.30375,4.620120619837964e-09,4.526656879050863e-09,8.926350214544243e-09,1.933515569874089e-10,1.0312844136092323e-07,1.5395537547163294e-07,9.007081654816768e-09,9.337342432345e-09,1.6641106690514075e-07,1.9577530249228163e-07,9.509250679154908e-09,9.994325685703789e-09,9.01038238119237e-09,9.398949685740732e-09,1.0768314767650722e-07,1.0724787152804893e-07,9.72972534762917e-08
E1_A20,chease_mars,16640,libneo_Boozer,0.38825,1.6817824589164002e-09,1.194624398218643e-09,1.5968704136781753e-10,1.933515569874089e-10,1.0741470632563078e-07,1.6522459252485412e-07,3.6008172099689242e-09,3.837817701839522e-09,1.1923021696894744e-07,1.3641198722679347e-07,4.367916964849685e-09,4.681553000841792e-09,3.5968682961663633e-09,3.784129894303627e-09,1.0060485045038092e-07,1.009616175662309e-07,8.101595272425044e-08
E1_A20,chease_mars,16640,libneo_Boozer,0.47275,4.959449491066173e-09,4.84423967404305e-09,2.2472605998302697e-09,1.933515569874089e-10,7.218534945804235e-08,1.3583532555305665e-07,6.592369921354255e-09,6.708187419499516e-09,5.791447249174175e-08,8.119902556843191e-08,6.722658974463631e-09,6.955095051468462e-09,6.593313271022705e-09,6.746480273105472e-09,7.121296852208303e-08,7.15327723721515e-08,5.201867392390369e-08
E1_A20,chease_mars,16640,libneo_Boozer,0.55725,8.659620085379299e-09,8.600430302782794e-09,1.7912601402159112e-09,1.933515569874089e-10,2.8164198549432904e-07,4.2135124932669317e-07,2.6625912486720153e-09,2.9838958347283933e-09,1.583989612656886e-07,1.7869203613076682e-07,4.751942122085122e-09,4.882171334369935e-09,2.6599626553031595e-09,2.9045262367223273e-09,1.8681772828710308e-07,1.8658443412533643e-07,1.249742134223908e-07
E1_A20,chease_mars,16640,libneo_Boozer,0.64175,2.653740304592804e-09,2.4517198796220506e-09,2.7784397005348183e-09,1.933515569874089e-10,4.035727218068661e-08,5.997941335103749e-08,2.5049693569478784e-09,2.8637272872060466e-09,1.501859943837047e-08,2.1026569542478203e-08,2.535906757499791e-09,2.872310166045246e-09,2.5031540946586487e-09,2.8559840127878267e-09,2.1742287970027974e-08,2.155518952218216e-08,1.3453612557334793e-08
E1_A20,chease_mars,16640,libneo_Boozer,0.72625,5.090201159283098e-09,4.992856826917528e-09,9.133807044037212e-10,1.933515569874089e-10,9.707265545980224e-08,1.4958865108980456e-07,4.425169261796372e-09,4.6634599152157925e-09,1.3552365261492747e-08,1.911331198500802e-08,4.440064124098461e-09,4.667007773239e-09,4.425822662656992e-09,4.653681562182314e-09,4.073196369080989e-08,4.087718563638987e-08,2.398324328023449e-08
E1_A20,chease_mars,16640,libneo_Boozer,0.81075,6.0924068569484775e-09,6.002957224320635e-09,7.421586345479625e-09,1.933515569874089e-10,7.134065444900997e-07,1.1427547723606128e-06,9.626802743969753e-10,1.6154083801402269e-09,1.1660591572288214e-07,1.2812807703586667e-07,3.6248954036721934e-09,3.804846493246691e-09,9.201499585761996e-10,1.5287724671589265e-09,2.1630368818303936e-07,2.1629386548482898e-07,1.2010767402870215e-07
E1_A20,chease_mars,16640,libneo_Boozer,0.89525,3.4747224044366603e-09,3.271705932936582e-09,7.188195705332134e-09,1.933515569874089e-10,2.4578958383277267e-07,5.169886488129652e-07,3.800229357386857e-09,3.71297246990384e-09,3.2382490354183375e-08,3.9670416953693544e-08,3.932868393467955e-09,3.804507259792828e-09,3.792210508707851e-09,3.717405844744569e-09,5.404968106414998e-08,5.41138648335604e-08,2.8596072176867438e-08
E1_A20,chease_mars,16640,libneo_Boozer,0.97975,5.920940701206311e-09,5.819645271872718e-09,2.9251296940202565e-09,1.933515569874089e-10,2.9371095791085366e-06,4.762898339936806e-06,3.709306688690964e-09,4.0051289535827755e-09,5.6235061890893666e-08,1.1877513273013225e-07,4.144415626153253e-09,5.519871962700167e-09,3.7172958981752155e-09,4.081332635982327e-09,9.640920539677467e-08,9.638569897774119e-08,4.8688341358626985e-08
E1_A20,chease_mars,16640,NEO_RT,0.05,,2.854891484201434e-09,1.1300029467697925e-08,,,,,,,,,,,,,,
E1_A20,chease_mars,16640,NEO_RT,0.13454545454545455,,8.144119931041503e-09,3.1998297345126048e-09,,,,,,,,,,,,,,
E1_A20,chease_mars,16640,NEO_RT,0.21909090909090911,,4.113376014886696e-09,4.343602366674304e-09,,,,,,,,,,,,,,
E1_A20,chease_mars,16640,NEO_RT,0.30363636363636365,,6.477487404275355e-09,7.7726073355322e-09,,,,,,,,,,,,,,
E1_A20,chease_mars,16640,NEO_RT,0.3881818181818182,,2.0688448022260224e-09,5.289285676113309e-10,,,,,,,,,,,,,,
E1_A20,chease_mars,16640,NEO_RT,0.4727272727272728,,5.125618084093764e-09,2.2113701980686074e-09,,,,,,,,,,,,,,
E1_A20,chease_mars,16640,NEO_RT,0.5572727272727274,,8.84787941813901e-09,1.7661301310312183e-09,,,,,,,,,,,,,,
E1_A20,chease_mars,16640,NEO_RT,0.641818181818182,,1.1213893026704705e-09,2.3211998989580707e-09,,,,,,,,,,,,,,
E1_A20,chease_mars,16640,NEO_RT,0.7263636363636364,,3.608786125679738e-09,3.383870961215507e-09,,,,,,,,,,,,,,
E1_A20,chease_mars,16640,NEO_RT,0.810909090909091,,4.382959642023715e-09,7.602334095579977e-09,,,,,,,,,,,,,,
E1_A20,chease_mars,16640,NEO_RT,0.8954545454545456,,1.3872148138308845e-09,7.044437588810126e-09,,,,,,,,,,,,,,
E1_A20,chease_mars,16640,NEO_RT,0.9800000000000001,,1.5593115438758963e-09,1.9773642723208695e-09,,,,,,,,,,,,,,
E1_A20,chease_mars,16640,NEO_2,0.05,,2.8548637289295746e-09,1.130003102201016e-08,,,,,,,,,,,,,,
E1_A20,chease_mars,16640,NEO_2,0.13454545454545455,,8.144122180790068e-09,3.1998342864270057e-09,,,,,,,,,,,,,,
E1_A20,chease_mars,16640,NEO_2,0.21909090909090911,,4.113359707673622e-09,4.343598369871415e-09,,,,,,,,,,,,,,
E1_A20,chease_mars,16640,NEO_2,0.30363636363636365,,6.47749066919274e-09,7.772609667000552e-09,,,,,,,,,,,,,,
E1_A20,chease_mars,16640,NEO_2,0.3881818181818182,,2.0688231029303626e-09,5.289352289494786e-10,,,,,,,,,,,,,,
E1_A20,chease_mars,16640,NEO_2,0.4727272727272728,,5.125618126653211e-09,2.2113630926412498e-09,,,,,,,,,,,,,,
E1_A20,chease_mars,16640,NEO_2,0.5572727272727274,,8.847875260979979e-09,1.7661176965333425e-09,,,,,,,,,,,,,,
E1_A20,chease_mars,16640,NEO_2,0.641818181818182,,1.1214002161907963e-09,2.321202341448725e-09,,,,,,,,,,,,,,
E1_A20,chease_mars,16640,NEO_2,0.7263636363636364,,3.6087905891412127e-09,3.383868074635643e-09,,,,,,,,,,,,,,
E1_A20,chease_mars,16640,NEO_2,0.810909090909091,,4.382965827613663e-09,7.602330431843995e-09,,,,,,,,,,,,,,
E1_A20,chease_mars,16640,NEO_2,0.8954545454545456,,1.3872394541153301e-09,7.044436478587102e-09,,,,,,,,,,,,,,
E1_A20,chease_mars,16640,NEO_2,0.9800000000000001,,1.5593082741502445e-09,1.977368713212968e-09,,,,,,,,,,,,,,
E1_A3p1,chease_mars,16640,libneo_Boozer,0.05025,4.550102173172032e-09,4.506024243754242e-09,2.5340525233730204e-09,5.570535144272526e-10,7.856611191295015e-09,1.3315769830227909e-08,2.225946888625493e-09,2.2957847285017376e-09,1.0309139338545336e-07,2.2852923813991924e-07,5.284280664034228e-09,1.0625396273340503e-08,2.1962616067176948e-09,2.315621130861381e-09,1.2171182950382331e-08,1.1254703120855414e-08,2.5103599088360795e-08
E1_A3p1,chease_mars,16640,libneo_Boozer,0.13475,6.352654885793836e-10,4.773959571209308e-10,4.806154807468488e-09,5.570535144272526e-10,1.242225833630027e-08,2.0472152097719294e-08,6.1597156349669765e-09,6.305600944921494e-09,6.086613752280924e-08,1.5854593998268915e-07,7.687996698676271e-09,1.2930571621902011e-08,6.174551347610957e-09,6.683581670444425e-09,1.7232037324843574e-08,1.5289459670553285e-08,2.082561056937493e-08
E1_A3p1,chease_mars,16640,libneo_Boozer,0.21925,4.7050000724666405e-09,4.710393200347282e-09,9.009226920042579e-09,5.570535144272526e-10,2.0674043964468673e-08,3.106253377448312e-08,3.477100742995558e-09,4.500632149388764e-09,5.6288343854747877e-08,1.0946484423436512e-07,6.44930472160671e-09,1.12028409286488e-08,3.47671221341246e-09,5.3792003225694814e-09,2.373167173885804e-08,2.3084955197427703e-08,2.4650699648187668e-08
E1_A3p1,chease_mars,16640,libneo_Boozer,0.30375,7.368079641489388e-09,7.3415844346970945e-09,1.7569304899822669e-09,5.570535144272526e-10,3.109940554420522e-08,5.8162948321587976e-08,1.2806023271086201e-08,1.498634551078323e-08,8.468303941237444e-08,1.2544788707480268e-07,1.594713410135803e-08,1.734003793287738e-08,1.2726152458018822e-08,1.4230847560208632e-08,3.9824288311507416e-08,3.6381733292678575e-08,3.3006177679872906e-08
E1_A3p1,chease_mars,16640,libneo_Boozer,0.38825,8.142038569492388e-09,8.050111873123097e-09,3.4901411760657197e-09,5.570535144272526e-10,3.1521525148937185e-08,6.858636291717017e-08,1.1577914210591017e-08,1.5185336706085693e-08,4.9899985071410524e-08,7.871853526335166e-08,1.3140642739292676e-08,1.6281705836120617e-08,1.1524797514503992e-08,1.4365265566566665e-08,4.1215412138750906e-08,3.745738064164783e-08,3.005741766592962e-08
E1_A3p1,chease_mars,16640,libneo_Boozer,0.47275,7.159101438230954e-09,6.366466343587148e-09,7.742479990469064e-10,5.570535144272526e-10,4.970130815433092e-08,7.590288074110556e-08,1.2106022403405368e-08,1.4396072695051978e-08,2.9425682706014465e-08,1.3308672509526308e-07,1.2682542635279124e-08,1.7990779447468694e-08,1.1808918678826776e-08,1.4177330637317743e-08,3.9746147484365224e-08,4.337970271883762e-08,3.1545747014583014e-08
E1_A3p1,chease_mars,16640,libneo_Boozer,0.55725,5.302749973371454e-09,5.082446522656835e-09,7.46080819347128e-09,5.570535144272526e-10,6.658109439605842e-08,1.370484971958315e-07,1.3533631618323846e-08,2.055467713871998e-08,3.6337463609809117e-08,1.1072607426898184e-07,1.4479677641016453e-08,2.5257827494766785e-08,1.3625245214269236e-08,2.15676331388665e-08,5.952466586300886e-08,5.5915110208637486e-08,3.745192456161561e-08
E1_A3p1,chease_mars,16640,libneo_Boozer,0.64175,4.784563745042417e-09,3.4999086822967754e-09,6.023133103383316e-10,5.570535144272526e-10,4.482477064990117e-08,8.560658204909457e-08,1.390580104257502e-09,1.948848267022695e-09,3.9760083421239685e-08,1.0015254085203467e-07,6.640441843433584e-09,1.5547320446109072e-08,1.655340102686291e-09,3.252403021305076e-09,2.994701830960622e-08,2.6557669952076424e-08,1.6575896655268707e-08
E1_A3p1,chease_mars,16640,libneo_Boozer,0.72625,8.620889128076552e-09,8.28138798258905e-09,1.5477178427758531e-09,5.570535144272526e-10,1.1068071725525782e-07,1.644562688700955e-07,8.3821631574035e-09,9.067111957750909e-09,2.4463658887156726e-08,6.63171574353133e-08,9.281231118905656e-09,1.3987589087092597e-08,8.573743032106192e-09,9.355177076091605e-09,4.4228679718649744e-08,4.798381214587977e-08,2.8152805864323227e-08
E1_A3p1,chease_mars,16640,libneo_Boozer,0.81075,6.2186573008618015e-09,5.6418678799748965e-09,5.843712846953508e-09,5.570535144272526e-10,2.2161501223148778e-07,4.659688947242438e-07,1.3962923684419447e-08,1.611515524806949e-08,5.254735864489032e-08,1.1353626000043136e-07,1.675258487186409e-08,1.976641977016573e-08,1.3722990860173927e-08,1.4214043330725736e-08,8.60718495365731e-08,8.507705451243908e-08,4.724316227111558e-08
E1_A3p1,chease_mars,16640,libneo_Boozer,0.89525,2.5119075985037427e-09,2.0729625287303875e-09,4.462965996765433e-09,5.570535144272526e-10,2.9542879827105263e-07,4.656977422309143e-07,8.748889289032218e-09,9.786731884329195e-09,3.022009592655843e-08,5.455376299666288e-08,1.0355181074809085e-08,1.372002077461772e-08,8.868136710723759e-09,1.1185362306533498e-08,4.7490411270167954e-08,4.704019040957519e-08,2.4858041292041833e-08
E1_A3p1,chease_mars,16640,libneo_Boozer,0.97975,3.4017116743158546e-09,2.9005322342366503e-09,4.713657464350263e-09,5.570535144272526e-10,1.3900485137758448e-06,3.0126768341028578e-06,1.0628931429426262e-08,1.3746305681348615e-08,6.401812555033183e-08,1.499306504809832e-07,1.6494798684942673e-08,3.0629311922686845e-08,1.0688221300709358e-08,1.745039231852793e-08,5.930790070163283e-08,6.127100571351463e-08,3.0950479623648164e-08
E1_A3p1,chease_mars,16640,NEO_RT,0.05,,3.101198693129402e-09,8.469905887764639e-10,,,,,,,,,,,,,,
E1_A3p1,chease_mars,16640,NEO_RT,0.13454545454545455,,2.7106098087792342e-09,4.605766212861795e-09,,,,,,,,,,,,,,
E1_A3p1,chease_mars,16640,NEO_RT,0.21909090909090911,,5.259295334534833e-09,8.292704745116453e-09,,,,,,,,,,,,,,
E1_A3p1,chease_mars,16640,NEO_RT,0.30363636363636365,,6.833640889465089e-09,7.107184840648983e-10,,,,,,,,,,,,,,
E1_A3p1,chease_mars,16640,NEO_RT,0.3881818181818182,,7.707684874386714e-09,4.25450674690353e-09,,,,,,,,,,,,,,
E1_A3p1,chease_mars,16640,NEO_RT,0.4727272727272728,,6.4123309934330795e-09,8.083096414424062e-10,,,,,,,,,,,,,,
E1_A3p1,chease_mars,16640,NEO_RT,0.5572727272727274,,5.131892525908545e-09,7.19250969893892e-09,,,,,,,,,,,,,,
E1_A3p1,chease_mars,16640,NEO_RT,0.641818181818182,,3.84757020635169e-09,1.7290524567670218e-10,,,,,,,,,,,,,,
E1_A3p1,chease_mars,16640,NEO_RT,0.7263636363636364,,7.282723262731371e-09,3.453820007770503e-09,,,,,,,,,,,,,,
E1_A3p1,chease_mars,16640,NEO_RT,0.810909090909091,,2.5099289934521536e-09,3.0397584449559645e-09,,,,,,,,,,,,,,
E1_A3p1,chease_mars,16640,NEO_RT,0.8954545454545456,,3.938863007866114e-09,3.018982841496154e-09,,,,,,,,,,,,,,
E1_A3p1,chease_mars,16640,NEO_RT,0.9800000000000001,,4.796364384624818e-09,5.285297755008855e-09,,,,,,,,,,,,,,
E1_A3p1,chease_mars,16640,NEO_2,0.05,,3.1012660386126143e-09,8.469825951706866e-10,,,,,,,,,,,,,,
E1_A3p1,chease_mars,16640,NEO_2,0.13454545454545455,,2.710698047344512e-09,4.60576599081719e-09,,,,,,,,,,,,,,
E1_A3p1,chease_mars,16640,NEO_2,0.21909090909090911,,5.259302333185098e-09,8.292698083778305e-09,,,,,,,,,,,,,,
E1_A3p1,chease_mars,16640,NEO_2,0.30363636363636365,,6.833626457126577e-09,7.107147093066146e-10,,,,,,,,,,,,,,
E1_A3p1,chease_mars,16640,NEO_2,0.3881818181818182,,7.707669654402843e-09,4.254513186197073e-09,,,,,,,,,,,,,,
E1_A3p1,chease_mars,16640,NEO_2,0.4727272727272728,,6.412352509499612e-09,8.083156366467392e-10,,,,,,,,,,,,,,
E1_A3p1,chease_mars,16640,NEO_2,0.5572727272727274,,5.131926593393753e-09,7.192509920983525e-09,,,,,,,,,,,,,,
E1_A3p1,chease_mars,16640,NEO_2,0.641818181818182,,3.847625639047108e-09,1.7290857634577605e-10,,,,,,,,,,,,,,
E1_A3p1,chease_mars,16640,NEO_2,0.7263636363636364,,7.282808618436982e-09,3.4538201187928053e-09,,,,,,,,,,,,,,
E1_A3p1,chease_mars,16640,NEO_2,0.810909090909091,,2.510004908759589e-09,3.0397547812199832e-09,,,,,,,,,,,,,,
E1_A3p1,chease_mars,16640,NEO_2,0.8954545454545456,,3.938964151311224e-09,3.0189831745630613e-09,,,,,,,,,,,,,,
E1_A3p1,chease_mars,16640,NEO_2,0.9800000000000001,,4.796130420646352e-09,5.2852997534103e-09,,,,,,,,,,,,,,
E2_A40,chease_mars,66048,libneo_Boozer,0.05025,6.040908837511838e-09,6.040599494161668e-09,6.467658075770544e-09,8.686402708235619e-10,6.847458459242237e-08,9.756556871307004e-08,1.1152473381512025e-08,1.112072376259472e-08,9.126697123941911e-07,9.491188324750017e-07,1.1662965839949522e-08,1.1668567856277575e-08,1.115215544682848e-08,1.1107272834242312e-08,9.211974600492612e-08,9.203950551706086e-08,2.0529408992220333e-07
E2_A40,chease_mars,66048,libneo_Boozer,0.13475,7.771804854097184e-09,7.771748133080423e-09,3.831876038695725e-09,8.686402708235619e-10,8.285040108066022e-09,1.2199488328352526e-08,8.092853536532938e-09,8.152502632155777e-09,3.7941647030564343e-08,5.875462564298526e-08,8.0960354222543e-09,8.157403250985985e-09,8.092970683231298e-09,8.153941424307243e-09,1.1349330836241123e-08,1.1344362588205925e-08,1.5452036483676324e-08
E2_A40,chease_mars,66048,libneo_Boozer,0.21925,5.235161383851307e-09,5.235314259476846e-09,3.4195803966241556e-09,8.686402708235619e-10,1.272344007503481e-07,1.867517088398493e-07,8.993145022944786e-09,8.898938099543894e-09,3.212784149638527e-07,3.4626829257432957e-07,9.336244362718695e-09,9.277071015359935e-09,8.992272399491755e-09,8.917276011143926e-09,1.4505229470329617e-07,1.449530289132639e-07,1.5478448495143127e-07
E2_A40,chease_mars,66048,libneo_Boozer,0.30375,5.21352170429281e-09,5.213610699243121e-09,3.167957007832456e-10,8.686402708235619e-10,2.3322392586543497e-07,3.3789177012376907e-07,1.0416143025918076e-08,1.0450924075442006e-08,3.776168393430053e-07,3.9246161765793956e-07,1.0978525042594825e-08,1.0981709150846268e-08,1.0415090718639164e-08,1.048055786131792e-08,2.3453570713316552e-07,2.3441943097779472e-07,2.1266958549759352e-07
E2_A40,chease_mars,66048,libneo_Boozer,0.38825,7.693600230689654e-09,7.694002816371185e-09,1.8353811803706321e-09,8.686402708235619e-10,2.6937120024638896e-07,3.9494029586254543e-07,1.2349687692303638e-08,1.2250722713340029e-08,2.990634270986951e-07,3.139079690348181e-07,1.2733749677691403e-08,1.2610709764016634e-08,1.2348124902175722e-08,1.2279471879012299e-08,2.4093549144676984e-07,2.408285608712646e-07,1.9325119815505332e-07
E2_A40,chease_mars,66048,libneo_Boozer,0.47275,6.195520550142537e-09,6.195930520139679e-09,7.985788696984741e-09,8.686402708235619e-10,1.7403156068123173e-07,2.9100827234692954e-07,4.1016702174111295e-09,4.557170274515166e-09,1.2697591590797527e-07,1.4328302227589705e-07,4.351886658149461e-09,4.742408516463251e-09,4.102480459874638e-09,4.542394881001008e-09,1.5286680782322648e-07,1.5282163062790843e-07,1.1113197440071332e-07
E2_A40,chease_mars,66048,libneo_Boozer,0.55725,1.257292883796446e-09,1.2565900774854949e-09,3.757769428958113e-09,8.686402708235619e-10,2.3951268628536763e-07,4.374594594602005e-07,1.2113846924652706e-09,1.7417878144041056e-09,1.479243515740411e-07,2.1787681326764872e-07,2.203038950813596e-09,3.190105434217296e-09,1.205981163225389e-09,1.7074899132451086e-09,1.9396875639010602e-07,1.940420676360688e-07,1.2996933518305553e-07
E2_A40,chease_mars,66048,libneo_Boozer,0.64175,7.720752327515489e-09,7.70107857781583e-09,4.137654441294103e-09,8.686402708235619e-10,9.143596613851839e-07,1.3400795653947542e-06,4.3404510005346224e-10,4.692518692155254e-10,3.626001382094719e-07,3.7202856907461913e-07,4.859150341143763e-09,4.916150597791889e-09,4.3738488348859465e-10,4.5243835512328776e-10,4.800613432331957e-07,4.802576278883919e-07,2.9975153681416344e-07
E2_A40,chease_mars,66048,libneo_Boozer,0.72625,4.709887279508293e-09,4.703038026024691e-09,5.808570624488141e-09,8.686402708235619e-10,2.3371229219425406e-07,3.613338920501517e-07,3.480825950839491e-09,4.003793963342962e-09,6.9352077938079e-08,8.527794975701357e-08,3.617047161212985e-09,4.034997241623894e-09,3.4838422792548034e-09,4.009452254921406e-09,9.858166161169635e-08,9.861390104504153e-08,5.7858218438511244e-08
E2_A40,chease_mars,66048,libneo_Boozer,0.81075,7.813871766965299e-10,7.256785326083288e-10,3.860400443755907e-09,8.686402708235619e-10,1.2072748239173283e-06,1.7616044412860588e-06,5.1129050628220964e-09,5.121056554954546e-09,1.963256202577491e-07,2.268976795858527e-07,5.899532368321227e-09,5.910557533282362e-09,5.1096811512226425e-09,5.1545567766399065e-09,3.3324933412792745e-07,3.335234800561082e-07,1.852051180195602e-07
E2_A40,chease_mars,66048,libneo_Boozer,0.89525,1.164004405617712e-09,1.0527801437047972e-09,3.118153069081586e-09,8.686402708235619e-10,4.086545814940293e-06,5.841725276204564e-06,8.971741907751243e-09,9.947082637980689e-09,3.378828607707463e-07,3.5604201042703594e-07,1.0431388467248317e-08,1.1095609573256975e-08,8.972563331471661e-09,1.0020035733849908e-08,6.113948092245636e-07,6.119672623094985e-07,3.233896405108183e-07
E2_A40,chease_mars,66048,libneo_Boozer,0.97975,7.78228503096515e-10,5.612198183166716e-10,7.772390286930886e-09,8.686402708235619e-10,1.753459173873587e-05,2.7692151955211487e-05,6.360857940241508e-09,6.696090580219294e-09,2.609596252673781e-07,4.022442341117811e-07,7.677532907484252e-09,8.681763837646965e-09,6.3608365745349825e-09,6.7493419972609175e-09,5.601727033344162e-07,5.607050419520476e-07,2.8323498213467246e-07
E2_A40,chease_mars,66048,NEO_RT,0.05,,6.323422561911984e-09,4.491061633693505e-09,,,,,,,,,,,,,,
E2_A40,chease_mars,66048,NEO_RT,0.13454545454545455,,6.621313057623681e-09,2.2592486770278697e-09,,,,,,,,,,,,,,
E2_A40,chease_mars,66048,NEO_RT,0.21909090909090911,,4.755367182112413e-09,5.427391869261555e-11,,,,,,,,,,,,,,
E2_A40,chease_mars,66048,NEO_RT,0.30363636363636365,,4.8864727502297064e-09,6.163412002990754e-10,,,,,,,,,,,,,,
E2_A40,chease_mars,66048,NEO_RT,0.3881818181818182,,7.1914633163278845e-09,2.0818078372286664e-09,,,,,,,,,,,,,,
E2_A40,chease_mars,66048,NEO_RT,0.4727272727272728,,6.2039133381086676e-09,7.629242348983212e-09,,,,,,,,,,,,,,
E2_A40,chease_mars,66048,NEO_RT,0.5572727272727274,,1.30191159750107e-09,3.546893889705416e-09,,,,,,,,,,,,,,
E2_A40,chease_mars,66048,NEO_RT,0.641818181818182,,7.236217605686504e-09,3.571781537203833e-09,,,,,,,,,,,,,,
E2_A40,chease_mars,66048,NEO_RT,0.7263636363636364,,4.893997888326883e-09,3.3887431749590746e-09,,,,,,,,,,,,,,
E2_A40,chease_mars,66048,NEO_RT,0.810909090909091,,8.968356359497607e-10,2.8200113355580925e-09,,,,,,,,,,,,,,
E2_A40,chease_mars,66048,NEO_RT,0.8954545454545456,,8.36784522124129e-10,2.4870094872397885e-09,,,,,,,,,,,,,,
E2_A40,chease_mars,66048,NEO_RT,0.9800000000000001,,1.7378020397067074e-10,8.962366404574595e-09,,,,,,,,,,,,,,
E2_A40,chease_mars,66048,NEO_2,0.05,,6.323420002844572e-09,4.491064853340276e-09,,,,,,,,,,,,,,
E2_A40,chease_mars,66048,NEO_2,0.13454545454545455,,6.621310385084285e-09,2.25924778884945e-09,,,,,,,,,,,,,,
E2_A40,chease_mars,66048,NEO_2,0.21909090909090911,,4.7553672976428924e-09,5.4271809268868765e-11,,,,,,,,,,,,,,
E2_A40,chease_mars,66048,NEO_2,0.30363636363636365,,4.8864713050638305e-09,6.16345197101964e-10,,,,,,,,,,,,,,
E2_A40,chease_mars,66048,NEO_2,0.3881818181818182,,7.191471429195289e-09,2.0817934043293462e-09,,,,,,,,,,,,,,
E2_A40,chease_mars,66048,NEO_2,0.4727272727272728,,6.203921194221199e-09,7.629242348983212e-09,,,,,,,,,,,,,,
E2_A40,chease_mars,66048,NEO_2,0.5572727272727274,,1.3019014159443264e-09,3.5468981085529094e-09,,,,,,,,,,,,,,
E2_A40,chease_mars,66048,NEO_2,0.641818181818182,,7.236219541433938e-09,3.571775319954895e-09,,,,,,,,,,,,,,
E2_A40,chease_mars,66048,NEO_2,0.7263636363636364,,4.894002399026012e-09,3.3887479489180805e-09,,,,,,,,,,,,,,
E2_A40,chease_mars,66048,NEO_2,0.810909090909091,,8.968430074170835e-10,2.8200104473796728e-09,,,,,,,,,,,,,,
E2_A40,chease_mars,66048,NEO_2,0.8954545454545456,,8.36786209820825e-10,2.487008599061369e-09,,,,,,,,,,,,,,
E2_A40,chease_mars,66048,NEO_2,0.9800000000000001,,1.7376025554773103e-10,8.962367736842225e-09,,,,,,,,,,,,,,
E1_A20,chease_mars,66048,libneo_Boozer,0.05025,4.812046738631865e-09,4.682252171692448e-09,1.5958705468221979e-09,1.0005740680441022e-10,4.2015519563126495e-08,6.225744450447379e-08,1.0759742687701875e-08,1.067092851084924e-08,5.550058043998498e-07,6.065585657722938e-07,1.1529589346041585e-08,1.1583610180963702e-08,1.0759543799863158e-08,1.0700952812592942e-08,5.908204643578774e-08,5.915222967001199e-08,1.3193893158569558e-07
E1_A20,chease_mars,66048,libneo_Boozer,0.13475,7.562759105052891e-09,7.487479371355035e-09,5.240143874374326e-10,1.0005740680441022e-10,3.936403685402144e-08,6.23472859775885e-08,4.0934146736441725e-09,4.539330949362581e-09,1.8999704629343573e-07,2.6869766528650854e-07,4.706117198599213e-09,4.960736172212021e-09,4.095753305307278e-09,4.5592993416825955e-09,5.398300007009027e-08,5.3890963080949206e-08,7.340431762425936e-08
E1_A20,chease_mars,66048,libneo_Boozer,0.21925,8.376541611099022e-09,8.272376615174521e-09,5.924766899312317e-09,1.0005740680441022e-10,1.191394799125286e-07,1.830244184350742e-07,1.5087890841885446e-08,1.5014537237377553e-08,2.970395055662384e-07,3.250101716250304e-07,1.5780948213802092e-08,1.5752281829405978e-08,1.508551564327999e-08,1.50792335619843e-08,1.4284100161021662e-07,1.4288250432814564e-07,1.5257352714570516e-07
E1_A20,chease_mars,66048,libneo_Boozer,0.30375,4.6861915663582225e-09,4.5605020054920156e-09,6.0908855736840906e-09,1.0005740680441022e-10,1.0221243204450267e-07,1.5401193432861484e-07,9.01208773780845e-09,9.331905399373173e-09,1.6564316644349617e-07,1.7941922872595465e-07,9.509477173010353e-09,9.802110443244876e-09,9.010354618896507e-09,9.383563657648126e-09,1.0724512289339572e-07,1.0710944609026996e-07,9.717167137601734e-08
E1_A20,chease_mars,66048,libneo_Boozer,0.38825,1.8177111597934242e-09,1.2903804980707148e-09,1.5968704136781753e-10,1.0005740680441022e-10,1.0943752328430393e-07,1.6751570847572404e-07,3.6006734298072734e-09,3.823976714396726e-09,1.1940551426210332e-07,1.4048190807102693e-07,4.369859024525128e-09,4.778882786206129e-09,3.59677119411581e-09,3.771952926620012e-09,1.024255632531279e-07,1.0251260568194809e-07,8.226053238580278e-08
E1_A20,chease_mars,66048,libneo_Boozer,0.47275,5.007712466904355e-09,4.8690167345231885e-09,2.2472605998302697e-09,1.0005740680441022e-10,7.210452377369437e-08,1.3553551745368146e-07,6.592369773515396e-09,6.707903867563481e-09,5.791462904371118e-08,8.127261389604231e-08,6.722659536281984e-09,6.950991661625041e-09,6.5933130903144765e-09,6.74586059768523e-09,7.141642149877114e-08,7.1506869037119e-08,5.199983699188948e-08
E1_A20,chease_mars,66048,libneo_Boozer,0.55725,8.69038581760285e-09,8.615943315394138e-09,1.7912601402159112e-09,1.0005740680441022e-10,2.8204948582499045e-07,4.21850248505982e-07,2.662591176475517e-09,2.9824929498443538e-09,1.5840350010192687e-07,1.7713575672353345e-07,4.7520355233869675e-09,4.849638824338388e-09,2.6599694063544044e-09,2.903820895911616e-09,1.8673505375321753e-07,1.8669796875148137e-07,1.250502589256186e-07
E1_A20,chease_mars,66048,libneo_Boozer,0.64175,2.753690943416435e-09,2.506269518206108e-09,2.7784397005348183e-09,1.0005740680441022e-10,4.0130566754599753e-08,5.978926965116102e-08,2.5048908905700536e-09,2.8467036821889804e-09,1.5008311737253657e-08,2.2437351646829362e-08,2.53578598571687e-09,2.852996014506869e-09,2.503139331827836e-09,2.8395076484336044e-09,2.1428601781892098e-08,2.1389504500923806e-08,1.335020072268378e-08
E1_A20,chease_mars,66048,libneo_Boozer,0.72625,5.150108681835431e-09,5.023507876712465e-09,9.133807044037212e-10,1.0005740680441022e-10,9.682439156359151e-08,1.4958981989872976e-07,4.425169038959961e-09,4.662706169111852e-09,1.35621964634938e-08,2.116182087439345e-08,4.4400880594647275e-09,4.665166314735504e-09,4.425822728057113e-09,4.653744416412387e-09,4.091993921484516e-08,4.095031069795141e-08,2.4026146849820407e-08
E1_A20,chease_mars,66048,libneo_Boozer,0.81075,6.127710925765334e-09,6.020915417195021e-09,7.421586345479625e-09,1.0005740680441022e-10,7.134152856784379e-07,1.1435651463714035e-06,9.626779252180812e-10,1.6143127752365586e-09,1.16605805248444e-07,1.283416947538427e-07,3.6248915880651105e-09,3.812094330781865e-09,9.201488049621926e-10,1.5281549308477056e-09,2.1632725510922768e-07,2.1639920366745002e-07,1.2016616812715597e-07
E1_A20,chease_mars,66048,libneo_Boozer,0.89525,3.548085845766644e-09,3.3108836422236237e-09,7.188195705332134e-09,1.0005740680441022e-10,2.458572019924421e-07,5.176959876591788e-07,3.8002297935912906e-09,3.730491803514072e-09,3.2392985688505433e-08,3.9734195807688395e-08,3.93295453604466e-09,3.791236766123992e-09,3.792279871197656e-09,3.735150762638359e-09,5.4195535503787085e-08,5.421868676247499e-08,2.865146453423506e-08
E1_A20,chease_mars,66048,libneo_Boozer,0.97975,5.961349704203281e-09,5.84026373521009e-09,2.9251296940202565e-09,1.0005740680441022e-10,2.9373578660866852e-06,4.76615444020636e-06,3.709306673402206e-09,4.00388350783511e-09,5.623148709996758e-08,1.1878432746568238e-07,4.144362970005988e-09,5.520102527214585e-09,3.717295380445941e-09,4.0803774352983746e-09,9.646122522966039e-08,9.644569343159048e-08,4.8718647005507876e-08
E1_A20,chease_mars,66048,NEO_RT,0.05,,2.8643717211941613e-09,5.474722009068955e-09,,,,,,,,,,,,,,
E1_A20,chease_mars,66048,NEO_RT,0.13454545454545455,,8.138004688767539e-09,3.200586129459282e-09,,,,,,,,,,,,,,
E1_A20,chease_mars,66048,NEO_RT,0.21909090909090911,,4.189206879598168e-09,4.242674433996285e-09,,,,,,,,,,,,,,
E1_A20,chease_mars,66048,NEO_RT,0.30363636363636365,,6.501599620762874e-09,6.226896553940264e-09,,,,,,,,,,,,,,
E1_A20,chease_mars,66048,NEO_RT,0.3881818181818182,,2.1247882842791387e-09,1.8088043285402478e-09,,,,,,,,,,,,,,
E1_A20,chease_mars,66048,NEO_RT,0.4727272727272728,,5.149036916963454e-09,2.2113701980686074e-09,,,,,,,,,,,,,,
E1_A20,chease_mars,66048,NEO_RT,0.5572727272727274,,8.86295642385504e-09,1.7661301310312183e-09,,,,,,,,,,,,,,
E1_A20,chease_mars,66048,NEO_RT,0.641818181818182,,1.235925011708596e-09,2.3211998989580707e-09,,,,,,,,,,,,,,
E1_A20,chease_mars,66048,NEO_RT,0.7263636363636364,,3.651100274321309e-09,3.4178866403777874e-09,,,,,,,,,,,,,,
E1_A20,chease_mars,66048,NEO_RT,0.810909090909091,,4.407610223816284e-09,7.6025334916352e-09,,,,,,,,,,,,,,
E1_A20,chease_mars,66048,NEO_RT,0.8954545454545456,,1.4772166178899384e-09,7.044437588810126e-09,,,,,,,,,,,,,,
E1_A20,chease_mars,66048,NEO_RT,0.9800000000000001,,1.6346731270535405e-09,1.9773642723208695e-09,,,,,,,,,,,,,,
E1_A20,chease_mars,66048,NEO_2,0.05,,2.864346134422028e-09,5.47472356338119e-09,,,,,,,,,,,,,,
E1_A20,chease_mars,66048,NEO_2,0.13454545454545455,,8.138003441117175e-09,3.2005864625261893e-09,,,,,,,,,,,,,,
E1_A20,chease_mars,66048,NEO_2,0.21909090909090911,,4.189187579521145e-09,4.242669326970372e-09,,,,,,,,,,,,,,
E1_A20,chease_mars,66048,NEO_2,0.30363636363636365,,6.501599740487401e-09,6.22689411144961e-09,,,,,,,,,,,,,,
E1_A20,chease_mars,66048,NEO_2,0.3881818181818182,,2.1247685552544703e-09,1.8088084363654389e-09,,,,,,,,,,,,,,
E1_A20,chease_mars,66048,NEO_2,0.4727272727272728,,5.14902686052965e-09,2.2113613162844103e-09,,,,,,,,,,,,,,
E1_A20,chease_mars,66048,NEO_2,0.5572727272727274,,8.86294480936851e-09,1.7661216933362311e-09,,,,,,,,,,,,,,
E1_A20,chease_mars,66048,NEO_2,0.641818181818182,,1.235937059331864e-09,2.321198788735046e-09,,,,,,,,,,,,,,
E1_A20,chease_mars,66048,NEO_2,0.7263636363636364,,3.651107551637415e-09,3.417873539746097e-09,,,,,,,,,,,,,,
E1_A20,chease_mars,66048,NEO_2,0.810909090909091,,4.4076160005497935e-09,7.60253171527836e-09,,,,,,,,,,,,,,
E1_A20,chease_mars,66048,NEO_2,0.8954545454545456,,1.4772397745630727e-09,7.044436478587102e-09,,,,,,,,,,,,,,
E1_A20,chease_mars,66048,NEO_2,0.9800000000000001,,1.6346699785068476e-09,1.977368713212968e-09,,,,,,,,,,,,,,
E1_A3p1,chease_mars,66048,libneo_Boozer,0.05025,4.564607226775279e-09,4.513581853822674e-09,2.5340525233730204e-09,4.845057688385168e-10,7.847807595703215e-09,1.3251307472012992e-08,2.2274823712934634e-09,2.311702934624394e-09,1.031756158082355e-07,2.3391337837791596e-07,5.288478788942461e-09,1.0866812353172932e-08,2.1976801881058867e-09,2.3426727558452422e-09,1.2114074167401956e-08,1.1215673674513926e-08,2.501654394748698e-08
E1_A3p1,chease_mars,66048,libneo_Boozer,0.13475,5.386348913232764e-10,4.1456444535499295e-10,4.806154807468488e-09,4.845057688385168e-10,1.2267077995818003e-08,2.0353956474114722e-08,6.159338739938429e-09,6.31229142728558e-09,6.087335283060199e-08,1.554396877826054e-07,7.688026196574697e-09,1.2708742277991682e-08,6.174625014673555e-09,6.704356931327505e-09,1.7133807483915575e-08,1.519638992419914e-08,2.069884125210919e-08
E1_A3p1,chease_mars,66048,libneo_Boozer,0.21925,4.702563579289819e-09,4.709445927837219e-09,6.632980054099846e-09,4.845057688385168e-10,2.0675852036237845e-08,3.115236159651252e-08,3.299242815557887e-09,4.452800575318169e-09,5.448663555941957e-08,1.1729493465871349e-07,6.207573052101342e-09,1.1254486187294804e-08,3.4314327609201337e-09,5.349305189260606e-09,2.3804682391936893e-08,2.338719007344281e-08,2.497343370988503e-08
E1_A3p1,chease_mars,66048,libneo_Boozer,0.30375,7.396699739487916e-09,7.35600693279473e-09,1.7569304899822669e-09,4.845057688385168e-10,3.134272708807239e-08,5.808530274903329e-08,1.2809418077759443e-08,1.5097128235241604e-08,8.459298936960519e-08,1.2323345537722942e-07,1.594366494789894e-08,1.7324826210779188e-08,1.2721571691254369e-08,1.4330894979383301e-08,3.9773613291771426e-08,3.63782695633752e-08,3.300303541564631e-08
E1_A3p1,chease_mars,66048,libneo_Boozer,0.38825,8.14839032881609e-09,8.053313413253331e-09,3.4901411760657197e-09,4.845057688385168e-10,3.157075697704105e-08,6.72142116040829e-08,1.1577526757408671e-08,1.4788203430333133e-08,4.981592357246466e-08,7.916283958015946e-08,1.3135076365759657e-08,1.590558072941788e-08,1.1524695609910757e-08,1.4501627106985077e-08,4.038757128732584e-08,3.6668112601834224e-08,2.9424074954320645e-08
E1_A3p1,chease_mars,66048,libneo_Boozer,0.47275,7.203862640377374e-09,6.39247118430539e-09,7.742479990469064e-10,4.845057688385168e-10,4.971894714812762e-08,7.512870926817037e-08,1.2105236242350948e-08,1.4176731533092359e-08,2.938751374759309e-08,1.3268025280434345e-07,1.2680048588665868e-08,1.7945084792318844e-08,1.1808707478576662e-08,1.4025766763564528e-08,3.934110942571678e-08,4.296372346779265e-08,3.1243246656487145e-08
E1_A3p1,chease_mars,66048,libneo_Boozer,0.55725,5.323411988843102e-09,5.092141686799977e-09,7.46080819347128e-09,4.845057688385168e-10,6.644331201959652e-08,1.369431998832218e-07,1.3533720596810482e-08,2.067446130747114e-08,3.629223259466635e-08,1.1330448681445633e-07,1.4477115127474245e-08,2.5526268332853e-08,1.362601109615473e-08,2.165926777588466e-08,5.9480622427443564e-08,5.59326759352885e-08,3.7463690039096775e-08
E1_A3p1,chease_mars,66048,libneo_Boozer,0.64175,4.821844259842437e-09,3.5244564177145134e-09,6.023133103383316e-10,4.845057688385168e-10,4.5458437877930154e-08,8.604447734358425e-08,1.3697769754693459e-09,1.7634953055332772e-09,3.931914323539782e-08,9.477973703268664e-08,6.565704389709445e-09,1.471459787665312e-08,1.6422256815568505e-09,3.14139056029197e-09,3.0102568104872773e-08,2.6754643611681672e-08,1.6698837201900574e-08
E1_A3p1,chease_mars,66048,libneo_Boozer,0.72625,8.629922774567967e-09,8.286708753468789e-09,1.5477178427758531e-09,4.845057688385168e-10,1.1412134582511011e-07,1.8936781838834537e-07,8.709686770597965e-09,1.0624667976996161e-08,2.4599786504152783e-08,6.27166913914378e-08,9.579756410288935e-09,1.4586775050215416e-08,8.807604092049118e-09,1.0954309519093978e-08,5.090759946924095e-08,5.4703478413742346e-08,3.209533272485743e-08
E1_A3p1,chease_mars,66048,libneo_Boozer,0.81075,6.229725880424416e-09,5.649546402469346e-09,5.843712846953508e-09,4.845057688385168e-10,2.3075793412494078e-07,4.462087094913795e-07,1.3979435557100363e-08,1.5327111558414174e-08,5.461750698996738e-08,1.2403908116027763e-07,1.6985358777877473e-08,2.1575984001322174e-08,1.376235848897621e-08,1.3891974797100919e-08,8.241882776260923e-08,8.138054208295387e-08,4.519049445761425e-08
E1_A3p1,chease_mars,66048,libneo_Boozer,0.89525,2.521693381773705e-09,2.075371394598931e-09,4.462965996765433e-09,4.845057688385168e-10,3.2210234514714565e-07,5.636058960518097e-07,8.904569265222949e-09,1.1539287423041935e-08,2.9644881226370442e-08,5.744831666296133e-08,1.0421820637297823e-08,1.5300530519135196e-08,8.933379926199449e-09,1.2950099305561414e-08,5.7485584070704476e-08,5.727077079242804e-08,3.02643158311966e-08
E1_A3p1,chease_mars,66048,libneo_Boozer,0.97975,3.2360690129980486e-09,2.7969029644310983e-09,4.713657464350263e-09,4.845057688385168e-10,1.3900076747766743e-06,3.0066713289201587e-06,1.0622308617228835e-08,1.3476561900899411e-08,6.39599521844223e-08,1.497679433578339e-07,1.6481688059549204e-08,3.0581214963916966e-08,1.0673993042316824e-08,1.716411952407104e-08,5.9189610657206515e-08,6.114798689615952e-08,3.0888337776424635e-08
E1_A3p1,chease_mars,66048,NEO_RT,0.05,,3.1406273539374857e-09,7.060682039039534e-10,,,,,,,,,,,,,,
E1_A3p1,chease_mars,66048,NEO_RT,0.13454545454545455,,2.7069464613006782e-09,4.605767212062517e-09,,,,,,,,,,,,,,
E1_A3p1,chease_mars,66048,NEO_RT,0.21909090909090911,,5.25841752531843e-09,2.381832397979622e-09,,,,,,,,,,,,,,
E1_A3p1,chease_mars,66048,NEO_RT,0.30363636363636365,,6.847543497655757e-09,7.10814185289621e-10,,,,,,,,,,,,,,
E1_A3p1,chease_mars,66048,NEO_RT,0.3881818181818182,,7.711156740741629e-09,4.2431550495436454e-09,,,,,,,,,,,,,,
E1_A3p1,chease_mars,66048,NEO_RT,0.4727272727272728,,6.438108474614242e-09,7.979670257896032e-10,,,,,,,,,,,,,,
E1_A3p1,chease_mars,66048,NEO_RT,0.5572727272727274,,5.131563575729668e-09,7.19250969893892e-09,,,,,,,,,,,,,,
E1_A3p1,chease_mars,66048,NEO_RT,0.641818181818182,,3.623588313490466e-09,1.7277002051230284e-10,,,,,,,,,,,,,,
E1_A3p1,chease_mars,66048,NEO_RT,0.7263636363636364,,7.289658503622152e-09,4.160569666566971e-10,,,,,,,,,,,,,,
E1_A3p1,chease_mars,66048,NEO_RT,0.810909090909091,,2.528668552176739e-09,3.0397584449559645e-09,,,,,,,,,,,,,,
E1_A3p1,chease_mars,66048,NEO_RT,0.8954545454545456,,3.942808404005401e-09,3.0214577506626483e-09,,,,,,,,,,,,,,
E1_A3p1,chease_mars,66048,NEO_RT,0.9800000000000001,,4.728390280516656e-09,5.284527704318975e-09,,,,,,,,,,,,,,
E1_A3p1,chease_mars,66048,NEO_2,0.05,,3.140687761996309e-09,7.060630968780401e-10,,,,,,,,,,,,,,
E1_A3p1,chease_mars,66048,NEO_2,0.13454545454545455,,2.7070393531546154e-09,4.605769321486264e-09,,,,,,,,,,,,,,
E1_A3p1,chease_mars,66048,NEO_2,0.21909090909090911,,5.258421208541888e-09,2.381836283760208e-09,,,,,,,,,,,,,,
E1_A3p1,chease_mars,66048,NEO_2,0.30363636363636365,,6.847531912309311e-09,7.108126309773866e-10,,,,,,,,,,,,,,
E1_A3p1,chease_mars,66048,NEO_2,0.3881818181818182,,7.711139062602278e-09,4.243161488837188e-09,,,,,,,,,,,,,,
E1_A3p1,chease_mars,66048,NEO_2,0.4727272727272728,,6.438128999773488e-09,7.979774618860347e-10,,,,,,,,,,,,,,
E1_A3p1,chease_mars,66048,NEO_2,0.5572727272727274,,5.131600999452592e-09,7.192510365072735e-09,,,,,,,,,,,,,,
E1_A3p1,chease_mars,66048,NEO_2,0.641818181818182,,3.6234376631305945e-09,1.72772463002957e-10,,,,,,,,,,,,,,
E1_A3p1,chease_mars,66048,NEO_2,0.7263636363636364,,7.289741559066716e-09,4.160569666566971e-10,,,,,,,,,,,,,,
E1_A3p1,chease_mars,66048,NEO_2,0.810909090909091,,2.528744089528502e-09,3.039756668599125e-09,,,,,,,,,,,,,,
E1_A3p1,chease_mars,66048,NEO_2,0.8954545454545456,,3.942907999782642e-09,3.0214594159971853e-09,,,,,,,,,,,,,,
E1_A3p1,chease_mars,66048,NEO_2,0.9800000000000001,,4.728158407111028e-09,5.284530812943444e-09,,,,,,,,,,,,,,
E1_A40,chease_public,1088,libneo_Boozer,0.05025,6.3858600985549925e-09,6.380205109733552e-09,2.044531433043062e-09,1.0062610744654421e-09,1.842057705067074e-08,3.4431116422549946e-08,7.686330707773934e-09,7.764704663757767e-09,6.730331872884756e-07,1.4261414983168479e-06,8.086940680064301e-09,9.407349963595676e-09,7.686309719588245e-09,7.766126135446021e-09,3.1795446220339585e-08,3.199625505517778e-08,7.136759341830334e-08
E1_A40,chease_public,1088,libneo_Boozer,0.13475,5.344983772664369e-09,5.338331733012748e-09,2.3244994817872566e-10,1.0062610744654421e-09,6.706360148076966e-08,1.1973026819005357e-07,8.094702455349305e-09,8.055368013698268e-09,5.986616041209982e-07,1.2529279149147396e-06,8.88425503785183e-09,1.110258638472363e-08,8.094614005859018e-09,8.062299549003934e-09,1.0276989190205477e-07,1.0294838709290488e-07,1.4022488137310773e-07
E1_A40,chease_public,1088,libneo_Boozer,0.21925,4.10765147852048e-09,4.09811124075269e-09,4.7934481939293505e-09,1.0062610744654421e-09,2.1107399105372145e-07,3.329703166897035e-07,1.0289878813787755e-08,1.0214387506432134e-08,6.85950170185558e-07,1.1792672243441681e-06,1.1598125085714128e-08,1.3723649670376662e-08,1.0289292166553446e-08,1.0240117019223421e-08,2.5921425939046117e-07,2.593785593252296e-07,2.769709041006152e-07
E1_A40,chease_public,1088,libneo_Boozer,0.30375,8.767971671180872e-09,8.763705307607324e-09,3.3555578315969115e-09,1.0062610744654421e-09,3.197131664759261e-07,4.810877500427102e-07,1.6347115809682716e-09,1.7268164394681813e-09,6.35047578904989e-07,1.0592226766637238e-06,6.056439535130387e-09,9.810052129417563e-09,1.6373797916569407e-09,1.7690282405082535e-09,3.3560642992425116e-07,3.3541514476986833e-07,3.0429488273586713e-07
E1_A40,chease_public,1088,libneo_Boozer,0.38825,6.168782406739468e-10,5.549740997729337e-10,5.754435372651301e-09,1.0062610744654421e-09,2.8615724537030706e-07,4.4902638873720397e-07,4.477778709795529e-09,4.531104594304032e-09,4.4419968656212086e-07,8.273684000908599e-07,6.427731221813725e-09,9.674421137424852e-09,4.478359707892027e-09,4.563575437116013e-09,2.752596836019805e-07,2.750892240110936e-07,2.2074350158884926e-07
E1_A40,chease_public,1088,libneo_Boozer,0.47275,1.906628346376817e-09,1.8896924893001225e-09,2.1356327817301235e-09,1.0062610744654421e-09,2.59399688710476e-07,4.872115057593063e-07,5.345892166708276e-09,6.120291422913621e-09,3.267435752773266e-07,6.703160784851571e-07,6.525808882440759e-09,9.761703205729604e-09,5.34791940524565e-09,6.150803653040156e-09,2.5736737657711117e-07,2.5720652102600994e-07,1.8704076487630061e-07
E1_A40,chease_public,1088,libneo_Boozer,0.55725,1.7143893415707147e-09,1.7003077597591004e-09,7.923285361144394e-10,1.0062610744654421e-09,2.4946379644745523e-07,4.933078824074706e-07,1.0042652519206474e-09,1.5796889628481066e-09,2.609243109321556e-07,5.706994850025945e-07,3.397086888429883e-09,7.2303819030807955e-09,1.0118498211449352e-09,1.6161761004996906e-09,2.1881657541467092e-07,2.1867180011181375e-07,1.464663262895627e-07
E1_A40,chease_public,1088,libneo_Boozer,0.64175,7.754240959729554e-09,7.724560435669013e-09,1.722054610020507e-09,1.0062610744654421e-09,3.033088022891098e-07,5.87650249823536e-07,1.006015862305923e-08,1.1396881068722216e-08,2.0326625026417152e-07,3.9983115258504274e-07,1.0418699009509811e-08,1.2006271800984223e-08,1.0058337655031975e-08,1.1370168412621296e-08,2.1016481377422735e-07,2.1030855812398386e-07,1.3126349873715526e-07
E1_A40,chease_public,1088,libneo_Boozer,0.72625,7.728266960825448e-09,7.713471238560373e-09,4.937619202394217e-09,1.0062610744654421e-09,4.636382917488414e-07,7.125977825656752e-07,5.0584745146298286e-09,5.571599807547278e-09,1.787274294843426e-07,3.138512144755773e-07,5.658866268553702e-09,6.690401018503242e-09,5.05976625946828e-09,5.609002836031605e-09,1.953142201305269e-07,1.9517989746642428e-07,1.1451491266356584e-07
E1_A40,chease_public,1088,libneo_Boozer,0.81075,8.711295050665414e-09,8.705575324493857e-09,4.587117352627956e-09,1.0062610744654421e-09,9.922648391618793e-07,1.6901220827954207e-06,1.2384363156183537e-08,1.2271773610990604e-08,1.944221764409193e-07,2.947992130960643e-07,1.2721822985698862e-08,1.2997819546254734e-08,1.2382294238528267e-08,1.223492501070802e-08,3.196381520575997e-07,3.198143250227048e-07,1.7759240789061437e-07
E1_A40,chease_public,1088,libneo_Boozer,0.89525,9.715902540669169e-10,7.242285998996461e-10,3.1597771066316227e-09,1.0062610744654421e-09,2.7133968457245795e-06,4.368490673527312e-06,5.775705941516192e-09,6.96867123232595e-09,2.359790827442074e-07,3.1735203752920543e-07,6.86938038866435e-09,8.403732197010069e-09,5.768022892390724e-09,6.9067688580189066e-09,4.5744188892360427e-07,4.576355847607516e-07,2.418341178422878e-07
E1_A40,chease_public,1088,libneo_Boozer,0.97975,4.886712714858772e-09,4.869400829041505e-09,1.7331601709358324e-08,1.0062610744654421e-09,2.0988524154777595e-05,3.252010470484802e-05,1.2539124380270461e-08,1.2532586539844312e-08,3.4116330705666237e-07,6.789561448873688e-07,1.37418826744643e-08,1.657761966420805e-08,1.253090196740656e-08,1.2470431260712382e-08,6.58436890454972e-07,6.589493928288448e-07,3.328621066556181e-07
E1_A40,chease_public,1088,NEO_RT,0.05,,6.626195065665327e-09,2.7054430917772265e-09,,,,,,,,,,,,,,
E1_A40,chease_public,1088,NEO_RT,0.13454545454545455,,5.120586392525568e-09,4.365449668419785e-09,,,,,,,,,,,,,,
E1_A40,chease_public,1088,NEO_RT,0.21909090909090911,,3.917917862856261e-09,2.7456493745248167e-09,,,,,,,,,,,,,,
E1_A40,chease_public,1088,NEO_RT,0.30363636363636365,,1.037631537743424e-08,2.7298028282274345e-09,,,,,,,,,,,,,,
E1_A40,chease_public,1088,NEO_RT,0.3881818181818182,,4.80617380503493e-10,4.766480987683508e-09,,,,,,,,,,,,,,
E1_A40,chease_public,1088,NEO_RT,0.4727272727272728,,1.920121427529491e-09,2.628034789786682e-09,,,,,,,,,,,,,,
E1_A40,chease_public,1088,NEO_RT,0.5572727272727274,,1.7322555448451395e-09,3.0172930820526744e-10,,,,,,,,,,,,,,
E1_A40,chease_public,1088,NEO_RT,0.641818181818182,,7.705928220387114e-09,1.5461563140917178e-09,,,,,,,,,,,,,,
E1_A40,chease_public,1088,NEO_RT,0.7263636363636364,,7.643349569372516e-09,5.245259560027193e-09,,,,,,,,,,,,,,
E1_A40,chease_public,1088,NEO_RT,0.810909090909091,,1.043006912620256e-08,1.970852814281443e-09,,,,,,,,,,,,,,
E1_A40,chease_public,1088,NEO_RT,0.8954545454545456,,7.67132295176843e-10,1.1891664319918505e-09,,,,,,,,,,,,,,
E1_A40,chease_public,1088,NEO_RT,0.9800000000000001,,4.446421386904896e-09,2.0535822597977926e-08,,,,,,,,,,,,,,
E1_A40,chease_public,1088,NEO_2,0.05,,6.626197096872606e-09,2.70544009417506e-09,,,,,,,,,,,,,,
E1_A40,chease_public,1088,NEO_2,0.13454545454545455,,5.120587586164008e-09,4.365448558196761e-09,,,,,,,,,,,,,,
E1_A40,chease_public,1088,NEO_2,0.21909090909090911,,3.91792042878363e-09,2.745659477554341e-09,,,,,,,,,,,,,,
E1_A40,chease_public,1088,NEO_2,0.30363636363636365,,1.0376319683450525e-08,2.7298052707180887e-09,,,,,,,,,,,,,,
E1_A40,chease_public,1088,NEO_2,0.3881818181818182,,4.80606270677349e-10,4.766486982887841e-09,,,,,,,,,,,,,,
E1_A40,chease_public,1088,NEO_2,0.4727272727272728,,1.9201133529073307e-09,2.628035344898194e-09,,,,,,,,,,,,,,
E1_A40,chease_public,1088,NEO_2,0.5572727272727274,,1.732243596479933e-09,3.0172875309375513e-10,,,,,,,,,,,,,,
E1_A40,chease_public,1088,NEO_2,0.641818181818182,,7.70593616905904e-09,1.5461611990730262e-09,,,,,,,,,,,,,,
E1_A40,chease_public,1088,NEO_2,0.7263636363636364,,7.64334756434527e-09,5.245267109543761e-09,,,,,,,,,,,,,,
E1_A40,chease_public,1088,NEO_2,0.810909090909091,,1.0430073537372606e-08,1.970858143351961e-09,,,,,,,,,,,,,,
E1_A40,chease_public,1088,NEO_2,0.8954545454545456,,7.671822606200457e-10,1.1891597706537027e-09,,,,,,,,,,,,,,
E1_A40,chease_public,1088,NEO_2,0.9800000000000001,,4.4464236360108885e-09,2.0535818379130433e-08,,,,,,,,,,,,,,
E1_A40,chease_public,4224,libneo_Boozer,0.05025,6.383160091476245e-09,6.37885403145667e-09,2.044531433043062e-09,7.166254256674165e-10,1.779975587559077e-08,2.8030848647764124e-08,7.686330277255966e-09,7.76258255402676e-09,2.34993155205564e-07,2.6778673589166074e-07,7.736232078873122e-09,7.81608878526917e-09,7.686309437620723e-09,7.765879058210529e-09,2.6250675771999354e-08,2.6319537257957215e-08,5.87056855072543e-08
E1_A40,chease_public,4224,libneo_Boozer,0.13475,5.335124699332523e-09,5.333398118074731e-09,2.3244994817872566e-10,7.166254256674165e-10,6.669855495732047e-08,9.582849320330685e-08,8.094702531603812e-09,8.050674461785736e-09,3.0109343937534675e-07,3.150391290951193e-07,8.301410092175867e-09,8.276697617995086e-09,8.094614005135288e-09,8.062059502343607e-09,8.257561831537252e-08,8.266909068410655e-08,1.1260267596124862e-07
E1_A40,chease_public,4224,libneo_Boozer,0.21925,4.096652036320465e-09,4.092602005578668e-09,4.7934481939293505e-09,7.166254256674165e-10,2.1011675601849165e-07,2.9916897893373423e-07,1.0289878228759029e-08,1.020759685967158e-08,5.296621379456582e-07,5.356047271206254e-07,1.1088369330927817e-08,1.1010083151665642e-08,1.028929220105438e-08,1.0238411466712195e-08,2.338741833807223e-07,2.3372615637340388e-07,2.495787677636585e-07
E1_A40,chease_public,4224,libneo_Boozer,0.30375,8.761951029587673e-09,8.760693752500927e-09,3.3555578315969115e-09,7.166254256674165e-10,3.19058164531127e-07,4.534834198366927e-07,1.6435897049804805e-09,1.8745237429519685e-09,5.173853241646549e-07,5.262219023904874e-07,5.027406501911631e-09,5.148643882455088e-09,1.648381090042572e-09,1.918010479718313e-09,3.1599640282209407e-07,3.1583183474070964e-07,2.8652853356625485e-07
E1_A40,chease_public,4224,libneo_Boozer,0.38825,5.25412925182634e-10,5.057173152756359e-10,5.754435372651301e-09,7.166254256674165e-10,2.858016610155673e-07,4.058779852178824e-07,4.477778725182896e-09,4.518504208297761e-09,3.1863268854992333e-07,3.2749840042248453e-07,5.566991040972504e-09,5.636243944078758e-09,4.478358657577295e-09,4.552336987177836e-09,2.4804280035484183e-07,2.4821631749993855e-07,1.9917945093261835e-07
E1_A40,chease_public,4224,libneo_Boozer,0.47275,1.887018316221932e-09,1.8798231944958513e-09,2.1356327817301235e-09,7.166254256674165e-10,2.584547556478338e-07,4.3078905104957203e-07,5.345889720512774e-09,6.0958910035380885e-09,2.0134819145769752e-07,2.3269771299906043e-07,5.82197581606932e-09,6.624984865801757e-09,5.347906115496556e-09,6.123771876041164e-09,2.27324300161591e-07,2.2711373476314023e-07,1.6515726664056984e-07
E1_A40,chease_public,4224,libneo_Boozer,0.55725,1.6996232443130191e-09,1.6928779582383353e-09,7.923285361144394e-10,7.166254256674165e-10,2.501231784214005e-07,4.363705189476239e-07,1.0044032967574346e-09,1.5593031391060336e-09,1.5491873331236134e-07,2.076574868100498e-07,2.1728552307681877e-09,2.9931115479847063e-09,1.0118403339232607e-09,1.5906928139573517e-09,1.9336071854780812e-07,1.931045361391881e-07,1.2934137672004908e-07
E1_A40,chease_public,4224,libneo_Boozer,0.64175,7.752457486242225e-09,7.72366511804045e-09,1.722054610020507e-09,7.166254256674165e-10,3.079981443092193e-07,5.539025296822229e-07,1.0060054767578996e-08,1.1406445002998883e-08,1.1737490743251307e-07,1.314129663089764e-07,1.0180421390070889e-08,1.1537660486793146e-08,1.005827362535074e-08,1.1381138848580239e-08,1.982771460351529e-07,1.9857692412639238e-07,1.23941232721414e-07
E1_A40,chease_public,4224,libneo_Boozer,0.72625,7.7289070500098e-09,7.713791994720555e-09,4.937619202394217e-09,7.166254256674165e-10,4.73835192312885e-07,6.782360888849287e-07,5.058562988331435e-09,5.582301407431199e-09,1.2688133848972834e-07,1.4606338805555039e-07,5.369302580115922e-09,5.937383667554517e-09,5.059812281128192e-09,5.609173219559145e-09,1.8554072267473742e-07,1.8586447925184046e-07,1.0904940572764588e-07
E1_A40,chease_public,4224,libneo_Boozer,0.81075,8.711971945992395e-09,8.705914135002291e-09,4.587117352627956e-09,7.166254256674165e-10,1.0100295343676602e-06,1.6796456418126314e-06,1.2384353132521041e-08,1.22689915964986e-08,1.718803536731394e-07,2.0665400604629568e-07,1.2648568074828786e-08,1.2649100748922957e-08,1.2382278403918372e-08,1.2219713890779558e-08,3.1776206244060745e-07,3.181256338358196e-07,1.7665468032834752e-07
E1_A40,chease_public,4224,libneo_Boozer,0.89525,9.829715806876613e-10,7.318706019446293e-10,3.1597771066316227e-09,7.166254256674165e-10,2.7592402901787934e-06,4.406953793850593e-06,5.775412742736917e-09,6.967003686575639e-09,2.272223473225417e-07,2.4146285274507423e-07,6.795370465852899e-09,7.923433255224952e-09,5.767841682622135e-09,6.905487597309457e-09,4.6152928268039517e-07,4.619490462376419e-07,2.441135341646472e-07
E1_A40,chease_public,4224,libneo_Boozer,0.97975,4.856840061243262e-09,4.8544675713287215e-09,2.3243607039091785e-09,7.166254256674165e-10,2.119520596447873e-05,3.173433829866744e-05,1.2526119489486616e-08,1.2537407991507138e-08,3.1745453778795115e-07,3.979773536004943e-07,1.3574498609883986e-08,1.4112459340157796e-08,1.2521967113485538e-08,1.2446071048207604e-08,6.425395329134886e-07,6.433023197471854e-07,3.249581357334108e-07
E1_A40,chease_public,4224,NEO_RT,0.05,,6.6255237710073035e-09,6.1639213733144516e-09,,,,,,,,,,,,,,
E1_A40,chease_public,4224,NEO_RT,0.13454545454545455,,5.1150223363721724e-09,2.242685703812697e-09,,,,,,,,,,,,,,
E1_A40,chease_public,4224,NEO_RT,0.21909090909090911,,3.911998953761712e-09,2.2078682215820322e-09,,,,,,,,,,,,,,
E1_A40,chease_public,4224,NEO_RT,0.30363636363636365,,1.0373782260221947e-08,2.7298028282274345e-09,,,,,,,,,,,,,,
E1_A40,chease_public,4224,NEO_RT,0.3881818181818182,,4.2287519062803835e-10,4.899868732977097e-09,,,,,,,,,,,,,,
E1_A40,chease_public,4224,NEO_RT,0.4727272727272728,,1.910224268472144e-09,2.038293756001508e-09,,,,,,,,,,,,,,
E1_A40,chease_public,4224,NEO_RT,0.5572727272727274,,1.7249617200100139e-09,3.0172930820526744e-10,,,,,,,,,,,,,,
E1_A40,chease_public,4224,NEO_RT,0.641818181818182,,7.705095231083369e-09,1.5461223412671643e-09,,,,,,,,,,,,,,
E1_A40,chease_public,4224,NEO_RT,0.7263636363636364,,7.643668779418323e-09,5.245259560027193e-09,,,,,,,,,,,,,,
E1_A40,chease_public,4224,NEO_RT,0.810909090909091,,1.0430351735673718e-08,1.970852370192233e-09,,,,,,,,,,,,,,
E1_A40,chease_public,4224,NEO_RT,0.8954545454545456,,7.846544385310419e-10,1.1892103968236256e-09,,,,,,,,,,,,,,
E1_A40,chease_public,4224,NEO_RT,0.9800000000000001,,4.413898320303611e-09,7.038416294236072e-09,,,,,,,,,,,,,,
E1_A40,chease_public,4224,NEO_2,0.05,,6.625522345966585e-09,6.163929366920229e-09,,,,,,,,,,,,,,
E1_A40,chease_public,4224,NEO_2,0.13454545454545455,,5.115023349568427e-09,2.2426847046119747e-09,,,,,,,,,,,,,,
E1_A40,chease_public,4224,NEO_2,0.21909090909090911,,3.912002982105146e-09,2.207874660875575e-09,,,,,,,,,,,,,,
E1_A40,chease_public,4224,NEO_2,0.30363636363636365,,1.0373783868722943e-08,2.72980171800441e-09,,,,,,,,,,,,,,
E1_A40,chease_public,4224,NEO_2,0.3881818181818182,,4.228642210876108e-10,4.899886607567794e-09,,,,,,,,,,,,,,
E1_A40,chease_public,4224,NEO_2,0.4727272727272728,,1.910215568939433e-09,2.038285318306521e-09,,,,,,,,,,,,,,
E1_A40,chease_public,4224,NEO_2,0.5572727272727274,,1.7249532227009951e-09,3.0172875309375513e-10,,,,,,,,,,,,,,
E1_A40,chease_public,4224,NEO_2,0.641818181818182,,7.705101230253419e-09,1.5461298907837318e-09,,,,,,,,,,,,,,
E1_A40,chease_public,4224,NEO_2,0.7263636363636364,,7.643668939237527e-09,5.24526300171857e-09,,,,,,,,,,,,,,
E1_A40,chease_public,4224,NEO_2,0.810909090909091,,1.0430354304129211e-08,1.9708541465490725e-09,,,,,,,,,,,,,,
E1_A40,chease_public,4224,NEO_2,0.8954545454545456,,7.846937036681748e-10,1.1892052897977123e-09,,,,,,,,,,,,,,
E1_A40,chease_public,4224,NEO_2,0.9800000000000001,,4.413896346351354e-09,7.038411853343973e-09,,,,,,,,,,,,,,
E1_A40,chease_public,16640,libneo_Boozer,0.05025,6.379965157379856e-09,6.377255659281618e-09,2.044531433043062e-09,1.116894576824734e-09,1.7842258376034978e-08,2.8182852937730046e-08,7.686330460340536e-09,7.762889783242056e-09,2.348272218498512e-07,2.5257167916939864e-07,7.736161964025051e-09,7.814151922445081e-09,7.68630961033976e-09,7.766094317118943e-09,2.620497711880443e-08,2.628825309519689e-08,5.863590624155535e-08
E1_A40,chease_public,16640,libneo_Boozer,0.13475,5.332302223655543e-09,5.3319865498852205e-09,2.3244994817872566e-10,1.116894576824734e-09,6.633124201822445e-08,9.614276195983609e-08,8.094702214814211e-09,8.049518337882407e-09,3.011071701885587e-07,3.12721746019037e-07,8.301428415474285e-09,8.272495268220497e-09,8.094614016670244e-09,8.060823382546406e-09,8.267438242337555e-08,8.274717600009751e-08,1.1270903510496311e-07
E1_A40,chease_public,16640,libneo_Boozer,0.21925,4.0886748192498155e-09,4.0886111222301575e-09,4.7934481939293505e-09,1.116894576824734e-09,2.1075814862667184e-07,3.0048096526003536e-07,1.0289878657199145e-08,1.0208295498219645e-08,5.296563112966556e-07,5.397081550019071e-07,1.1088352786803681e-08,1.1004025046433102e-08,1.028929217119294e-08,1.023909683704589e-08,2.3505472471208044e-07,2.3491087028371105e-07,2.508438359249965e-07
E1_A40,chease_public,16640,libneo_Boozer,0.30375,8.75914990478735e-09,8.75929295955936e-09,3.3555578315969115e-09,1.116894576824734e-09,3.189264348182072e-07,4.584465006111466e-07,1.6347058863779295e-09,1.7217576738753205e-09,5.174490012259369e-07,5.39719823882403e-07,5.025062378498936e-09,5.229622364185196e-09,1.6373772688102531e-09,1.7658539419798157e-09,3.187679046279257e-07,3.189016252180821e-07,2.893133537185122e-07
E1_A40,chease_public,16640,libneo_Boozer,0.38825,4.885868718692471e-10,4.869053095710355e-10,5.754435372651301e-09,1.116894576824734e-09,2.8640284950379236e-07,4.068922529637753e-07,4.477781353038158e-09,4.520126494682441e-09,3.1862591442402156e-07,3.275792920824976e-07,5.566951363955941e-09,5.6464014415542646e-09,4.4783603047984205e-09,4.553773132798303e-09,2.4854082708580805e-07,2.4872888404470217e-07,1.9959075636677426e-07
E1_A40,chease_public,16640,libneo_Boozer,0.47275,1.8746560833322385e-09,1.8736276071160147e-09,2.1356327817301235e-09,1.116894576824734e-09,2.584101250047582e-07,4.3102096345219744e-07,5.345889941390815e-09,6.095689925601108e-09,2.013656593915366e-07,2.29135193389754e-07,5.822055305715652e-09,6.622630984325377e-09,5.347906257298751e-09,6.123643925689314e-09,2.2755207446101267e-07,2.273320452994554e-07,1.6531602220482e-07
E1_A40,chease_public,16640,libneo_Boozer,0.55725,1.6866564607481718e-09,1.6863800107331192e-09,7.923285361144394e-10,1.116894576824734e-09,2.5147127511751527e-07,4.37544762452071e-07,1.0045062266352607e-09,1.5604982813666863e-09,1.549076429358165e-07,2.0769484806897142e-07,2.1727804895304897e-09,3.0068678776170523e-09,1.0119004609596447e-09,1.5917918396363735e-09,1.939691699481827e-07,1.937096433257679e-07,1.29746677401954e-07
E1_A40,chease_public,16640,libneo_Boozer,0.64175,7.749597646598016e-09,7.722229720361582e-09,1.722054610020507e-09,1.116894576824734e-09,3.081376849279404e-07,5.542686664700468e-07,1.006005485598651e-08,1.139532269433778e-08,1.1739203756062833e-07,1.3315095354099056e-07,1.018045666418951e-08,1.1525944478519609e-08,1.0058273668711085e-08,1.1371455571280557e-08,1.9833661546453385e-07,1.9864216949105895e-07,1.2398195547991264e-07
E1_A40,chease_public,16640,libneo_Boozer,0.72625,7.724905929829572e-09,7.71178730522832e-09,4.937619202394217e-09,1.116894576824734e-09,4.723593858306031e-07,6.792962260192883e-07,5.058563415325927e-09,5.566966108871284e-09,1.268818649976646e-07,1.5275462892290764e-07,5.369305490577454e-09,5.966748368159199e-09,5.059813801494479e-09,5.593914883960949e-09,1.857761277035408e-07,1.8610707930299952e-07,1.0919174275869636e-07
E1_A40,chease_public,16640,libneo_Boozer,0.81075,8.709221709147608e-09,8.704537820215683e-09,4.587117352627956e-09,1.116894576824734e-09,1.0100372081968462e-06,1.679930416146957e-06,1.2384353156320707e-08,1.2269660893006652e-08,1.7188038271997145e-07,2.0692605104315472e-07,1.2648568186956256e-08,1.2650739573287279e-08,1.2382278420305306e-08,1.222032185752964e-08,3.1777808107147365e-07,3.181432343124513e-07,1.766644538436779e-07
E1_A40,chease_public,16640,libneo_Boozer,0.89525,9.57697464729837e-10,7.149141375840156e-10,3.1597771066316227e-09,1.116894576824734e-09,2.759161472562066e-06,4.4064254341156145e-06,5.775412753683988e-09,6.968670416424682e-09,2.2722245849854693e-07,2.424281205009873e-07,6.79537139894214e-09,7.935954803425613e-09,5.767841705633242e-09,6.906773767986956e-09,4.6145298471245155e-07,4.618760908181585e-07,2.440749813370502e-07
E1_A40,chease_public,16640,libneo_Boozer,0.97975,4.855650726486362e-09,4.853873211817729e-09,1.268287996847306e-08,1.116894576824734e-09,2.117962147101311e-05,3.1494054081435274e-05,1.2522037743699904e-08,1.2526743642781478e-08,3.1751185560093414e-07,3.8448926120808544e-07,1.3571097875590882e-08,1.4003546663444983e-08,1.252197446152216e-08,1.2440016985526748e-08,6.376703985955245e-07,6.384336495024456e-07,3.2249877301993024e-07
E1_A40,chease_public,16640,NEO_RT,0.05,,6.623314583358461e-09,7.91322674054129e-10,,,,,,,,,,,,,,
E1_A40,chease_public,16640,NEO_RT,0.13454545454545455,,5.1135738414703585e-09,4.403820197396158e-09,,,,,,,,,,,,,,
E1_A40,chease_public,16640,NEO_RT,0.21909090909090911,,3.907835769108286e-09,2.2078682215820322e-09,,,,,,,,,,,,,,
E1_A40,chease_public,16640,NEO_RT,0.30363636363636365,,1.0372597889286698e-08,2.727363890286938e-09,,,,,,,,,,,,,,
E1_A40,chease_public,16640,NEO_RT,0.3881818181818182,,3.999697750546379e-10,4.906463790810278e-09,,,,,,,,,,,,,,
E1_A40,chease_public,16640,NEO_RT,0.4727272727272728,,1.904130637293634e-09,2.628034789786682e-09,,,,,,,,,,,,,,
E1_A40,chease_public,16640,NEO_RT,0.5572727272727274,,1.718588687415992e-09,3.1146274448445865e-10,,,,,,,,,,,,,,
E1_A40,chease_public,16640,NEO_RT,0.641818181818182,,7.703593235698837e-09,2.6736379776792774e-10,,,,,,,,,,,,,,
E1_A40,chease_public,16640,NEO_RT,0.7263636363636364,,7.64164798022065e-09,5.22755905230099e-09,,,,,,,,,,,,,,
E1_A40,chease_public,16640,NEO_RT,0.810909090909091,,1.042920390789777e-08,1.970852370192233e-09,,,,,,,,,,,,,,
E1_A40,chease_public,16640,NEO_RT,0.8954545454545456,,7.688650593302632e-10,2.8438847943235146e-09,,,,,,,,,,,,,,
E1_A40,chease_public,16640,NEO_RT,0.9800000000000001,,4.413198655341425e-09,1.0976786479766076e-08,,,,,,,,,,,,,,
E1_A40,chease_public,16640,NEO_2,0.05,,6.623316805315472e-09,7.913186772512404e-10,,,,,,,,,,,,,,
E1_A40,chease_public,16640,NEO_2,0.13454545454545455,,5.113574911453202e-09,4.403822861931417e-09,,,,,,,,,,,,,,
E1_A40,chease_public,16640,NEO_2,0.21909090909090911,,3.907838290132984e-09,2.207868887715847e-09,,,,,,,,,,,,,,
E1_A40,chease_public,16640,NEO_2,0.30363636363636365,,1.0372602181004378e-08,2.727363224153123e-09,,,,,,,,,,,,,,
E1_A40,chease_public,16640,NEO_2,0.3881818181818182,,3.9995661772243725e-10,4.906477113486574e-09,,,,,,,,,,,,,,
E1_A40,chease_public,16640,NEO_2,0.4727272727272728,,1.904125424449812e-09,2.628033679563657e-09,,,,,,,,,,,,,,
E1_A40,chease_public,16640,NEO_2,0.5572727272727274,,1.7185838432326795e-09,3.1146485390820544e-10,,,,,,,,,,,,,,
E1_A40,chease_public,16640,NEO_2,0.641818181818182,,7.703600849306259e-09,2.6736846070463116e-10,,,,,,,,,,,,,,
E1_A40,chease_public,16640,NEO_2,0.7263636363636364,,7.641645636143959e-09,5.227570598620446e-09,,,,,,,,,,,,,,
E1_A40,chease_public,16640,NEO_2,0.810909090909091,,1.0429204636013933e-08,1.9708548126828873e-09,,,,,,,,,,,,,,
E1_A40,chease_public,16640,NEO_2,0.8954545454545456,,7.689049939107571e-10,2.8438856825019343e-09,,,,,,,,,,,,,,
E1_A40,chease_public,16640,NEO_2,0.9800000000000001,,4.4131966711673486e-09,1.0976786479766076e-08,,,,,,,,,,,,,,
E1_A40,chease_public,66048,libneo_Boozer,0.05025,6.383706009463482e-09,6.3791271826552456e-09,2.044531433043062e-09,1.3335481607867905e-09,1.7874457147876757e-08,2.8570104150094805e-08,7.686330460660655e-09,7.763009242651918e-09,2.3512699573966844e-07,2.6553662333183057e-07,7.73628899760757e-09,7.823045809607929e-09,7.686309652845674e-09,7.766224272064726e-09,2.6385701977493792e-08,2.6396778603221538e-08,5.8877972192172834e-08
E1_A40,chease_public,66048,libneo_Boozer,0.13475,5.338215124541597e-09,5.334944121288974e-09,2.3244994817872566e-10,1.3335481607867905e-09,6.65011681520284e-08,9.603522052872251e-08,8.094702361349111e-09,8.049572458639626e-09,3.0110375287776444e-07,3.136856495282911e-07,8.301423921118749e-09,8.269386578480119e-09,8.094614013404917e-09,8.060752661835421e-09,8.2410915119846e-08,8.245072116719321e-08,1.1230523727645547e-07
E1_A40,chease_public,66048,libneo_Boozer,0.21925,4.0946458206786195e-09,4.091597966512586e-09,4.7934481939293505e-09,1.3335481607867905e-09,2.1022492476035364e-07,2.9895531480616553e-07,1.0289878162734738e-08,1.0207342508148644e-08,5.296587723893196e-07,5.392251156229152e-07,1.1088359483885068e-08,1.1028189163140276e-08,1.0289292130134832e-08,1.0237630717351045e-08,2.3401738408201922e-07,2.3390496570185881e-07,2.497697049741454e-07
E1_A40,chease_public,66048,libneo_Boozer,0.30375,8.762931417238327e-09,8.761184065208031e-09,3.3555578315969115e-09,1.3335481607867905e-09,3.1936216376746006e-07,4.5946169673756037e-07,1.6347103753917306e-09,1.7194704628077114e-09,5.174455633172934e-07,5.316097993865883e-07,5.025033985318754e-09,5.159885378305361e-09,1.6373810020328597e-09,1.7634428951592242e-09,3.1933757499436055e-07,3.1943407119428e-07,2.897963982118057e-07
E1_A40,chease_public,66048,libneo_Boozer,0.38825,5.388556193778469e-10,5.127415528656434e-10,5.754435372651301e-09,1.3335481607867905e-09,2.858887543368494e-07,4.062602304561596e-07,4.477779367065876e-09,4.519645169630902e-09,3.186276369058841e-07,3.2538012735028873e-07,5.5669603928737465e-09,5.6340025039524635e-09,4.47835923103311e-09,4.553517638389581e-09,2.480337232824148e-07,2.4818626559452994e-07,1.9915533600034507e-07
E1_A40,chease_public,66048,libneo_Boozer,0.47275,1.8859557724693653e-09,1.8792898689078086e-09,2.1356327817301235e-09,1.3335481607867905e-09,2.583780383606866e-07,4.310326255607957e-07,5.345888294336703e-09,6.099466107148986e-09,2.0133440265061019e-07,2.2905058874640407e-07,5.821911923447593e-09,6.628140336269224e-09,5.347905745297158e-09,6.128170108519527e-09,2.2766206453361804e-07,2.2745389549605477e-07,1.654046317689506e-07
E1_A40,chease_public,66048,libneo_Boozer,0.55725,1.7013905237566636e-09,1.693765618087316e-09,7.923285361144394e-10,1.3335481607867905e-09,2.5077674982467836e-07,4.3703352129037963e-07,1.0044741887985264e-09,1.5677331015815037e-09,1.5491788189066907e-07,2.0953620489200577e-07,2.1728786060764097e-09,3.0300625116782547e-09,1.0119341171352262e-09,1.5992268699168336e-09,1.9383003435624602e-07,1.936026978732741e-07,1.2967504536831598e-07
E1_A40,chease_public,66048,libneo_Boozer,0.64175,7.752437969537998e-09,7.723655331541156e-09,1.722054610020507e-09,1.3335481607867905e-09,3.071010873530043e-07,5.510974442492572e-07,1.006007767613578e-08,1.1393538191952233e-08,1.1738545511997364e-07,1.311064117497858e-07,1.0180465688964417e-08,1.1516146175569231e-08,1.0058292740640512e-08,1.1369890595470563e-08,1.9713007459731813e-07,1.97397034606972e-07,1.2320480802241462e-07
E1_A40,chease_public,66048,libneo_Boozer,0.72625,7.728506508581244e-09,7.713591275427292e-09,4.937619202394217e-09,1.3335481607867905e-09,4.752353194793796e-07,6.828365990246661e-07,5.05858544690514e-09,5.568791610829676e-09,1.2686969321975181e-07,1.49480270862795e-07,5.3692682596665165e-09,5.951856288442579e-09,5.059828291713648e-09,5.5962506899051505e-09,1.8669129109305516e-07,1.8700093029622167e-07,1.0971617814270473e-07
E1_A40,chease_public,66048,libneo_Boozer,0.81075,8.712104788618067e-09,8.705980622487645e-09,4.587117352627956e-09,1.3335481607867905e-09,1.0100562074898905e-06,1.6802854832582082e-06,1.2384352690184986e-08,1.2267811891782557e-08,1.7188074715717672e-07,2.07289434920456e-07,1.264856884517312e-08,1.2650270877581489e-08,1.2382278907171443e-08,1.2218391333795139e-08,3.1780799891745204e-07,3.1816845258436643e-07,1.766784575307767e-07
E1_A40,chease_public,66048,libneo_Boozer,0.89525,9.831418934023685e-10,7.319835929982029e-10,3.1597771066316227e-09,1.3335481607867905e-09,2.7592332702231906e-06,4.406907357045011e-06,5.775409695072985e-09,6.9648927463305494e-09,2.2722256745953842e-07,2.417576254928979e-07,6.795369705446056e-09,7.9217129968898e-09,5.767839845318464e-09,6.903448243016509e-09,4.6148283028291104e-07,4.61910539706345e-07,2.4409318566398497e-07
E1_A40,chease_public,66048,libneo_Boozer,0.97975,4.862863849546061e-09,4.8574806586218676e-09,1.268287996847306e-08,1.3335481607867905e-09,2.117670670797025e-05,3.144398718117572e-05,1.252203756467438e-08,1.2525323244137845e-08,3.175498008712768e-07,3.84719280389969e-07,1.3571339149479089e-08,1.4004335942175753e-08,1.2521976564503679e-08,1.2438838626479558e-08,6.366526942302997e-07,6.374449461610254e-07,3.219993388592357e-07
E1_A40,chease_public,66048,NEO_RT,0.05,,6.625600185645668e-09,6.164616150883262e-09,,,,,,,,,,,,,,
E1_A40,chease_public,66048,NEO_RT,0.13454545454545455,,5.116643299157487e-09,4.403985509604524e-09,,,,,,,,,,,,,,
E1_A40,chease_public,66048,NEO_RT,0.21909090909090911,,3.910949469932559e-09,2.2078682215820322e-09,,,,,,,,,,,,,,
E1_A40,chease_public,66048,NEO_RT,0.30363636363636365,,1.0374194753709133e-08,2.7298026061828295e-09,,,,,,,,,,,,,,
E1_A40,chease_public,66048,NEO_RT,0.3881818181818182,,4.3093379548284086e-10,4.899872729779986e-09,,,,,,,,,,,,,,
E1_A40,chease_public,66048,NEO_RT,0.4727272727272728,,1.909706856948322e-09,2.0384967047704095e-09,,,,,,,,,,,,,,
E1_A40,chease_public,66048,NEO_RT,0.5572727272727274,,1.7258375734041975e-09,3.0172930820526744e-10,,,,,,,,,,,,,,
E1_A40,chease_public,66048,NEO_RT,0.641818181818182,,7.705016557783293e-09,1.5461223412671643e-09,,,,,,,,,,,,,,
E1_A40,chease_public,66048,NEO_RT,0.7263636363636364,,7.643471161312146e-09,5.22755905230099e-09,,,,,,,,,,,,,,
E1_A40,chease_public,66048,NEO_RT,0.810909090909091,,1.0430406950670385e-08,1.970852370192233e-09,,,,,,,,,,,,,,
E1_A40,chease_public,66048,NEO_RT,0.8954545454545456,,7.847687184875507e-10,1.1892103968236256e-09,,,,,,,,,,,,,,
E1_A40,chease_public,66048,NEO_RT,0.9800000000000001,,4.4173926461926136e-09,9.064793804469673e-09,,,,,,,,,,,,,,
E1_A40,chease_public,66048,NEO_2,0.05,,6.625598771338667e-09,6.164619925641546e-09,,,,,,,,,,,,,,
E1_A40,chease_public,66048,NEO_2,0.13454545454545455,,5.116644327076198e-09,4.4039883961843884e-09,,,,,,,,,,,,,,
E1_A40,chease_public,66048,NEO_2,0.21909090909090911,,3.910951989593147e-09,2.207868665671242e-09,,,,,,,,,,,,,,
E1_A40,chease_public,66048,NEO_2,0.30363636363636365,,1.0374199046526216e-08,2.7297968330231015e-09,,,,,,,,,,,,,,
E1_A40,chease_public,66048,NEO_2,0.3881818181818182,,4.309215871890586e-10,4.8998860524562815e-09,,,,,,,,,,,,,,
E1_A40,chease_public,66048,NEO_2,0.4727272727272728,,1.9096951513569425e-09,2.038486046629373e-09,,,,,,,,,,,,,,
E1_A40,chease_public,66048,NEO_2,0.5572727272727274,,1.7258290701295071e-09,3.01723201978632e-10,,,,,,,,,,,,,,
E1_A40,chease_public,66048,NEO_2,0.641818181818182,,7.705023839522562e-09,1.5461268931815653e-09,,,,,,,,,,,,,,
E1_A40,chease_public,66048,NEO_2,0.7263636363636364,,7.64347133502332e-09,5.227566379772952e-09,,,,,,,,,,,,,,
E1_A40,chease_public,66048,NEO_2,0.810909090909091,,1.0430409523355535e-08,1.970858587441171e-09,,,,,,,,,,,,,,
E1_A40,chease_public,66048,NEO_2,0.8954545454545456,,7.848078655303607e-10,1.1892081763775764e-09,,,,,,,,,,,,,,
E1_A40,chease_public,66048,NEO_2,0.9800000000000001,,4.417390671537885e-09,9.064790584822902e-09,,,,,,,,,,,,,,
E1_A20,chease_public,1088,libneo_Boozer,0.05025,4.733609849672189e-09,4.64210043211052e-09,1.5958705468221979e-09,1.4284484706195144e-10,4.195826573694782e-08,8.473602485217528e-08,1.0762088518431979e-08,1.06653308041263e-08,1.450107972612123e-06,3.4471129614947904e-06,1.5264356948697502e-08,2.7782756539297513e-08,1.0761850580455834e-08,1.0677402347781178e-08,8.034782998656009e-08,8.064274308050567e-08,1.7987346012660055e-07
E1_A20,chease_public,1088,libneo_Boozer,0.13475,7.583561679410295e-09,7.497993569105039e-09,5.240143874374326e-10,1.4284484706195144e-10,4.841134295769441e-08,9.87401794304755e-08,4.114729781806007e-09,4.738557885891434e-09,1.1240487583658126e-06,2.7832868050154236e-06,1.4343018422970509e-08,3.4195674759821706e-08,4.112913721850511e-09,4.686205992304586e-09,8.531179085391472e-08,8.554092367774047e-08,1.165143680426084e-07
E1_A20,chease_public,1088,libneo_Boozer,0.21925,8.374080244377547e-09,8.271130175353064e-09,5.924766899312317e-09,1.4284484706195144e-10,1.2273193786718796e-07,2.289079643343085e-07,1.508790024940217e-08,1.5094475498927323e-08,9.860001459417712e-07,2.379302996520191e-06,2.1539016914496028e-08,3.9830002126253524e-08,1.508551211549653e-08,1.5115955009476456e-08,1.7880234923217664e-07,1.7840964017246108e-07,1.9051036492800932e-07
E1_A20,chease_public,1088,libneo_Boozer,0.30375,4.763711811128532e-09,4.600500062919125e-09,6.0908855736840906e-09,1.4284484706195144e-10,1.1221552071886026e-07,2.5863595586725965e-07,9.012165371537848e-09,9.423898586376878e-09,8.170532797890614e-07,2.0361028349397278e-06,1.7492902980855648e-08,3.8272408173310774e-08,9.010373206551925e-09,9.43350152758186e-09,1.8013737690392162e-07,1.7984517114433274e-07,1.6315887674256402e-07
E1_A20,chease_public,1088,libneo_Boozer,0.38825,1.898641843633454e-09,1.3474265139530082e-09,1.5968704136781753e-10,1.4284484706195144e-10,1.2261684112519583e-07,3.1505400778774385e-07,3.6008337057777468e-09,3.875755039748866e-09,6.880488996733707e-07,1.7614662988335058e-06,1.472118005036433e-08,3.640419348621583e-08,3.596856377511454e-09,3.807258849386339e-09,1.9260862782477517e-07,1.928069306433855e-07,1.5471658088017648e-07
E1_A20,chease_public,1088,libneo_Boozer,0.47275,5.004961399958142e-09,4.8675990134020544e-09,2.2472605998302697e-09,1.4284484706195144e-10,1.0033562716372471e-07,3.1917247743375695e-07,6.592584044595232e-09,6.79329018104093e-09,5.688806948696544e-07,1.4765027684241095e-06,1.459528515843361e-08,3.4180369271287356e-08,6.593475388225321e-09,6.82844024739785e-09,1.6816664677454796e-07,1.683375884797833e-07,1.2241518643207883e-07
E1_A20,chease_public,1088,libneo_Boozer,0.55725,8.662965935079215e-09,8.602115711475927e-09,1.7912601402159112e-09,1.4284484706195144e-10,2.9754796165479197e-07,5.919310225840788e-07,2.6622804975150855e-09,3.076160301076555e-09,4.89806678547355e-07,1.220032566997391e-06,1.2460103461032657e-08,3.019527558016408e-08,2.660280059059904e-09,3.041460205190868e-09,2.6193337110402837e-07,2.621043841966042e-07,1.7555742415353848e-07
E1_A20,chease_public,1088,libneo_Boozer,0.64175,2.5911391472407397e-09,2.417980015097153e-09,2.7784397005348183e-09,1.4284484706195144e-10,9.528533038386165e-08,2.2638537886505778e-07,2.504323633535118e-09,2.9524187921439287e-09,3.689531281241175e-07,9.573141774212538e-07,1.0152760556372178e-08,2.544593652471941e-08,2.503601501717704e-09,3.0345482055947844e-09,8.102419879474354e-08,8.120558059321326e-08,5.0684238694920225e-08
E1_A20,chease_public,1088,libneo_Boozer,0.72625,5.018107935834867e-09,4.956201465928872e-09,9.133807044037212e-10,1.4284484706195144e-10,1.2923482691180663e-07,3.3756516081183475e-07,4.425825540457367e-09,4.7227888171959674e-09,2.81850346650006e-07,7.183876490137384e-07,9.137884430315678e-09,2.06991323494107e-08,4.42673316291763e-09,4.822267156488506e-09,9.233273612352377e-08,9.253726740432455e-08,5.429296867642819e-08
E1_A20,chease_public,1088,libneo_Boozer,0.81075,6.003866312594651e-09,5.958143139875891e-09,7.421586345479625e-09,1.4284484706195144e-10,7.668736868074024e-07,1.2462707129137189e-06,9.54322245781142e-10,1.6540798532701877e-09,2.3522601438048444e-07,5.034294604669823e-07,7.114298774025049e-09,1.5008214693741983e-08,9.210816815280539e-10,1.78034901374522e-09,2.357207111725046e-07,2.360230508813288e-07,1.3106324425748994e-07
E1_A20,chease_public,1088,libneo_Boozer,0.89525,3.3167406692562142e-09,3.1885709177218654e-09,7.188195705332134e-09,1.4284484706195144e-10,3.3461303116640464e-07,6.637662189575e-07,3.718881254554249e-09,3.75539047964903e-09,1.507245008754391e-07,3.236356719257529e-07,6.028938828883779e-09,1.0731176157382705e-08,3.712884441693766e-09,3.942097097933341e-09,6.950756792356572e-08,6.938411623025331e-08,3.666552506054188e-08
E1_A20,chease_public,1088,libneo_Boozer,0.97975,5.947280848212362e-09,5.8330092619190445e-09,1.2103883673120208e-08,1.4284484706195144e-10,3.6718840083152427e-06,6.183887067555816e-06,3.727872125171267e-09,4.0583927394665896e-09,1.8546136312230705e-07,6.40010416399592e-07,7.1562629158603825e-09,2.116046807439125e-08,3.72296978764117e-09,4.206822279724096e-09,1.2515039826688223e-07,1.2563586060387877e-07,6.346378556010279e-08
E1_A20,chease_public,1088,NEO_RT,0.05,,2.8072426078535666e-09,2.218973116363543e-09,,,,,,,,,,,,,,
E1_A20,chease_public,1088,NEO_RT,0.13454545454545455,,8.107749957086881e-09,2.2825339396348454e-09,,,,,,,,,,,,,,
E1_A20,chease_public,1088,NEO_RT,0.21909090909090911,,4.185003629396258e-09,5.655122370384902e-09,,,,,,,,,,,,,,
E1_A20,chease_public,1088,NEO_RT,0.30363636363636365,,6.373235813058551e-09,5.234225941563864e-09,,,,,,,,,,,,,,
E1_A20,chease_public,1088,NEO_RT,0.3881818181818182,,2.158463993018023e-09,1.8087946695999335e-09,,,,,,,,,,,,,,
E1_A20,chease_public,1088,NEO_RT,0.4727272727272728,,5.147976973707381e-09,2.210553295967088e-09,,,,,,,,,,,,,,
E1_A20,chease_public,1088,NEO_RT,0.5572727272727274,,8.851228978011782e-09,1.7774105520729222e-09,,,,,,,,,,,,,,
E1_A20,chease_public,1088,NEO_RT,0.641818181818182,,1.0453486150701965e-09,4.3332522015049335e-09,,,,,,,,,,,,,,
E1_A20,chease_public,1088,NEO_RT,0.7263636363636364,,3.5578437529617906e-09,3.4179308272541675e-09,,,,,,,,,,,,,,
E1_A20,chease_public,1088,NEO_RT,0.810909090909091,,4.321026837274201e-09,7.602529605854613e-09,,,,,,,,,,,,,,
E1_A20,chease_public,1088,NEO_RT,0.8954545454545456,,6.953498517595311e-10,7.044449246151885e-09,,,,,,,,,,,,,,
E1_A20,chease_public,1088,NEO_RT,0.9800000000000001,,1.8160529740319072e-09,1.5137575193335806e-08,,,,,,,,,,,,,,
E1_A20,chease_public,1088,NEO_2,0.05,,2.807202345803122e-09,2.2189651227577656e-09,,,,,,,,,,,,,,
E1_A20,chease_public,1088,NEO_2,0.13454545454545455,,8.107752412116157e-09,2.2825399348391784e-09,,,,,,,,,,,,,,
E1_A20,chease_public,1088,NEO_2,0.21909090909090911,,4.184977018765327e-09,5.655123036518717e-09,,,,,,,,,,,,,,
E1_A20,chease_public,1088,NEO_2,0.30363636363636365,,6.373241347848791e-09,5.2342232770286046e-09,,,,,,,,,,,,,,
E1_A20,chease_public,1088,NEO_2,0.3881818181818182,,2.1584488346554028e-09,1.808809435566161e-09,,,,,,,,,,,,,,
E1_A20,chease_public,1088,NEO_2,0.4727272727272728,,5.147973279439076e-09,2.2105524077886685e-09,,,,,,,,,,,,,,
E1_A20,chease_public,1088,NEO_2,0.5572727272727274,,8.851217325410329e-09,1.777407887537663e-09,,,,,,,,,,,,,,
E1_A20,chease_public,1088,NEO_2,0.641818181818182,,1.0453605313322353e-09,4.333257530575452e-09,,,,,,,,,,,,,,
E1_A20,chease_public,1088,NEO_2,0.7263636363636364,,3.557847089215528e-09,3.4179257202282542e-09,,,,,,,,,,,,,,
E1_A20,chease_public,1088,NEO_2,0.810909090909091,,4.321035188003815e-09,7.602528606653891e-09,,,,,,,,,,,,,,
E1_A20,chease_public,1088,NEO_2,0.8954545454545456,,6.953705555181928e-10,7.044448468995768e-09,,,,,,,,,,,,,,
E1_A20,chease_public,1088,NEO_2,0.9800000000000001,,1.8160423907531326e-09,1.5137576081514226e-08,,,,,,,,,,,,,,
E1_A20,chease_public,4224,libneo_Boozer,0.05025,4.6274242093712005e-09,4.588252506964928e-09,1.5958705468221979e-09,9.595189087718836e-10,4.17431020015876e-08,6.24149322673371e-08,1.0759741376670825e-08,1.0670350314367265e-08,5.55552198842282e-07,6.661336010746591e-07,1.1531054499534352e-08,1.1764540236658817e-08,1.0759543892237911e-08,1.0703152781237323e-08,5.871185094347142e-08,5.8776381900438324e-08,1.3110060412269142e-07
E1_A20,chease_public,4224,libneo_Boozer,0.13475,7.439871133268021e-09,7.425655906030264e-09,5.240143874374326e-10,9.595189087718836e-10,3.9492271740506104e-08,6.257907891179862e-08,4.093395863482467e-09,4.545751453000006e-09,1.898026827373961e-07,2.5166128213063605e-07,4.704928780719601e-09,5.075907469471924e-09,4.0957258795298534e-09,4.5660946495458585e-09,5.465704150386941e-08,5.451927420629943e-08,7.426013370892548e-08
E1_A20,chease_public,4224,libneo_Boozer,0.21925,8.207625480003019e-09,8.18725589190687e-09,5.924766899312317e-09,9.595189087718836e-10,1.1740159836471116e-07,1.8115038305229734e-07,1.5087863528126305e-08,1.5014098577832545e-08,2.969116091258951e-07,3.171507802061348e-07,1.57803369954313e-08,1.5748996139369997e-08,1.5085507031339778e-08,1.5080079045070135e-08,1.4095079825526824e-07,1.4105916135154217e-07,1.5062651603781063e-07
E1_A20,chease_public,4224,libneo_Boozer,0.30375,4.455728998727429e-09,4.443460415810637e-09,6.0908855736840906e-09,9.595189087718836e-10,1.0165491630533265e-07,1.5228613684496577e-07,9.012071636975717e-09,9.334846888839484e-09,1.6599943820407258e-07,1.9661479150132434e-07,9.511553779636955e-09,9.888098764935603e-09,9.010352051367996e-09,9.391260905266082e-09,1.0642472497712774e-07,1.0621726304060886e-07,9.636226627751654e-08
E1_A20,chease_public,4224,libneo_Boozer,0.38825,1.0838391556630433e-09,7.745265926130813e-10,1.5968704136781753e-10,9.595189087718836e-10,1.0883061623938935e-07,1.66392658896741e-07,3.6007766680407407e-09,3.825427510944767e-09,1.1932962154139503e-07,1.356101765907146e-07,4.3690517363192475e-09,4.7181913424814645e-09,3.596851244111042e-09,3.782798656957169e-09,1.0140396800029094e-07,1.0159890367900104e-07,8.152733854682737e-08
E1_A20,chease_public,4224,libneo_Boozer,0.47275,4.781532147054169e-09,4.753901898228146e-09,2.2472605998302697e-09,9.595189087718836e-10,7.219259777047304e-08,1.3587352438058195e-07,6.592368138837119e-09,6.706189292204511e-09,5.79170747895332e-08,8.169408355905073e-08,6.722668975094534e-09,6.953332300670356e-09,6.5933099450535975e-09,6.744188508973067e-09,7.130611190397929e-08,7.154011588683673e-08,5.202401409665214e-08
E1_A20,chease_public,4224,libneo_Boozer,0.55725,8.561392573503478e-09,8.551083546185183e-09,1.7912601402159112e-09,9.595189087718836e-10,2.816420934301661e-07,4.218060168985205e-07,2.6626148650201057e-09,2.97689560203226e-09,1.5839993529260106e-07,1.8010421783073034e-07,4.751975398900729e-09,4.908527157816153e-09,2.6599669344897027e-09,2.8969164557664176e-09,1.8695770709342696e-07,1.8671875690046136e-07,1.2506418278768194e-07
E1_A20,chease_public,4224,libneo_Boozer,0.64175,2.321627261527732e-09,2.2768519989661387e-09,2.7784397005348183e-09,9.595189087718836e-10,4.020844503413331e-08,5.987188459708588e-08,2.5049151805796726e-09,2.865610364549461e-09,1.4995995622886525e-08,2.0604078434985623e-08,2.5357581425308905e-09,2.8724984453614826e-09,2.503126493560585e-09,2.8583472872920124e-09,2.1654178117280765e-08,2.1384950477099096e-08,1.3347358329696135e-08
E1_A20,chease_public,4224,libneo_Boozer,0.72625,4.925463573358863e-09,4.909471115628605e-09,9.133807044037212e-10,9.595189087718836e-10,9.648030075153887e-08,1.5072968568621135e-07,4.4251199309846704e-09,4.646160647896475e-09,1.3561610842608054e-08,2.0098282436071933e-08,4.4400377163912795e-09,4.648898145202822e-09,4.4257710763718845e-09,4.636779067634477e-09,4.1082091062349946e-08,4.1385976423669035e-08,2.4281758381761165e-08
E1_A20,chease_public,4224,libneo_Boozer,0.81075,5.949931491452238e-09,5.931001026344677e-09,7.604477714195923e-09,9.595189087718836e-10,7.136179609452823e-07,1.1439735191259438e-06,9.7241334825845e-10,1.6277910996900037e-09,1.1619515114465099e-07,1.144434866428392e-07,3.6156305473501977e-09,3.7205414776482143e-09,9.20149144967453e-10,1.527337946787041e-09,2.1650802750627918e-07,2.1626699930887838e-07,1.2009275529578645e-07
E1_A20,chease_public,4224,libneo_Boozer,0.89525,3.2247537923528505e-09,3.140996356868682e-09,7.188195705332134e-09,9.595189087718836e-10,2.5061845867077415e-07,5.270082638705184e-07,3.800210013043619e-09,3.7316428052314056e-09,3.244001468702786e-08,4.085371237848026e-08,3.933319875181755e-09,3.796941175227554e-09,3.792253651128758e-09,3.736138133716217e-09,5.511319278728166e-08,5.548185799675309e-08,2.9318978023162856e-08
E1_A20,chease_public,4224,libneo_Boozer,0.97975,5.780198511109267e-09,5.748332904756599e-09,2.9251296940202565e-09,9.595189087718836e-10,2.9749865918695035e-06,5.039664163288457e-06,3.7097059359764948e-09,3.987244486894077e-09,6.429900459263487e-08,1.5734229201101302e-07,4.270133109647782e-09,6.176370791089488e-09,3.7176122313923705e-09,4.064493403570467e-09,1.0200777833535568e-07,1.0141965933740948e-07,5.123119972694212e-08
E1_A20,chease_public,4224,NEO_RT,0.05,,2.718690288011525e-09,7.347985331307427e-09,,,,,,,,,,,,,,
E1_A20,chease_public,4224,NEO_RT,0.13454545454545455,,8.081657453247753e-09,3.1768095931639095e-09,,,,,,,,,,,,,,
E1_A20,chease_public,4224,NEO_RT,0.21909090909090911,,4.015976461089976e-09,4.188233315716161e-09,,,,,,,,,,,,,,
E1_A20,chease_public,4224,NEO_RT,0.30363636363636365,,6.419624891785837e-09,6.2268930012265855e-09,,,,,,,,,,,,,,
E1_A20,chease_public,4224,NEO_RT,0.3881818181818182,,1.857925353732515e-09,1.8087936703992114e-09,,,,,,,,,,,,,,
E1_A20,chease_public,4224,NEO_RT,0.4727272727272728,,5.040299682581775e-09,2.2113701980686074e-09,,,,,,,,,,,,,,
E1_A20,chease_public,4224,NEO_RT,0.5572727272727274,,8.799895929060638e-09,1.7661301310312183e-09,,,,,,,,,,,,,,
E1_A20,chease_public,4224,NEO_RT,0.641818181818182,,6.563370782987945e-10,2.3211998989580707e-09,,,,,,,,,,,,,,
E1_A20,chease_public,4224,NEO_RT,0.7263636363636364,,3.4925327943921615e-09,3.383870961215507e-09,,,,,,,,,,,,,,
E1_A20,chease_public,4224,NEO_RT,0.810909090909091,,4.2839862129883646e-09,4.661357522195431e-09,,,,,,,,,,,,,,
E1_A20,chease_public,4224,NEO_RT,0.8954545454545456,,1.0422079735984252e-09,7.044437588810126e-09,,,,,,,,,,,,,,
E1_A20,chease_public,4224,NEO_RT,0.9800000000000001,,1.2649130884020618e-09,7.411039448790291e-09,,,,,,,,,,,,,,
E1_A20,chease_public,4224,NEO_2,0.05,,2.7186624374924006e-09,7.347982222682958e-09,,,,,,,,,,,,,,
E1_A20,chease_public,4224,NEO_2,0.13454545454545455,,8.081659775396373e-09,3.1768095931639095e-09,,,,,,,,,,,,,,
E1_A20,chease_public,4224,NEO_2,0.21909090909090911,,4.0159501452611774e-09,4.1882382006974694e-09,,,,,,,,,,,,,,
E1_A20,chease_public,4224,NEO_2,0.30363636363636365,,6.419626355420397e-09,6.226893889405005e-09,,,,,,,,,,,,,,
E1_A20,chease_public,4224,NEO_2,0.3881818181818182,,1.8579095894386586e-09,1.8088029962726182e-09,,,,,,,,,,,,,,
E1_A20,chease_public,4224,NEO_2,0.4727272727272728,,5.040297232767046e-09,2.2113693098901877e-09,,,,,,,,,,,,,,
E1_A20,chease_public,4224,NEO_2,0.5572727272727274,,8.799888240100004e-09,1.7661271334290518e-09,,,,,,,,,,,,,,
E1_A20,chease_public,4224,NEO_2,0.641818181818182,,6.563573645267745e-10,2.3212034516717495e-09,,,,,,,,,,,,,,
E1_A20,chease_public,4224,NEO_2,0.7263636363636364,,3.4925389048056754e-09,3.3838671864572234e-09,,,,,,,,,,,,,,
E1_A20,chease_public,4224,NEO_2,0.810909090909091,,4.283992487734354e-09,4.661355523793986e-09,,,,,,,,,,,,,,
E1_A20,chease_public,4224,NEO_2,0.8954545454545456,,1.0422403915185897e-09,7.044435923475589e-09,,,,,,,,,,,,,,
E1_A20,chease_public,4224,NEO_2,0.9800000000000001,,1.264909080335272e-09,7.411038782656476e-09,,,,,,,,,,,,,,
E1_A20,chease_public,16640,libneo_Boozer,0.05025,4.564874200833253e-09,4.556814030091307e-09,1.3416962540979682e-08,1.115372016968763e-09,4.138520883885739e-08,6.17780241248513e-08,1.0760977519218847e-08,1.0670665243746698e-08,5.554777441936511e-07,6.393543554855706e-07,1.1532008019665236e-08,1.1638058737398075e-08,1.0759944908152549e-08,1.0701363931560455e-08,5.7978047314499737e-08,5.80951059411805e-08,1.295810198587155e-07
E1_A20,chease_public,16640,libneo_Boozer,0.13475,7.410670112105222e-09,7.411039411249922e-09,5.240143874374326e-10,1.115372016968763e-09,4.062601266297862e-08,6.36142806324619e-08,4.093532401229654e-09,4.5454945082254195e-09,1.8962814297830854e-07,2.571801321990149e-07,4.703995837981154e-09,4.956536555377e-09,4.095822805096887e-09,4.5665457087598174e-09,5.5670121706929976e-08,5.548289586099209e-08,7.557267284186153e-08
E1_A20,chease_public,16640,libneo_Boozer,0.21925,8.195570534417461e-09,8.181214052253483e-09,5.924766899312317e-09,1.115372016968763e-09,1.1765532317343414e-07,1.8060309962963483e-07,1.508786718747149e-08,1.50136062737416e-08,2.9706860911113176e-07,3.2767705905783965e-07,1.5781058780928325e-08,1.572134947758955e-08,1.5085507422723894e-08,1.5081083651293028e-08,1.4041759366367756e-07,1.4060686054362392e-07,1.50143537935854e-07
E1_A20,chease_public,16640,libneo_Boozer,0.30375,4.4346996193729e-09,4.432924875143946e-09,6.0908855736840906e-09,1.115372016968763e-09,1.034763980014192e-07,1.5381354906545421e-07,9.012144263562096e-09,9.333539506204718e-09,1.6569122848739645e-07,1.7783257466309587e-07,9.509812684455692e-09,9.85831491710033e-09,9.010383473875462e-09,9.384468593683831e-09,1.0758249296971556e-07,1.0732218153064466e-07,9.73646688828822e-08
E1_A20,chease_public,16640,libneo_Boozer,0.38825,8.869783769288592e-10,6.370290057664792e-10,1.5968704136781753e-10,1.115372016968763e-09,1.1062656641093462e-07,1.6969564066948982e-07,3.600661322995811e-09,3.82911000191906e-09,1.192897462401272e-07,1.3358942772828656e-07,4.368488020772816e-09,4.613542262308419e-09,3.5967755601628993e-09,3.777192695725607e-09,1.0334109162846161e-07,1.0358992297287983e-07,8.312501820206819e-08
E1_A20,chease_public,16640,libneo_Boozer,0.47275,4.751714375395397e-09,4.738921300138789e-09,2.2472605998302697e-09,1.115372016968763e-09,7.21862053507536e-08,1.3578814669720618e-07,6.5923740900185246e-09,6.712711633905217e-09,5.7916191428958004e-08,8.242019698504716e-08,6.722670820017185e-09,6.966808725560355e-09,6.59332047091453e-09,6.751584671565237e-09,7.118955835938579e-08,7.147941766261212e-08,5.19798742937283e-08
E1_A20,chease_public,16640,libneo_Boozer,0.55725,8.543995949846063e-09,8.54237301839978e-09,1.7912601402159112e-09,1.115372016968763e-09,2.816475218368811e-07,4.219769612679566e-07,2.6626149418621257e-09,2.977419083391453e-09,1.5839939262438502e-07,1.796910789107147e-07,4.7519642699991885e-09,4.897295191001915e-09,2.6599670886396328e-09,2.8979847045036918e-09,1.8709344873357736e-07,1.8680446212115953e-07,1.2512158809041551e-07
E1_A20,chease_public,16640,libneo_Boozer,0.64175,2.2596773057539363e-09,2.2454491593755e-09,2.7784397005348183e-09,1.115372016968763e-09,4.0160980050919894e-08,5.977454865080067e-08,2.5049158355285777e-09,2.8649775257547107e-09,1.4991264498571692e-08,2.1010115918340844e-08,2.5357388938268204e-09,2.872662780489724e-09,2.503126609651029e-09,2.857682355085005e-09,2.166793189317673e-08,2.133944509985497e-08,1.3318956271213267e-08
E1_A20,chease_public,16640,libneo_Boozer,0.72625,4.897257016699696e-09,4.895328881644537e-09,9.133807044037212e-10,1.115372016968763e-09,9.671971104206104e-08,1.4882838732625278e-07,4.4251624732471605e-09,4.66359289150069e-09,1.3559997144105513e-08,1.933170203027848e-08,4.440076115383608e-09,4.6651705689076255e-09,4.425826145219687e-09,4.654985306275465e-09,4.05246860513131e-08,4.088939209445641e-08,2.399040499589944e-08
E1_A20,chease_public,16640,libneo_Boozer,0.81075,5.926886581872091e-09,5.9194409190379165e-09,7.604477714195923e-09,1.115372016968763e-09,7.135853551754797e-07,1.1442409635830986e-06,9.72411068784171e-10,1.6268030231181289e-09,1.1619564759985412e-07,1.1427426035633358e-07,3.615644266585917e-09,3.7077874500082793e-09,9.201480238904395e-10,1.5275957733892486e-09,2.1658429483206731e-07,2.1630316127119187e-07,1.2011283601065514e-07
E1_A20,chease_public,16640,libneo_Boozer,0.89525,3.181583560750411e-09,3.118878586797982e-09,7.839342730520116e-09,1.115372016968763e-09,2.4586086308052124e-07,5.174195256307939e-07,3.785323265777443e-09,3.710236086700102e-09,3.412838013156134e-08,5.463263974506803e-08,3.933149405788957e-09,3.882607984950717e-09,3.792206356631426e-09,3.7278217493077605e-09,5.409508152531828e-08,5.450887496927237e-08,2.8804812424176873e-08
E1_A20,chease_public,16640,libneo_Boozer,0.97975,5.762132697104964e-09,5.739260140608648e-09,1.795414306116072e-08,1.115372016968763e-09,2.9784112283720683e-06,5.1708299494946865e-06,3.6933940657062563e-09,3.9748336737364845e-09,6.599561460570763e-08,1.6001843979916344e-07,4.284078268726223e-09,6.236523999875711e-09,3.7177539897376114e-09,4.064314144681396e-09,1.0466515099061269e-07,1.0406127159967582e-07,5.25655857730456e-08
E1_A20,chease_public,16640,NEO_RT,0.05,,2.665718865229541e-09,1.9192645472898562e-08,,,,,,,,,,,,,,
E1_A20,chease_public,16640,NEO_RT,0.13454545454545455,,8.068122144642062e-09,3.1654637799860552e-09,,,,,,,,,,,,,,
E1_A20,chease_public,16640,NEO_RT,0.21909090909090911,,4.004240811242442e-09,4.343544190987814e-09,,,,,,,,,,,,,,
E1_A20,chease_public,16640,NEO_RT,0.30363636363636365,,6.412231340265611e-09,5.23996734891341e-09,,,,,,,,,,,,,,
E1_A20,chease_public,16640,NEO_RT,0.3881818181818182,,1.8047760005577532e-09,1.8087797926114035e-09,,,,,,,,,,,,,,
E1_A20,chease_public,16640,NEO_RT,0.4727272727272728,,5.0261763157393096e-09,2.2113701980686074e-09,,,,,,,,,,,,,,
E1_A20,chease_public,16640,NEO_RT,0.5572727272727274,,8.791438637507984e-09,1.7661301310312183e-09,,,,,,,,,,,,,,
E1_A20,chease_public,16640,NEO_RT,0.641818181818182,,5.37325859984003e-10,2.3211998989580707e-09,,,,,,,,,,,,,,
E1_A20,chease_public,16640,NEO_RT,0.7263636363636364,,3.472637849988725e-09,3.383870961215507e-09,,,,,,,,,,,,,,
E1_A20,chease_public,16640,NEO_RT,0.810909090909091,,4.267959343375866e-09,4.661843355791007e-09,,,,,,,,,,,,,,
E1_A20,chease_public,16640,NEO_RT,0.8954545454545456,,9.734687263935354e-10,3.6905614120286145e-09,,,,,,,,,,,,,,
E1_A20,chease_public,16640,NEO_RT,0.9800000000000001,,1.2180911882490508e-09,1.6440448780130623e-08,,,,,,,,,,,,,,
E1_A20,chease_public,16640,NEO_2,0.05,,2.6656906471502494e-09,1.9192649247656846e-08,,,,,,,,,,,,,,
E1_A20,chease_public,16640,NEO_2,0.13454545454545455,,8.06812448451774e-09,3.165468775989666e-09,,,,,,,,,,,,,,
E1_A20,chease_public,16640,NEO_2,0.21909090909090911,,4.004224032347527e-09,4.343548187790702e-09,,,,,,,,,,,,,,
E1_A20,chease_public,16640,NEO_2,0.30363636363636365,,6.412231957486482e-09,5.239959577352238e-09,,,,,,,,,,,,,,
E1_A20,chease_public,16640,NEO_2,0.3881818181818182,,1.80475816167384e-09,1.808791449953162e-09,,,,,,,,,,,,,,
E1_A20,chease_public,16640,NEO_2,0.4727272727272728,,5.026178025893284e-09,2.211368643756373e-09,,,,,,,,,,,,,,
E1_A20,chease_public,16640,NEO_2,0.5572727272727274,,8.791431436659089e-09,1.7661212492470213e-09,,,,,,,,,,,,,,
E1_A20,chease_public,16640,NEO_2,0.641818181818182,,5.373486958780712e-10,2.3211998989580707e-09,,,,,,,,,,,,,,
E1_A20,chease_public,16640,NEO_2,0.7263636363636364,,3.472642487879792e-09,3.383871627349322e-09,,,,,,,,,,,,,,
E1_A20,chease_public,16640,NEO_2,0.810909090909091,,4.267965692389897e-09,4.661843355791007e-09,,,,,,,,,,,,,,
E1_A20,chease_public,16640,NEO_2,0.8954545454545456,,9.735037660786627e-10,3.690565852920713e-09,,,,,,,,,,,,,,
E1_A20,chease_public,16640,NEO_2,0.9800000000000001,,1.2180990177833375e-09,1.6440442451859383e-08,,,,,,,,,,,,,,
E1_A20,chease_public,66048,libneo_Boozer,0.05025,4.564824181183041e-09,4.556788968673723e-09,1.3416962540979682e-08,2.447393399052089e-10,4.1222478680761654e-08,6.084279344292506e-08,1.076097797317328e-08,1.0669938027411132e-08,5.553775394235046e-07,6.313431849166106e-07,1.1531739484629121e-08,1.1620966271805196e-08,1.0759945395502033e-08,1.0699709361099886e-08,5.774885036835542e-08,5.777121230704507e-08,1.2885857594846506e-07
E1_A20,chease_public,66048,libneo_Boozer,0.13475,7.411414326316528e-09,7.411411546810076e-09,5.240143874374326e-10,2.447393399052089e-10,4.0281163629972626e-08,6.443120934721014e-08,4.093491782134019e-09,4.536064311652403e-09,1.895212862721498e-07,2.6734508370358366e-07,4.703316970575511e-09,5.073466150573467e-09,4.095797840715982e-09,4.556013713423811e-09,5.577656397859343e-08,5.5660490189124445e-08,7.581457223126975e-08
E1_A20,chease_public,66048,libneo_Boozer,0.21925,8.194156951140814e-09,8.180505845132597e-09,5.924766899312317e-09,2.447393399052089e-10,1.1802979451168821e-07,1.8086903908711277e-07,1.508787387284939e-08,1.501458564918982e-08,2.970959023445783e-07,3.1514244547646363e-07,1.5781190075205635e-08,1.5771163306976226e-08,1.508550987110039e-08,1.5081434110539984e-08,1.4116689345256006e-07,1.4126982694762091e-07,1.508514699821717e-07
E1_A20,chease_public,66048,libneo_Boozer,0.30375,4.431327963187454e-09,4.431238250894754e-09,6.0908855736840906e-09,2.447393399052089e-10,1.0227585480227912e-07,1.5312555325028782e-07,9.012098053864352e-09,9.330459085123516e-09,1.6567470888407974e-07,1.896338338119652e-07,9.509671985291878e-09,9.850467560190653e-09,9.010365989557872e-09,9.385002891437521e-09,1.0662051685983442e-07,1.0642396308657709e-07,9.654978849749085e-08
E1_A20,chease_public,66048,libneo_Boozer,0.38825,8.835480602994088e-10,6.346398346646595e-10,1.5968704136781753e-10,2.447393399052089e-10,1.0989245857267626e-07,1.6719134393966932e-07,3.6007494237983124e-09,3.875990037552196e-09,1.1930091465182912e-07,1.377185042016635e-07,4.368691866315748e-09,4.751761802518857e-09,3.596843622482339e-09,3.816813107027893e-09,1.0223383045682155e-07,1.0244938103420864e-07,8.220979819117957e-08
E1_A20,chease_public,66048,libneo_Boozer,0.47275,4.751350483939699e-09,4.738738709278509e-09,2.2472605998302697e-09,2.447393399052089e-10,7.202260909208472e-08,1.3527386552817153e-07,6.592369839014938e-09,6.709207430080706e-09,5.791646753204324e-08,8.136736065479243e-08,6.722667900027142e-09,6.957094318349446e-09,6.593313159560745e-09,6.747588153154635e-09,7.128423645808013e-08,7.153324044217868e-08,5.201901431828304e-08
E1_A20,chease_public,66048,libneo_Boozer,0.55725,8.543963307014197e-09,8.542356685487589e-09,1.7912601402159112e-09,2.447393399052089e-10,2.82049330626385e-07,4.2243998389182697e-07,2.6625961546250757e-09,2.9793473848757855e-09,1.584024987993528e-07,1.7720450893506807e-07,4.752017696914801e-09,4.849379204291385e-09,2.6599697709417314e-09,2.8995622496159663e-09,1.869912608087887e-07,1.867280149392414e-07,1.2507038382736368e-07
E1_A20,chease_public,66048,libneo_Boozer,0.64175,2.259256453868236e-09,2.2452372132650264e-09,2.7784397005348183e-09,2.447393399052089e-10,4.114852951135697e-08,6.091477757185432e-08,2.504969679399735e-09,2.8637705486182896e-09,1.5020008355181406e-08,2.0611334016656508e-08,2.5359130103070368e-09,2.8722044054481315e-09,2.503154269754026e-09,2.856196385968318e-09,2.1827769924875895e-08,2.15249708057641e-08,1.3434751644503251e-08
E1_A20,chease_public,66048,libneo_Boozer,0.72625,4.897189020873049e-09,4.8952948409547956e-09,9.133807044037212e-10,2.447393399052089e-10,9.579282073772591e-08,1.482340971070524e-07,4.4251692310038255e-09,4.662802252085923e-09,1.3558079368229646e-08,1.9146349535400176e-08,4.440078132047654e-09,4.6660666201040614e-09,4.425822677538089e-09,4.6531397652020935e-09,4.055194269270146e-08,4.089859395595141e-08,2.399580389944589e-08
E1_A20,chease_public,66048,libneo_Boozer,0.81075,5.926746393469494e-09,5.919370669691737e-09,7.421586345479625e-09,2.447393399052089e-10,7.137355942155412e-07,1.1454185838136182e-06,9.626777060899728e-10,1.6148217746800744e-09,1.1660569131143352e-07,1.2825428298655062e-07,3.6248882375818205e-09,3.809492308386019e-09,9.201492206835617e-10,1.528425232935649e-09,2.1667579619411015e-07,2.163863713766645e-07,1.2015904238271702e-07
E1_A20,chease_public,66048,libneo_Boozer,0.89525,3.1813231346395126e-09,3.11874572032583e-09,7.188195705332134e-09,2.447393399052089e-10,2.4538745809695175e-07,5.15796795638731e-07,3.800219504310644e-09,3.712380366427897e-09,3.242379940495635e-08,4.012368521834098e-08,3.933196427735393e-09,3.809666819287575e-09,3.792205699186804e-09,3.7183873121175723e-09,5.399783697956906e-08,5.442000150512882e-08,2.8757847880811482e-08
E1_A20,chease_public,66048,libneo_Boozer,0.97975,5.763279486349769e-09,5.7398365504850286e-09,1.795414306116072e-08,2.447393399052089e-10,2.9840082126168846e-06,5.198470658578827e-06,3.6933929832665344e-09,3.973860286002256e-09,6.610740618432526e-08,1.5808430503568414e-07,4.285947556148229e-09,6.18308039436905e-09,3.7177992696171076e-09,4.066330732581144e-09,1.0521051940770576e-07,1.0458665600232564e-07,5.2830978813922513e-08
E1_A20,chease_public,66048,NEO_RT,0.05,,2.6656009243461905e-09,7.889999986687712e-09,,,,,,,,,,,,,,
E1_A20,chease_public,66048,NEO_RT,0.13454545454545455,,8.068423557610783e-09,2.293707002110068e-09,,,,,,,,,,,,,,
E1_A20,chease_public,66048,NEO_RT,0.21909090909090911,,4.002810940621234e-09,7.456805617422901e-09,,,,,,,,,,,,,,
E1_A20,chease_public,66048,NEO_RT,0.30363636363636365,,6.411136730650178e-09,5.240017530994123e-09,,,,,,,,,,,,,,
E1_A20,chease_public,66048,NEO_RT,0.3881818181818182,,1.8039666318682906e-09,1.8084593822464967e-09,,,,,,,,,,,,,,
E1_A20,chease_public,66048,NEO_RT,0.4727272727272728,,5.026003915895648e-09,2.2113701980686074e-09,,,,,,,,,,,,,,
E1_A20,chease_public,66048,NEO_RT,0.5572727272727274,,8.791422739509514e-09,1.7661301310312183e-09,,,,,,,,,,,,,,
E1_A20,chease_public,66048,NEO_RT,0.641818181818182,,5.364297228523364e-10,2.3211998989580707e-09,,,,,,,,,,,,,,
E1_A20,chease_public,66048,NEO_RT,0.7263636363636364,,3.4725881693949155e-09,3.383871183260112e-09,,,,,,,,,,,,,,
E1_A20,chease_public,66048,NEO_RT,0.810909090909091,,4.267861088471598e-09,7.6025334916352e-09,,,,,,,,,,,,,,
E1_A20,chease_public,66048,NEO_RT,0.8954545454545456,,9.730315179822735e-10,7.044437588810126e-09,,,,,,,,,,,,,,
E1_A20,chease_public,66048,NEO_RT,0.9800000000000001,,1.2201627340116424e-09,1.4525680880339564e-08,,,,,,,,,,,,,,
E1_A20,chease_public,66048,NEO_2,0.05,,2.6655728188867573e-09,7.889998876464688e-09,,,,,,,,,,,,,,
E1_A20,chease_public,66048,NEO_2,0.13454545454545455,,8.068425902046683e-09,2.2937109989129567e-09,,,,,,,,,,,,,,
E1_A20,chease_public,66048,NEO_2,0.21909090909090911,,4.00279067023557e-09,7.456804507199877e-09,,,,,,,,,,,,,,
E1_A20,chease_public,66048,NEO_2,0.30363636363636365,,6.411143201840401e-09,5.2400139782804445e-09,,,,,,,,,,,,,,
E1_A20,chease_public,66048,NEO_2,0.3881818181818182,,1.8039481484729607e-09,1.8084782560379153e-09,,,,,,,,,,,,,,
E1_A20,chease_public,66048,NEO_2,0.4727272727272728,,5.026005805760919e-09,2.211371752380842e-09,,,,,,,,,,,,,,
E1_A20,chease_public,66048,NEO_2,0.5572727272727274,,8.791417048145291e-09,1.7661244688937927e-09,,,,,,,,,,,,,,
E1_A20,chease_public,66048,NEO_2,0.641818181818182,,5.364546014940514e-10,2.3212030075825396e-09,,,,,,,,,,,,,,
E1_A20,chease_public,66048,NEO_2,0.7263636363636364,,3.472595808281202e-09,3.3838727375723465e-09,,,,,,,,,,,,,,
E1_A20,chease_public,66048,NEO_2,0.810909090909091,,4.267868094068397e-09,7.602529383810008e-09,,,,,,,,,,,,,,
E1_A20,chease_public,66048,NEO_2,0.8954545454545456,,9.730666232003825e-10,7.044438921077756e-09,,,,,,,,,,,,,,
E1_A20,chease_public,66048,NEO_2,0.9800000000000001,,1.220170528963042e-09,1.4525674996157534e-08,,,,,,,,,,,,,,
E2_A40,chease_public,1088,libneo_Boozer,0.05025,6.194157137975598e-09,6.117708629276641e-09,6.467658075770544e-09,1.0395266869522857e-09,7.067269464439597e-08,1.4634963511424858e-07,1.1153513748723344e-08,1.1148031142380314e-08,3.3102369115990863e-06,7.331168366391039e-06,1.66625252405034e-08,2.9451842770854193e-08,1.1153181103055846e-08,1.1142085143667009e-08,1.384447758032148e-07,1.3808134875781253e-07,3.0799005507065047e-07
E2_A40,chease_public,1088,libneo_Boozer,0.13475,7.98224250772513e-09,7.877674766522725e-09,1.881893019195502e-08,1.0395266869522857e-09,5.2672243567071675e-08,1.1757821417853176e-07,8.090939362077672e-09,8.179737926487745e-09,2.5960567251475426e-06,5.862753406251468e-06,1.7835669653654745e-08,3.6584711252187626e-08,8.09162385719884e-09,8.196728986763138e-09,1.0221338367366606e-07,1.020893883041385e-07,1.390549013158271e-07
E2_A40,chease_public,1088,libneo_Boozer,0.21925,5.585069521289713e-09,5.41310312877813e-09,3.4195803966241556e-09,1.0395266869522857e-09,1.5109429567347156e-07,3.3130021738900147e-07,8.99154407274125e-09,8.924733725121172e-09,2.2012851968579166e-06,4.906801719187438e-06,1.9398513929459782e-08,3.90253270884669e-08,8.990705000806039e-09,8.96015592151809e-09,2.590440897898283e-07,2.588618079335525e-07,2.7641926730881394e-07
E2_A40,chease_public,1088,libneo_Boozer,0.30375,5.5607307634549764e-09,5.3900255428544785e-09,3.167957007832456e-10,1.0395266869522857e-09,2.537807147838956e-07,5.19711949018318e-07,1.0414318878620762e-08,1.0287924852719653e-08,1.873850129131409e-06,4.137113480064529e-06,2.012350870775757e-08,3.901917992573754e-08,1.0413022389818895e-08,1.0331835391184235e-08,3.621218930827119e-07,3.618212818246036e-07,3.2825103057909644e-07
E2_A40,chease_public,1088,libneo_Boozer,0.38825,7.914685126209078e-09,7.805336246586945e-09,1.8353811803706321e-09,1.0395266869522857e-09,2.917836155333613e-07,6.122998270098386e-07,1.2350224161969107e-08,1.2437842306282678e-08,1.5683904863814963e-06,3.4726435320759115e-06,2.0443041923829934e-08,3.777121767990276e-08,1.2348918343218555e-08,1.2470224166942498e-08,3.7475802439068673e-07,3.744774601521783e-07,3.0049694388356585e-07
E2_A40,chease_public,1088,libneo_Boozer,0.47275,6.424218193779743e-09,6.311324741278833e-09,7.012841307663109e-09,1.0395266869522857e-09,2.1771181229076472e-07,5.00310076549006e-07,4.09770253812797e-09,4.548399622810837e-09,1.2852164272766803e-06,2.8916889834095685e-06,1.5287851758377512e-08,3.3041498979017903e-08,4.096501062816317e-09,4.5365105855283295e-09,2.633449466826754e-07,2.635185727406508e-07,1.916308406402223e-07
E2_A40,chease_public,1088,libneo_Boozer,0.55725,1.9748267042996373e-09,1.654930241535917e-09,3.757769428958113e-09,1.0395266869522857e-09,3.056700171670032e-07,7.003052973453521e-07,1.2636909328216874e-09,1.8953107619836236e-09,1.0483486565140883e-06,2.340467770402451e-06,1.3102330647833855e-08,2.87249346992823e-08,1.2577163793692509e-09,1.877325661977259e-09,3.1011592682705924e-07,3.099681502582996e-07,2.0761661112533858e-07
E2_A40,chease_public,1088,libneo_Boozer,0.64175,7.830808097610643e-09,7.756452340340078e-09,1.0866767929940124e-08,1.0395266869522857e-09,9.008936967305284e-07,1.6418980738594274e-06,4.3711163412112127e-10,4.962047964747011e-10,8.962235715680599e-07,1.8588070589748874e-06,1.197013855714678e-08,2.4456980751108513e-08,4.374103430192604e-10,5.016287497624712e-10,5.879843859579736e-07,5.880367515143092e-07,3.67021609104512e-07
E2_A40,chease_public,1088,libneo_Boozer,0.72625,4.833957098233071e-09,4.765581045222707e-09,5.808570624488141e-09,1.0395266869522857e-09,3.5819541213265965e-07,9.228232566742706e-07,3.4823003124010458e-09,4.001072395677782e-09,6.253514515169006e-07,1.3778044302829308e-06,9.536086778466587e-09,1.945053729775608e-08,3.4852128981894012e-09,4.050343059060415e-09,2.522571234120363e-07,2.52474287809612e-07,1.4813035031924215e-07
E2_A40,chease_public,1088,libneo_Boozer,0.81075,1.1827659788262509e-09,9.596329286967707e-10,3.860400443755907e-09,1.0395266869522857e-09,1.1173291765775054e-06,2.0018624302150622e-06,5.10506326230216e-09,5.109220980910126e-09,4.912297557789809e-07,9.71663490060059e-07,8.962485606845128e-09,1.5216628612798473e-08,5.102070727067078e-09,5.251399470464528e-09,3.7861046886522587e-07,3.7881197578748527e-07,2.1035375874500772e-07
E2_A40,chease_public,1088,libneo_Boozer,0.89525,1.379355098314279e-09,1.1757003538468418e-09,3.118153069081586e-09,1.0395266869522857e-09,3.925449616633265e-06,6.1760827360973276e-06,7.225120423591811e-09,7.510906807180624e-09,4.642760765818551e-07,8.268082976982115e-07,1.0281088583569921e-08,1.4377451503259378e-08,7.215712802492422e-09,7.499101738601438e-09,6.462269565021828e-07,6.470221978194246e-07,3.4191404552075255e-07
E2_A40,chease_public,1088,libneo_Boozer,0.97975,1.1862178350330165e-09,8.45943039933654e-10,7.772390286930886e-09,1.0395266869522857e-09,1.905777440579704e-05,2.927640187564875e-05,6.361281068498975e-09,6.713324822230748e-09,3.804522107129312e-07,6.934635114226184e-07,8.931143207657833e-09,1.3071260690342424e-08,6.361456340722548e-09,6.875318295572347e-09,5.922126438129283e-07,5.923179821065716e-07,2.992039698224147e-07
E2_A40,chease_public,1088,NEO_RT,0.05,,6.396502975740308e-09,5.39619016137749e-09,,,,,,,,,,,,,,
E2_A40,chease_public,1088,NEO_RT,0.13454545454545455,,6.744995823619542e-09,1.9270909423774185e-08,,,,,,,,,,,,,,
E2_A40,chease_public,1088,NEO_RT,0.21909090909090911,,4.950317267835872e-09,4.007035370179324e-09,,,,,,,,,,,,,,
E2_A40,chease_public,1088,NEO_RT,0.30363636363636365,,5.0744803708029205e-09,1.9702336429006095e-09,,,,,,,,,,,,,,
E2_A40,chease_public,1088,NEO_RT,0.3881818181818182,,7.3107053301334325e-09,2.6040993805764856e-09,,,,,,,,,,,,,,
E2_A40,chease_public,1088,NEO_RT,0.4727272727272728,,6.319168023169229e-09,7.301504068024656e-09,,,,,,,,,,,,,,
E2_A40,chease_public,1088,NEO_RT,0.5572727272727274,,1.6897236711123977e-09,4.052839397417074e-09,,,,,,,,,,,,,,
E2_A40,chease_public,1088,NEO_RT,0.641818181818182,,7.721345665666928e-09,9.584448124044798e-09,,,,,,,,,,,,,,
E2_A40,chease_public,1088,NEO_RT,0.7263636363636364,,4.953487094180913e-09,7.001203394807476e-09,,,,,,,,,,,,,,
E2_A40,chease_public,1088,NEO_RT,0.810909090909091,,1.0947513005139684e-09,3.239099433116621e-09,,,,,,,,,,,,,,
E2_A40,chease_public,1088,NEO_RT,0.8954545454545456,,9.884332965739214e-10,2.3721227204731576e-09,,,,,,,,,,,,,,
E2_A40,chease_public,1088,NEO_RT,0.9800000000000001,,9.438657149691842e-10,5.441633366132237e-09,,,,,,,,,,,,,,
E2_A40,chease_public,1088,NEO_2,0.05,,6.396496209710664e-09,5.396188607065255e-09,,,,,,,,,,,,,,
E2_A40,chease_public,1088,NEO_2,0.13454545454545455,,6.744993784099533e-09,1.9270912643420957e-08,,,,,,,,,,,,,,
E2_A40,chease_public,1088,NEO_2,0.21909090909090911,,4.950316371585169e-09,4.007043363785101e-09,,,,,,,,,,,,,,
E2_A40,chease_public,1088,NEO_2,0.30363636363636365,,5.074474811556959e-09,1.9702367515250785e-09,,,,,,,,,,,,,,
E2_A40,chease_public,1088,NEO_2,0.3881818181818182,,7.3107106272359735e-09,2.6040936074167575e-09,,,,,,,,,,,,,,
E2_A40,chease_public,1088,NEO_2,0.4727272727272728,,6.319175395354642e-09,7.301497739753415e-09,,,,,,,,,,,,,,
E2_A40,chease_public,1088,NEO_2,0.5572727272727274,,1.6897159033103017e-09,4.052845170576802e-09,,,,,,,,,,,,,,
E2_A40,chease_public,1088,NEO_2,0.641818181818182,,7.721350951571645e-09,9.584445237464934e-09,,,,,,,,,,,,,,
E2_A40,chease_public,1088,NEO_2,0.7263636363636364,,4.953493486351566e-09,7.001196289380118e-09,,,,,,,,,,,,,,
E2_A40,chease_public,1088,NEO_2,0.810909090909091,,1.0947559470139326e-09,3.239099655161226e-09,,,,,,,,,,,,,,
E2_A40,chease_public,1088,NEO_2,0.8954545454545456,,9.884322585955602e-10,2.3721205000271084e-09,,,,,,,,,,,,,,
E2_A40,chease_public,1088,NEO_2,0.9800000000000001,,9.438225778591936e-10,5.44163980542578e-09,,,,,,,,,,,,,,
E2_A20,chease_public,1088,libneo_Boozer,0.05025,5.697713940383855e-09,4.039318214462385e-09,3.428953609940777e-08,7.492466647107676e-10,5.728068892219946e-08,1.650815389974942e-07,4.748759410910241e-09,4.866813819879378e-09,6.87970880444226e-06,1.6399751663827735e-05,5.1819066644982386e-08,1.221743252135914e-07,4.74672447845649e-09,4.9899963471001596e-09,1.5712643656323744e-07,1.5614585529427627e-07,3.4828285414012505e-07
E2_A20,chease_public,1088,libneo_Boozer,0.13475,9.144948610052281e-09,7.395908963746918e-09,3.009205684634253e-08,7.492466647107676e-10,1.2953994016272459e-07,2.945159162625982e-07,9.98387400645438e-09,1.0093549358113999e-08,5.609510895509878e-06,1.3381432388939636e-05,6.956877141961715e-08,1.62429858283242e-07,9.985854969172376e-09,1.0113362221926056e-08,2.5433045952594213e-07,2.53024751373232e-07,3.446424968744921e-07
E2_A20,chease_public,1088,libneo_Boozer,0.21925,9.398805554251088e-09,7.346598784269708e-09,3.440158158340978e-09,7.492466647107676e-10,1.7216731341282592e-07,4.4827628307829364e-07,5.6639232003874686e-09,5.647864401579739e-09,4.695726374640132e-06,1.1250042730954462e-05,7.368046763001498e-08,1.7322280956290756e-07,5.664536845178618e-09,5.7363574048392355e-09,3.4995031369944307e-07,3.494333659925797e-07,3.731336375989436e-07
E2_A20,chease_public,1088,libneo_Boozer,0.30375,1.2291473347318587e-08,1.0758038783744033e-08,2.3691958839222593e-08,7.492466647107676e-10,2.7974869919194375e-07,7.744511651974958e-07,1.7659823742355698e-09,2.426480485999149e-09,3.9694370720074965e-06,9.513299674719437e-06,7.306231703402973e-08,1.7171300179222925e-07,1.7628796271693305e-09,2.4786476494021176e-09,5.387392711386774e-07,5.384533145469383e-07,4.884945504768368e-07
E2_A20,chease_public,1088,libneo_Boozer,0.38825,1.0422064298895007e-08,8.80904218950321e-09,6.649453987428444e-09,7.492466647107676e-10,2.825063974819589e-07,6.484216910097335e-07,9.915413665972666e-09,9.730210220085103e-09,3.3204894842505953e-06,7.948105623027278e-06,6.973596006149636e-08,1.6194147765128185e-07,9.91477587195674e-09,9.848999617153035e-09,3.9572690785361075e-07,3.945398949767309e-07,3.165959151507636e-07
E2_A20,chease_public,1088,libneo_Boozer,0.47275,1.0390418305355283e-08,8.990116950935022e-09,5.381240564261702e-09,7.492466647107676e-10,3.362575038849934e-07,9.101134511122979e-07,5.130283413424971e-09,5.386536706846429e-09,2.7526259313047682e-06,6.591407730403196e-06,6.330606054849709e-08,1.475854040024168e-07,5.136085083883009e-09,5.448336080705715e-09,4.790301528223573e-07,4.796165786746798e-07,3.4877738097627287e-07
E2_A20,chease_public,1088,libneo_Boozer,0.55725,1.122189480091164e-08,1.0190596538481725e-08,4.854532331677319e-09,7.492466647107676e-10,5.205937696690825e-07,1.3534057885791783e-06,1.5869291847139116e-08,1.5406080164049587e-08,2.2453680919199795e-06,5.353057106610633e-06,5.8050561785961115e-08,1.3058124969221478e-07,1.585387394180657e-08,1.5502399131054036e-08,5.978713597531993e-07,5.987663030948553e-07,4.010533981579911e-07
E2_A20,chease_public,1088,libneo_Boozer,0.64175,7.90198470083815e-09,6.7281530257803625e-09,5.394715230089275e-09,7.492466647107676e-10,4.954577171667297e-07,1.2016544248037709e-06,4.169176683380599e-10,7.819922858264123e-10,1.7730218585156204e-06,4.183163925948005e-06,4.7286686763897495e-08,1.0847316652163338e-07,5.140848525546381e-10,1.2772888234244917e-09,4.2909047193173677e-07,4.293010789080398e-07,2.679471353683738e-07
E2_A20,chease_public,1088,libneo_Boozer,0.72625,5.076656548960607e-09,3.6561857126319564e-09,6.848559053196368e-09,7.492466647107676e-10,4.6707568753339755e-07,1.116027823175364e-06,2.0183502007181965e-09,2.8105735946985023e-09,1.3428181361801254e-06,3.112183711857953e-06,3.812243379407087e-08,8.568176062923616e-08,2.0541535191833684e-09,3.4625674985917064e-09,3.0439207687749104e-07,3.050120827019498e-07,1.7895507575804714e-07
E2_A20,chease_public,1088,libneo_Boozer,0.81075,5.274197194933982e-09,4.3836527941696744e-09,5.6659843483686245e-09,7.492466647107676e-10,5.025268206547033e-07,1.343076460025773e-06,4.621846457528315e-09,5.021741709228683e-09,9.649786827491268e-07,2.1064811754555077e-06,2.9251213146907022e-08,6.120577835714696e-08,4.622868922234697e-09,5.417709444923567e-09,2.533116316705275e-07,2.538562081655371e-07,1.4096596878676593e-07
E2_A20,chease_public,1088,libneo_Boozer,0.89525,7.634541893115685e-09,7.179836878351969e-09,2.0169586001372863e-09,7.492466647107676e-10,5.869672825851065e-07,1.7675787151291156e-06,7.972096802296344e-09,7.831457851536932e-09,6.736889331026556e-07,1.2037166130781915e-06,2.262423017513715e-08,3.733153370245578e-08,7.979843559238153e-09,8.410091304134283e-09,1.8443895177799874e-07,1.8545401225811275e-07,9.800179956442889e-08
E2_A20,chease_public,1088,libneo_Boozer,0.97975,1.0990764381773694e-08,1.062334786573839e-08,6.2574707637708116e-09,7.492466647107676e-10,8.593633524296799e-07,2.1251528707288235e-06,7.2433627955657856e-09,7.179721439633357e-09,5.72376805729073e-07,1.3919114326943935e-06,2.0151852062771693e-08,4.466679625508644e-08,7.273277838008497e-09,8.107697001462973e-09,4.2834071845021526e-08,4.2307833902910374e-08,2.1371409308912348e-08
E2_A20,chease_public,1088,NEO_RT,0.05,,6.98980626731335e-09,3.3563482104703724e-08,,,,,,,,,,,,,,
E2_A20,chease_public,1088,NEO_RT,0.13454545454545455,,5.540482229567433e-09,3.027614359218944e-08,,,,,,,,,,,,,,
E2_A20,chease_public,1088,NEO_RT,0.21909090909090911,,6.311289799092334e-09,3.155024907997017e-09,,,,,,,,,,,,,,
E2_A20,chease_public,1088,NEO_RT,0.30363636363636365,,1.095168405482125e-08,2.1740417355253783e-08,,,,,,,,,,,,,,
E2_A20,chease_public,1088,NEO_RT,0.3881818181818182,,9.159209296939677e-09,8.156413544568863e-09,,,,,,,,,,,,,,
E2_A20,chease_public,1088,NEO_RT,0.4727272727272728,,9.181683895075512e-09,5.333413377606178e-09,,,,,,,,,,,,,,
E2_A20,chease_public,1088,NEO_RT,0.5572727272727274,,1.0483949658997226e-08,5.3523503407149065e-09,,,,,,,,,,,,,,
E2_A20,chease_public,1088,NEO_RT,0.641818181818182,,6.231097520392077e-09,4.90343732284515e-09,,,,,,,,,,,,,,
E2_A20,chease_public,1088,NEO_RT,0.7263636363636364,,3.6151350555606564e-09,7.2373526061042526e-09,,,,,,,,,,,,,,
E2_A20,chease_public,1088,NEO_RT,0.810909090909091,,4.203812839318334e-09,5.704433592157443e-09,,,,,,,,,,,,,,
E2_A20,chease_public,1088,NEO_RT,0.8954545454545456,,8.148387186345581e-09,3.2547073924860115e-09,,,,,,,,,,,,,,
E2_A20,chease_public,1088,NEO_RT,0.9800000000000001,,4.132085317577152e-09,3.953689597935295e-09,,,,,,,,,,,,,,
E2_A20,chease_public,1088,NEO_2,0.05,,6.989784956303283e-09,3.3563479884257674e-08,,,,,,,,,,,,,,
E2_A20,chease_public,1088,NEO_2,0.13454545454545455,,5.540490899216971e-09,3.0276142815033324e-08,,,,,,,,,,,,,,
E2_A20,chease_public,1088,NEO_2,0.21909090909090911,,6.3112712028984655e-09,3.155019356881894e-09,,,,,,,,,,,,,,
E2_A20,chease_public,1088,NEO_2,0.30363636363636365,,1.09516850712741e-08,2.1740427680327912e-08,,,,,,,,,,,,,,
E2_A20,chease_public,1088,NEO_2,0.3881818181818182,,9.159207230549617e-09,8.156434305739424e-09,,,,,,,,,,,,,,
E2_A20,chease_public,1088,NEO_2,0.4727272727272728,,9.181670090389278e-09,5.333414265784597e-09,,,,,,,,,,,,,,
E2_A20,chease_public,1088,NEO_2,0.5572727272727274,,1.0483950507219314e-08,5.352345344711296e-09,,,,,,,,,,,,,,
E2_A20,chease_public,1088,NEO_2,0.641818181818182,,6.231095741142006e-09,4.903436323644428e-09,,,,,,,,,,,,,,
E2_A20,chease_public,1088,NEO_2,0.7263636363636364,,3.615135342275887e-09,7.237358046197073e-09,,,,,,,,,,,,,,
E2_A20,chease_public,1088,NEO_2,0.810909090909091,,4.203804178715402e-09,5.704440253495591e-09,,,,,,,,,,,,,,
E2_A20,chease_public,1088,NEO_2,0.8954545454545456,,8.148382947218086e-09,3.254708724753641e-09,,,,,,,,,,,,,,
E2_A20,chease_public,1088,NEO_2,0.9800000000000001,,4.1320813609920165e-09,3.95368127126261e-09,,,,,,,,,,,,,,
E2_A20,chease_public,4224,libneo_Boozer,0.05025,4.4334400756250777e-10,4.2587057295554337e-10,1.052108999921586e-08,7.467433338348428e-10,3.451985982696074e-08,5.012805492709523e-08,4.732397023896742e-09,4.893740296085576e-09,4.605222420491906e-07,5.581155510789655e-07,5.858783908005939e-09,6.4028983437077274e-09,4.732740812778351e-09,4.922350821290912e-09,4.741584144069e-08,4.723015071400605e-08,1.053467642286865e-07
E2_A20,chease_public,4224,libneo_Boozer,0.13475,5.076495607456142e-09,5.075920434275927e-09,1.9528489936249116e-10,7.467433338348428e-10,5.98819567549322e-08,9.277453870730618e-08,1.0015751248737874e-08,1.0054981395711815e-08,2.7137475533093e-07,3.1184160334932646e-07,1.055433470296001e-08,1.074049206239699e-08,1.0013161170093422e-08,1.0006840648139768e-08,8.00576938075892e-08,7.984121114246179e-08,1.0875085232342485e-07
E2_A20,chease_public,4224,libneo_Boozer,0.21925,4.4287749722303265e-09,4.427358183348292e-09,3.440158158340978e-09,7.467433338348428e-10,2.39113630670849e-08,3.204125687474557e-08,5.615962962850033e-09,5.697110142332293e-09,6.344212623739507e-08,1.2052272795499655e-07,5.702317333125089e-09,5.989329336250491e-09,5.616194768723138e-09,5.722425741823342e-09,2.5140941911638848e-08,2.500196399912724e-08,2.6697730248770313e-08
E2_A20,chease_public,4224,libneo_Boozer,0.30375,8.962842181484763e-09,8.963715747531759e-09,6.250935324914053e-09,7.467433338348428e-10,1.6360447668669508e-07,2.4873791909685563e-07,1.8585014421163128e-09,2.6965600917295964e-09,2.621011487624238e-07,2.7853268700536564e-07,5.168466388774282e-09,5.566461364494663e-09,1.8893976667056575e-09,2.784672829568016e-09,1.7281001130076135e-07,1.7260777535055283e-07,1.5659293151060183e-07
E2_A20,chease_public,4224,libneo_Boozer,0.38825,6.837080782859125e-09,6.82989596234712e-09,8.33354341089887e-09,7.467433338348428e-10,8.839129841783984e-08,1.4892851985927244e-07,9.92123556102728e-09,9.738161777326656e-09,1.0423019303252682e-07,1.4448248287688698e-07,1.01529956633359e-08,9.95255338538943e-09,9.913973218455256e-09,9.766763625010333e-09,9.082821239569938e-08,9.084961810623682e-08,7.290164916184949e-08
E2_A20,chease_public,4224,libneo_Boozer,0.47275,7.358776911721736e-09,7.3417694767237735e-09,5.381240564261702e-09,7.467433338348428e-10,8.296598347299111e-08,1.1805236698451015e-07,5.1307595637084995e-09,5.421655430722431e-09,6.50235621793326e-08,8.46884314746569e-08,5.3415841652130994e-09,5.500383854852754e-09,5.1355399162546195e-09,5.399687643621985e-09,6.200771468511945e-08,6.219071302382417e-08,4.5225123090908426e-08
E2_A20,chease_public,4224,libneo_Boozer,0.55725,9.03600502331074e-09,9.038381759396265e-09,4.854532331677319e-09,7.467433338348428e-10,3.303619976003964e-07,5.167210797707245e-07,1.5872057828928094e-08,1.5379218273638373e-08,1.8423621431879572e-07,2.160787589067701e-07,1.6515433628377578e-08,1.6238192163006942e-08,1.5856395697820163e-08,1.534386986157819e-08,2.282811106812943e-07,2.2815831524081176e-07,1.5282039278474713e-07
E2_A20,chease_public,4224,libneo_Boozer,0.64175,5.300077659845009e-09,5.298982501453159e-09,5.394715230089275e-09,7.467433338348428e-10,3.5371180588641404e-07,5.001402200901991e-07,4.607426921534073e-10,7.5347688222821e-10,1.405882051261995e-07,1.501800506302126e-07,3.777540476702134e-09,3.936238507790489e-09,5.156987345730054e-10,8.501024368199966e-10,1.7871899304910954e-07,1.7867121981929301e-07,1.1151715939572426e-07
E2_A20,chease_public,4224,libneo_Boozer,0.72625,9.839743176102885e-10,9.76866131597006e-10,8.1807700613723e-09,7.467433338348428e-10,2.610374100174069e-07,4.764574612972342e-07,1.8586552171155944e-09,2.114023778528397e-09,7.866128150757533e-08,1.2308198024776327e-07,2.9025788462168694e-09,3.991902257010868e-09,1.8401440591420447e-09,2.0142915872012496e-09,1.2994548947986573e-07,1.3054108127796837e-07,7.659036127538599e-08
E2_A20,chease_public,4224,libneo_Boozer,0.81075,3.2928582465296696e-09,3.2742672972330363e-09,5.6659843483686245e-09,7.467433338348428e-10,1.9944964857134995e-07,2.8627311743760275e-07,4.606800913819793e-09,4.86364995036851e-09,3.3601147094735005e-08,4.16308739693842e-08,4.713295814382141e-09,4.900034066925153e-09,4.596347979701112e-09,4.839830715892324e-09,5.394052204898969e-08,5.440552086621864e-08,3.021130545732831e-08
E2_A20,chease_public,4224,libneo_Boozer,0.89525,6.69074712484963e-09,6.6919647272572985e-09,2.0169586001372863e-09,7.467433338348428e-10,3.1980199500887826e-07,4.563954076843147e-07,7.977992108377547e-09,7.687031927013265e-09,2.6593276918985422e-08,3.052933353441509e-08,8.017738076166234e-09,7.737431649835698e-09,7.972187334700895e-09,7.651888418342092e-09,4.759209915050633e-08,4.812827592015623e-08,2.543303201374414e-08
E2_A20,chease_public,4224,libneo_Boozer,0.97975,8.583887965829822e-09,8.563267692113742e-09,6.2574707637708116e-09,7.467433338348428e-10,3.942132436389497e-06,6.2984917054090405e-06,1.1469903120796929e-08,1.1739439652278038e-08,8.038057494132315e-08,1.6634349829792785e-07,1.1764007323688679e-08,1.2033853928787487e-08,1.1468203944562848e-08,1.1796796783391406e-08,1.2697106177572692e-07,1.28188163861509e-07,6.475305769360062e-08
E2_A20,chease_public,4224,NEO_RT,0.05,,5.668970172173215e-09,5.3897253327050976e-09,,,,,,,,,,,,,,
E2_A20,chease_public,4224,NEO_RT,0.13454545454545455,,1.315617941135966e-09,2.8370927829257653e-10,,,,,,,,,,,,,,
E2_A20,chease_public,4224,NEO_RT,0.21909090909090911,,2.352967051248881e-09,2.804940057998806e-09,,,,,,,,,,,,,,
E2_A20,chease_public,4224,NEO_RT,0.30363636363636365,,9.189082033293327e-09,6.682000286417633e-09,,,,,,,,,,,,,,
E2_A20,chease_public,4224,NEO_RT,0.3881818181818182,,7.263397254715646e-09,8.717464972107791e-09,,,,,,,,,,,,,,
E2_A20,chease_public,4224,NEO_RT,0.4727272727272728,,7.57907999799418e-09,5.343891884557195e-09,,,,,,,,,,,,,,
E2_A20,chease_public,4224,NEO_RT,0.5572727272727274,,9.368157106196366e-09,4.617456750288795e-09,,,,,,,,,,,,,,
E2_A20,chease_public,4224,NEO_RT,0.641818181818182,,4.652132392496573e-09,4.332823988484336e-09,,,,,,,,,,,,,,
E2_A20,chease_public,4224,NEO_RT,0.7263636363636364,,8.133534277998476e-10,9.183598770334811e-09,,,,,,,,,,,,,,
E2_A20,chease_public,4224,NEO_RT,0.810909090909091,,2.9859894917471357e-09,5.709763550854063e-09,,,,,,,,,,,,,,
E2_A20,chease_public,4224,NEO_RT,0.8954545454545456,,5.157514710825211e-09,2.948567612293118e-09,,,,,,,,,,,,,,
E2_A20,chease_public,4224,NEO_RT,0.9800000000000001,,8.462591524779012e-09,4.359084870841912e-09,,,,,,,,,,,,,,
E2_A20,chease_public,4224,NEO_2,0.05,,5.668966598422699e-09,5.3897226681698385e-09,,,,,,,,,,,,,,
E2_A20,chease_public,4224,NEO_2,0.13454545454545455,,1.3156185109396187e-09,2.837070578465273e-10,,,,,,,,,,,,,,
E2_A20,chease_public,4224,NEO_2,0.21909090909090911,,2.3529621476856136e-09,2.8049356171067075e-09,,,,,,,,,,,,,,
E2_A20,chease_public,4224,NEO_2,0.30363636363636365,,9.189088045344119e-09,6.681997177793164e-09,,,,,,,,,,,,,,
E2_A20,chease_public,4224,NEO_2,0.3881818181818182,,7.263404436200298e-09,8.717454758055965e-09,,,,,,,,,,,,,,
E2_A20,chease_public,4224,NEO_2,0.4727272727272728,,7.579064307390197e-09,5.343887332642794e-09,,,,,,,,,,,,,,
E2_A20,chease_public,4224,NEO_2,0.5572727272727274,,9.368158461565112e-09,4.617452753485907e-09,,,,,,,,,,,,,,
E2_A20,chease_public,4224,NEO_2,0.641818181818182,,4.652136705478516e-09,4.332816883056978e-09,,,,,,,,,,,,,,
E2_A20,chease_public,4224,NEO_2,0.7263636363636364,,8.13346801258608e-10,9.183599436468626e-09,,,,,,,,,,,,,,
E2_A20,chease_public,4224,NEO_2,0.810909090909091,,2.9859911509713763e-09,5.709766659478532e-09,,,,,,,,,,,,,,
E2_A20,chease_public,4224,NEO_2,0.8954545454545456,,5.1575190823162495e-09,2.948568056382328e-09,,,,,,,,,,,,,,
E2_A20,chease_public,4224,NEO_2,0.9800000000000001,,8.462594648595825e-09,4.359084537775004e-09,,,,,,,,,,,,,,
E2_A40,chease_public,4224,libneo_Boozer,0.05025,6.04128618681228e-09,6.0407881863210875e-09,6.467658075770544e-09,1.1337419891788159e-09,6.821680043721453e-08,9.648854274411882e-08,1.1152474634105846e-08,1.111994842387394e-08,9.126659047868678e-07,9.82872004726369e-07,1.1662962870861446e-08,1.1703749398019759e-08,1.1152156719755854e-08,1.1106787896811556e-08,9.220663654135874e-08,9.212080760018226e-08,2.0547543427840154e-07
E2_A40,chease_public,4224,libneo_Boozer,0.13475,7.77201908396483e-09,7.771855251175754e-09,3.831876038695725e-09,1.1337419891788159e-09,7.903103055947455e-09,1.2066326318777228e-08,8.092853889189166e-09,8.1530476042648e-09,3.802207098000262e-08,6.175702245472571e-08,8.096049919018104e-09,8.160419673634192e-09,8.092971921093095e-09,8.154653479393594e-09,1.0963956520448903e-08,1.0905531006022429e-08,1.4854308616474299e-08
E2_A40,chease_public,4224,libneo_Boozer,0.21925,5.23529583051833e-09,5.23538149120199e-09,3.4195803966241556e-09,1.1337419891788159e-09,1.274487316075707e-07,1.8649589371130898e-07,8.993563111147899e-09,8.900504510319676e-09,3.214539705828204e-07,3.5572118679249337e-07,9.337015492789263e-09,9.295132612286869e-09,8.992690166037879e-09,8.917877707211203e-09,1.4509638188164864e-07,1.4509916976268578e-07,1.5494053778875028e-07
E2_A40,chease_public,4224,libneo_Boozer,0.30375,5.213891772975378e-09,5.21379576067699e-09,3.167957007832456e-10,1.1337419891788159e-09,2.3359636513777298e-07,3.3792831217540244e-07,1.0416142787234804e-08,1.045281877653488e-08,3.776320871595571e-07,3.932598368942624e-07,1.097856910435206e-08,1.0989606695420074e-08,1.0415089689024134e-08,1.0482441243953735e-08,2.3477850208397655e-07,2.34798496812072e-07,2.1301348085422944e-07
E2_A40,chease_public,4224,libneo_Boozer,0.38825,7.693618167922434e-09,7.694011767344774e-09,1.8353811803706321e-09,1.1337419891788159e-09,2.679407943216461e-07,3.9262397716596997e-07,1.234969723720623e-08,1.2252996554255754e-08,2.9904253897708406e-07,3.133155419668091e-07,1.2733706004533683e-08,1.2614897494373643e-08,1.2348135233485321e-08,1.2281560139965252e-08,2.3971007401257793e-07,2.397961911815294e-07,1.924227803762335e-07
E2_A40,chease_public,4224,libneo_Boozer,0.47275,6.195624875317111e-09,6.195982700734398e-09,7.985788696984741e-09,1.1337419891788159e-09,1.72620122919663e-07,2.8998089908923443e-07,4.101690790783746e-09,4.5526077844357185e-09,1.2701115248645342e-07,1.399737576210301e-07,4.352041083797997e-09,4.765379697391694e-09,4.102491469660247e-09,4.537341635176806e-09,1.5248998735950536e-07,1.5264890429467215e-07,1.1100636765348781e-07
E2_A40,chease_public,4224,libneo_Boozer,0.55725,1.2592347373362177e-09,1.257561977954259e-09,3.757769428958113e-09,1.1337419891788159e-09,2.4030618954718927e-07,4.357718597659648e-07,1.211402043847597e-09,1.6852518141061059e-09,1.478984277395614e-07,2.056650260501309e-07,2.202779131774762e-09,3.0214094286824543e-09,1.2061112888014155e-09,1.6541236476121099e-09,1.930838647856703e-07,1.9290415409489725e-07,1.2920716085940143e-07
E2_A40,chease_public,4224,libneo_Boozer,0.64175,7.72100717800025e-09,7.701206353010884e-09,4.137654441294103e-09,1.1337419891788159e-09,9.153803616671629e-07,1.3416781267357568e-06,4.3396164887879895e-10,4.670609654617074e-10,3.625898424581676e-07,3.725046017819272e-07,4.85900601763744e-09,4.922064392121488e-09,4.373113691460543e-10,4.421540191624435e-10,4.805218106751497e-07,4.804465034702332e-07,2.998694230704757e-07
E2_A40,chease_public,4224,libneo_Boozer,0.72625,4.710323275844802e-09,4.7032563870129755e-09,5.808570624488141e-09,1.1337419891788159e-09,2.3108763762349364e-07,3.55384821716103e-07,3.480784543105841e-09,4.018362304348443e-09,6.937374946178344e-08,8.370174998223401e-08,3.6170910761907198e-09,4.057622738539255e-09,3.48379795718582e-09,4.025647684112108e-09,9.703987435827344e-08,9.736189010567387e-08,5.712364525845004e-08
E2_A40,chease_public,4224,libneo_Boozer,0.81075,7.837064815964354e-10,7.269284192336981e-10,3.860400443755907e-09,1.1337419891788159e-09,1.2078018334580473e-06,1.7620196578426333e-06,5.11291897097068e-09,5.1387079230028705e-09,1.9632530800003508e-07,2.2634675905444961e-07,5.899542082258172e-09,5.922835231862027e-09,5.109682511742845e-09,5.172352706395246e-09,3.3326879300688006e-07,3.3320352810228826e-07,1.8502744913995173e-07
E2_A40,chease_public,4224,libneo_Boozer,0.89525,1.165372811654815e-09,1.0535369548917527e-09,3.118153069081586e-09,1.1337419891788159e-09,4.094453344521017e-06,5.852778245787648e-06,8.971770812003352e-09,9.964388454028962e-09,3.378883434551143e-07,3.552481270026763e-07,1.0431457407891468e-08,1.1103031671463953e-08,8.972575504316529e-09,1.003705746846301e-08,6.125187557159961e-07,6.127489772245198e-07,3.2380273218279854e-07
E2_A40,chease_public,4224,libneo_Boozer,0.97975,7.973883963860824e-10,5.74593182377728e-10,7.243626809483317e-09,1.1337419891788159e-09,1.761675323186138e-05,2.796645804579436e-05,6.356112006913815e-09,6.656822970231892e-09,2.578100018802684e-07,3.566143311919832e-07,7.644633454158849e-09,8.120875814031591e-09,6.352064687859795e-09,6.724067513611429e-09,5.657151620486189e-07,5.656856442159963e-07,2.857508878406634e-07
E2_A40,chease_public,4224,NEO_RT,0.05,,6.323558909525717e-09,6.493400594997922e-09,,,,,,,,,,,,,,
E2_A40,chease_public,4224,NEO_RT,0.13454545454545455,,6.621447280432438e-09,2.140605581679722e-09,,,,,,,,,,,,,,
E2_A40,chease_public,4224,NEO_RT,0.21909090909090911,,4.936655578329845e-09,5.355431209608241e-09,,,,,,,,,,,,,,
E2_A40,chease_public,4224,NEO_RT,0.30363636363636365,,4.8866726074158595e-09,7.430676074449138e-10,,,,,,,,,,,,,,
E2_A40,chease_public,4224,NEO_RT,0.3881818181818182,,7.191472876051855e-09,2.0818078372286664e-09,,,,,,,,,,,,,,
E2_A40,chease_public,4224,NEO_RT,0.4727272727272728,,6.2570620064979364e-09,7.629242348983212e-09,,,,,,,,,,,,,,
E2_A40,chease_public,4224,NEO_RT,0.5572727272727274,,1.3028558304216524e-09,3.546843707624703e-09,,,,,,,,,,,,,,
E2_A40,chease_public,4224,NEO_RT,0.641818181818182,,7.236354341800969e-09,3.571781537203833e-09,,,,,,,,,,,,,,
E2_A40,chease_public,4224,NEO_RT,0.7263636363636364,,4.894211047291032e-09,3.3887431749590746e-09,,,,,,,,,,,,,,
E2_A40,chease_public,4224,NEO_RT,0.810909090909091,,8.978586660375938e-10,2.8200113355580925e-09,,,,,,,,,,,,,,
E2_A40,chease_public,4224,NEO_RT,0.8954545454545456,,8.377377726696539e-10,2.4870054904369e-09,,,,,,,,,,,,,,
E2_A40,chease_public,4224,NEO_RT,0.9800000000000001,,1.721828799517641e-10,9.449340865330669e-09,,,,,,,,,,,,,,
E2_A40,chease_public,4224,NEO_2,0.05,,6.323557540615704e-09,6.493402593399367e-09,,,,,,,,,,,,,,
E2_A40,chease_public,4224,NEO_2,0.13454545454545455,,6.621444611666131e-09,2.140612020973265e-09,,,,,,,,,,,,,,
E2_A40,chease_public,4224,NEO_2,0.21909090909090911,,4.9366514854412916e-09,5.3554336520988954e-09,,,,,,,,,,,,,,
E2_A40,chease_public,4224,NEO_2,0.30363636363636365,,4.886671672577869e-09,7.43073158560037e-10,,,,,,,,,,,,,,
E2_A40,chease_public,4224,NEO_2,0.3881818181818182,,7.191476298685959e-09,2.081796957043025e-09,,,,,,,,,,,,,,
E2_A40,chease_public,4224,NEO_2,0.4727272727272728,,6.257072128824455e-09,7.629241238760187e-09,,,,,,,,,,,,,,
E2_A40,chease_public,4224,NEO_2,0.5572727272727274,,1.3028491696600756e-09,3.5468481485168013e-09,,,,,,,,,,,,,,
E2_A40,chease_public,4224,NEO_2,0.641818181818182,,7.236357786086266e-09,3.571775319954895e-09,,,,,,,,,,,,,,
E2_A40,chease_public,4224,NEO_2,0.7263636363636364,,4.894218896597907e-09,3.3887457284720313e-09,,,,,,,,,,,,,,
E2_A40,chease_public,4224,NEO_2,0.810909090909091,,8.978628761741425e-10,2.820013111914932e-09,,,,,,,,,,,,,,
E2_A40,chease_public,4224,NEO_2,0.8954545454545456,,8.377410717211593e-10,2.4870063786153196e-09,,,,,,,,,,,,,,
E2_A40,chease_public,4224,NEO_2,0.9800000000000001,,1.7220838626816216e-10,9.449343418843625e-09,,,,,,,,,,,,,,
E2_A40,chease_public,16640,libneo_Boozer,0.05025,6.040922170963738e-09,6.040606161482571e-09,6.467658075770544e-09,1.2927945380880601e-09,6.810212257244639e-08,9.65103531141413e-08,1.1152475427347417e-08,1.1118233709136035e-08,9.127067841613257e-07,9.613991659722465e-07,1.1663008366901524e-08,1.1677459836731946e-08,1.1152157507542867e-08,1.11053210806784e-08,9.206522366689285e-08,9.196323488835922e-08,2.0512396822769396e-07
E2_A40,chease_public,16640,libneo_Boozer,0.13475,7.771902058814388e-09,7.771796744970934e-09,3.831876038695725e-09,1.2927945380880601e-09,7.733038067099079e-09,1.1722615409211578e-08,8.092854014467233e-09,8.152989635527254e-09,3.7783048289770054e-08,6.635398085321762e-08,8.096008094720001e-09,8.15983763160325e-09,8.092972380562033e-09,8.154732375142026e-09,1.0851978815562546e-08,1.0788996224198044e-08,1.4695577810197591e-08
E2_A40,chease_public,16640,libneo_Boozer,0.21925,5.235323565456869e-09,5.2353953530622e-09,3.4195803966241556e-09,1.2927945380880601e-09,1.2743568939911037e-07,1.859027432566121e-07,8.993144342012567e-09,8.897805578954951e-09,3.2130387350749155e-07,3.3816549161180186e-07,9.336297126886299e-09,9.26038411123558e-09,8.992271678948307e-09,8.915828428947763e-09,1.4446614260421597e-07,1.4444683424374993e-07,1.5424395766183707e-07
E2_A40,chease_public,16640,libneo_Boozer,0.30375,5.21387463594273e-09,5.213787178232979e-09,3.167957007832456e-10,1.2927945380880601e-09,2.328696319995949e-07,3.377705559677944e-07,1.041614482543894e-08,1.0443761208993467e-08,3.7761279338775456e-07,3.916011339359952e-07,1.0978514998327624e-08,1.0985646143220264e-08,1.0415093235445468e-08,1.0473128641400906e-08,2.3451956543407704e-07,2.345350298971205e-07,2.1277445894085645e-07
E2_A40,chease_public,16640,libneo_Boozer,0.38825,7.693691854977681e-09,7.694048617157951e-09,1.8353811803706321e-09,1.2927945380880601e-09,2.6843951876142617e-07,3.9630995398699103e-07,1.2349694681201523e-08,1.2259514624147775e-08,2.9905066824552236e-07,3.149111944231207e-07,1.2733724124517871e-08,1.2623617758598452e-08,1.2348131970145589e-08,1.2288599771698765e-08,2.4183294700108604e-07,2.4190917291555536e-07,1.9411832763438497e-07
E2_A40,chease_public,16640,libneo_Boozer,0.47275,6.195696519272172e-09,6.196018532575227e-09,7.012841307663109e-09,1.2927945380880601e-09,1.7325051368879025e-07,2.914787846974689e-07,4.103655128283238e-09,4.561996175195876e-09,1.2585162163571028e-07,1.339780303642104e-07,4.349467912238116e-09,4.8069329036959296e-09,4.10250120613763e-09,4.54450483388248e-09,1.5316640594731368e-07,1.5334500919061966e-07,1.1151257550690019e-07
E2_A40,chease_public,16640,libneo_Boozer,0.55725,1.2577653802819162e-09,1.256826534964209e-09,3.757769428958113e-09,1.2927945380880601e-09,2.386810739520386e-07,4.3448584005505467e-07,1.2115404311775735e-09,1.7064042302883593e-09,1.479056262098016e-07,2.076938210695185e-07,2.2029300190286787e-09,3.042732877295896e-09,1.2062013610296398e-09,1.6755741647579387e-09,1.9260965122835927e-07,1.924185604185169e-07,1.2888191025517415e-07
E2_A40,chease_public,16640,libneo_Boozer,0.64175,7.720815025027573e-09,7.70111000339528e-09,4.137654441294103e-09,1.2927945380880601e-09,9.143596603552765e-07,1.3412421492544248e-06,4.3407165885699804e-10,4.666227518602898e-10,3.6260558517465916e-07,3.7025190674442264e-07,4.8592251247858165e-09,4.8924718568521664e-09,4.374104526741198e-10,4.952659957745857e-10,4.804424433846322e-07,4.80345455078357e-07,2.99806353964982e-07
E2_A40,chease_public,16640,libneo_Boozer,0.72625,4.70988221005757e-09,4.7030354790737025e-09,5.808570624488141e-09,1.2927945380880601e-09,2.3225889913975492e-07,3.550876150757484e-07,3.4808041822768004e-09,4.019508698415095e-09,6.945587076751375e-08,8.266464375624288e-08,3.617427568642362e-09,4.064954250616904e-09,3.4838125135259186e-09,4.027555807288547e-09,9.689997293449437e-08,9.7238908813857e-08,5.705149042078972e-08
E2_A40,chease_public,16640,libneo_Boozer,0.81075,7.823663075855922e-10,7.262059306459906e-10,3.860400443755907e-09,1.2927945380880601e-09,1.2097619793174301e-06,1.762966393448875e-06,5.112902874841746e-09,5.12027447424693e-09,1.9633201901403897e-07,2.255791423429396e-07,5.8995783635009685e-09,5.909794926739064e-09,5.109677367347048e-09,5.153408842352756e-09,3.3348831163237946e-07,3.3341087368743416e-07,1.8514258781632265e-07
E2_A40,chease_public,16640,libneo_Boozer,0.89525,1.1645448167131744e-09,1.053079017783665e-09,3.118153069081586e-09,1.2927945380880601e-09,4.161656410997679e-06,6.1707223749201794e-06,7.2238082546576885e-09,7.506861223725778e-09,3.441454084295413e-07,3.678180878125635e-07,9.031749091299983e-09,9.421256191288555e-09,7.2144110773210366e-09,7.413595678654269e-09,6.456399100907007e-07,6.465844023528788e-07,3.4168269580359123e-07
E2_A40,chease_public,16640,libneo_Boozer,0.97975,7.944368134974766e-10,5.725772507079157e-10,7.243626809483317e-09,1.2927945380880601e-09,1.7623455937296758e-05,2.8090789277288712e-05,6.356089408727983e-09,6.673473428366876e-09,2.5776127467885113e-07,3.564952045261245e-07,7.644168403225218e-09,8.129510393576177e-09,6.3520448529319e-09,6.741036789307228e-09,5.682345268764877e-07,5.681822500269718e-07,2.87012025368405e-07
E2_A40,chease_public,16640,NEO_RT,0.05,,6.3233287914646686e-09,4.581572343731466e-09,,,,,,,,,,,,,,
E2_A40,chease_public,16640,NEO_RT,0.13454545454545455,,6.621368570630218e-09,2.1406044714566974e-09,,,,,,,,,,,,,,
E2_A40,chease_public,16640,NEO_RT,0.21909090909090911,,4.936659832158753e-09,5.353622656301127e-09,,,,,,,,,,,,,,
E2_A40,chease_public,16640,NEO_RT,0.30363636363636365,,4.886668066216356e-09,6.163412002990754e-10,,,,,,,,,,,,,,
E2_A40,chease_public,16640,NEO_RT,0.3881818181818182,,7.1915120579549115e-09,2.0818078372286664e-09,,,,,,,,,,,,,,
E2_A40,chease_public,16640,NEO_RT,0.4727272727272728,,6.257097949543261e-09,7.30220306444096e-09,,,,,,,,,,,,,,
E2_A40,chease_public,16640,NEO_RT,0.5572727272727274,,1.3021393020688817e-09,3.549926130830272e-09,,,,,,,,,,,,,,
E2_A40,chease_public,16640,NEO_RT,0.641818181818182,,7.66575027584345e-09,3.571781537203833e-09,,,,,,,,,,,,,,
E2_A40,chease_public,16640,NEO_RT,0.7263636363636364,,4.893993820240294e-09,3.388743063936772e-09,,,,,,,,,,,,,,
E2_A40,chease_public,16640,NEO_RT,0.810909090909091,,8.972622782165009e-10,2.8200113355580925e-09,,,,,,,,,,,,,,
E2_A40,chease_public,16640,NEO_RT,0.8954545454545456,,8.37156951144295e-10,2.4870094872397885e-09,,,,,,,,,,,,,,
E2_A40,chease_public,16640,NEO_RT,0.9800000000000001,,1.6316243747049528e-10,9.449340865330669e-09,,,,,,,,,,,,,,
E2_A40,chease_public,16640,NEO_2,0.05,,6.32332979130065e-09,4.581571011463836e-09,,,,,,,,,,,,,,
E2_A40,chease_public,16640,NEO_2,0.13454545454545455,,6.621367237699252e-09,2.140606580880444e-09,,,,,,,,,,,,,,
E2_A40,chease_public,16640,NEO_2,0.21909090909090911,,4.93665556831266e-09,5.353622434256522e-09,,,,,,,,,,,,,,
E2_A40,chease_public,16640,NEO_2,0.30363636363636365,,4.886671986438467e-09,6.163438648343345e-10,,,,,,,,,,,,,,
E2_A40,chease_public,16640,NEO_2,0.3881818181818182,,7.191518998016544e-09,2.0817960688646053e-09,,,,,,,,,,,,,,
E2_A40,chease_public,16640,NEO_2,0.4727272727272728,,6.257105889424925e-09,7.30220217626254e-09,,,,,,,,,,,,,,
E2_A40,chease_public,16640,NEO_2,0.5572727272727274,,1.3021346427389699e-09,3.54993279216842e-09,,,,,,,,,,,,,,
E2_A40,chease_public,16640,NEO_2,0.641818181818182,,7.665755922909542e-09,3.5717826474268577e-09,,,,,,,,,,,,,,
E2_A40,chease_public,16640,NEO_2,0.7263636363636364,,4.894001667857738e-09,3.388749503230315e-09,,,,,,,,,,,,,,
E2_A40,chease_public,16640,NEO_2,0.810909090909091,,8.972664865956119e-10,2.820012223736512e-09,,,,,,,,,,,,,,
E2_A40,chease_public,16640,NEO_2,0.8954545454545456,,8.371602466290757e-10,2.4870054904369e-09,,,,,,,,,,,,,,
E2_A40,chease_public,16640,NEO_2,0.9800000000000001,,1.631891409842016e-10,9.449340199196854e-09,,,,,,,,,,,,,,
E2_A20,chease_public,16640,libneo_Boozer,0.05025,1.470109736385882e-09,1.0787718197759214e-09,4.415785959110963e-09,8.342653234905129e-10,3.4695191736195654e-08,5.093652129565994e-08,4.7332455195562104e-09,4.894574361569989e-09,4.60706655245551e-07,5.804039443163387e-07,5.860284746059274e-09,6.239209381991203e-09,4.732748237486232e-09,4.918958394081705e-09,4.747330376031478e-08,4.763164825061228e-08,1.0624230353806219e-07
E2_A20,chease_public,16640,libneo_Boozer,0.13475,5.194366065050847e-09,5.135209168711946e-09,1.9528489936249116e-10,8.342653234905129e-10,6.05892421494222e-08,9.347367192729096e-08,1.0015700506881708e-08,1.0031588212662748e-08,2.710717693079335e-07,3.0480124733466976e-07,1.0553113587627224e-08,1.0674149062561944e-08,1.001311466028968e-08,9.991647187064046e-09,8.001548129632496e-08,8.014390251442904e-08,1.091631449123831e-07
E2_A20,chease_public,16640,libneo_Boozer,0.21925,4.52564779468195e-09,4.476084251371849e-09,3.440158158340978e-09,8.342653234905129e-10,2.3593784152446237e-08,3.0958244926377796e-08,5.615969676592295e-09,5.6899874562680696e-09,6.412829515264402e-08,1.0641343078670003e-07,5.704202193859104e-09,5.919568059537798e-09,5.6162053088902516e-09,5.712977166859074e-09,2.4879604348937434e-08,2.4399599424240748e-08,2.6054510104955853e-08
E2_A20,chease_public,16640,libneo_Boozer,0.30375,9.045976791766542e-09,9.005390725254453e-09,6.250935324914053e-09,8.342653234905129e-10,1.6500698125180712e-07,2.6575638140185807e-07,1.7703752934682593e-09,2.2340329169691045e-09,2.6853980404131993e-07,3.3192128554663576e-07,5.248827238073023e-09,6.112729466763396e-09,1.7631755534495875e-09,2.1715221679357273e-09,1.8542977259228266e-07,1.846455882636988e-07,1.6751390485847395e-07
E2_A20,chease_public,16640,libneo_Boozer,0.38825,6.935681099818344e-09,6.879447483211217e-09,6.649453987428444e-09,8.342653234905129e-10,8.936373875653504e-08,1.49663228945676e-07,9.91467350790085e-09,9.745603183612675e-09,1.0434605946210617e-07,1.355242937677282e-07,1.0147100909975008e-08,9.981609690873269e-09,9.913873370809183e-09,9.779901439168243e-09,9.082012686345564e-08,9.115058935416087e-08,7.314316141648902e-08
E2_A20,chease_public,16640,libneo_Boozer,0.47275,7.44809027130807e-09,7.386693449198575e-09,5.381240564261702e-09,8.342653234905129e-10,8.129729951394747e-08,1.1547935873107603e-07,5.130788632247004e-09,5.434941366141198e-09,6.497353927612622e-08,8.376649706147486e-08,5.341292219646916e-09,5.525451140067665e-09,5.135519559425594e-09,5.412221011642878e-09,6.124960000297719e-08,6.077145103811077e-08,4.419303778480099e-08
E2_A20,chease_public,16640,libneo_Boozer,0.55725,9.110771588356177e-09,9.075855749716172e-09,4.854532331677319e-09,8.342653234905129e-10,3.2826576491553187e-07,5.144663413824843e-07,1.5872190190944522e-08,1.5358158977817794e-08,1.8420749723804138e-07,2.133632409457379e-07,1.6515362640280763e-08,1.6178546985261316e-08,1.5856540330330637e-08,1.5352134581761393e-08,2.2761567652906933e-07,2.2728344561961933e-07,1.522344051929636e-07
E2_A20,chease_public,16640,libneo_Boozer,0.64175,5.423097987166622e-09,5.360911962844323e-09,5.394715230089275e-09,8.342653234905129e-10,3.536500303112094e-07,5.010188023318266e-07,4.6076032113726984e-10,7.572578622428749e-10,1.405972329811473e-07,1.508450947059648e-07,3.777781593606094e-09,3.961430079012845e-09,5.157156735562264e-10,8.529123952060378e-10,1.792999914096427e-07,1.7908453242565514e-07,1.1177512737603479e-07
E2_A20,chease_public,16640,libneo_Boozer,0.72625,1.5108378297229553e-09,1.2696760439258609e-09,6.848559053196368e-09,8.342653234905129e-10,2.6164581928741394e-07,4.2706001498951565e-07,2.058083176961718e-09,2.9951645720633165e-09,6.363398820527691e-08,6.743100809123304e-08,2.736205890824025e-09,3.4621549627926824e-09,2.071807566671605e-09,3.039505738296103e-09,1.1677665034959261e-07,1.1655302523116973e-07,6.838336996661809e-08
E2_A20,chease_public,16640,libneo_Boozer,0.81075,3.47736575826944e-09,3.3683885371463434e-09,5.6659843483686245e-09,8.342653234905129e-10,2.0514244560721592e-07,3.0999329497293616e-07,4.6216542733496e-09,4.979567953250992e-09,3.6594509267235126e-08,5.78216362855048e-08,4.747669469481415e-09,5.25094311594199e-09,4.611419805198766e-09,4.924835523573889e-09,5.8271933389697494e-08,5.884386011789644e-08,3.2675908645529717e-08
E2_A20,chease_public,16640,libneo_Boozer,0.89525,6.786979990423569e-09,6.740298508389023e-09,2.0169586001372863e-09,8.342653234905129e-10,3.1908969018496544e-07,4.5264374496911246e-07,7.977980578908784e-09,7.698431952501219e-09,2.666367837389558e-08,3.216455049683602e-08,8.017957599565395e-09,7.748834452786386e-09,7.97218359793446e-09,7.661858581712303e-09,4.731881375619196e-08,4.724422209001489e-08,2.4965860268011397e-08
E2_A20,chease_public,16640,libneo_Boozer,0.97975,8.652313474446312e-09,8.597773753135116e-09,6.2574707637708116e-09,8.342653234905129e-10,4.052356975960891e-06,6.280641082915904e-06,1.1469792765226091e-08,1.1710155515225067e-08,8.034880182391547e-08,1.6231123622759906e-07,1.1763665510191831e-08,1.2007537748787477e-08,1.1468011053342612e-08,1.1759499024277666e-08,1.2659612369514406e-07,1.2780972680204172e-07,6.456189372006094e-08
E2_A20,chease_public,16640,NEO_RT,0.05,,5.7545942009333035e-09,3.5828964239925654e-09,,,,,,,,,,,,,,
E2_A20,chease_public,16640,NEO_RT,0.13454545454545455,,1.534787364102378e-09,2.8370927829257653e-10,,,,,,,,,,,,,,
E2_A20,chease_public,16640,NEO_RT,0.21909090909090911,,2.443107902619372e-09,2.2693245060878553e-09,,,,,,,,,,,,,,
E2_A20,chease_public,16640,NEO_RT,0.30363636363636365,,9.229809947978517e-09,6.748331449202283e-09,,,,,,,,,,,,,,
E2_A20,chease_public,16640,NEO_RT,0.3881818181818182,,7.3098016631904274e-09,5.692315507843659e-09,,,,,,,,,,,,,,
E2_A20,chease_public,16640,NEO_RT,0.4727272727272728,,7.62261564040756e-09,5.343891884557195e-09,,,,,,,,,,,,,,
E2_A20,chease_public,16640,NEO_RT,0.5572727272727274,,9.40431652974031e-09,4.617457083355703e-09,,,,,,,,,,,,,,
E2_A20,chease_public,16640,NEO_RT,0.641818181818182,,4.722500739706656e-09,4.322765145836627e-09,,,,,,,,,,,,,,
E2_A20,chease_public,16640,NEO_RT,0.7263636363636364,,1.1485507612487323e-09,4.352161520060349e-09,,,,,,,,,,,,,,
E2_A20,chease_public,16640,NEO_RT,0.810909090909091,,3.0888348909874006e-09,5.704414940410629e-09,,,,,,,,,,,,,,
E2_A20,chease_public,16640,NEO_RT,0.8954545454545456,,5.219992026845045e-09,2.464427550918913e-09,,,,,,,,,,,,,,
E2_A20,chease_public,16640,NEO_RT,0.9800000000000001,,8.497236822062278e-09,3.844821683252064e-09,,,,,,,,,,,,,,
E2_A20,chease_public,16640,NEO_2,0.05,,5.754593785096098e-09,3.582898533416312e-09,,,,,,,,,,,,,,
E2_A20,chease_public,16640,NEO_2,0.13454545454545455,,1.534785624429795e-09,2.8370716886882974e-10,,,,,,,,,,,,,,
E2_A20,chease_public,16640,NEO_2,0.21909090909090911,,2.4431040190943746e-09,2.269316512482078e-09,,,,,,,,,,,,,,
E2_A20,chease_public,16640,NEO_2,0.30363636363636365,,9.229816929842552e-09,6.74832500990874e-09,,,,,,,,,,,,,,
E2_A20,chease_public,16640,NEO_2,0.3881818181818182,,7.309809122400082e-09,5.692332938345146e-09,,,,,,,,,,,,,,
E2_A20,chease_public,16640,NEO_2,0.4727272727272728,,7.62259772090989e-09,5.343890108200355e-09,,,,,,,,,,,,,,
E2_A20,chease_public,16640,NEO_2,0.5572727272727274,,9.404317876655792e-09,4.61745019997295e-09,,,,,,,,,,,,,,
E2_A20,chease_public,16640,NEO_2,0.641818181818182,,4.722504977019109e-09,4.3227571522308494e-09,,,,,,,,,,,,,,
E2_A20,chease_public,16640,NEO_2,0.7263636363636364,,1.1485461000242924e-09,4.352165738907843e-09,,,,,,,,,,,,,,
E2_A20,chease_public,16640,NEO_2,0.810909090909091,,3.088836483872813e-09,5.704415162455234e-09,,,,,,,,,,,,,,
E2_A20,chease_public,16640,NEO_2,0.8954545454545456,,5.219996343550037e-09,2.464421333669975e-09,,,,,,,,,,,,,,
E2_A20,chease_public,16640,NEO_2,0.9800000000000001,,8.49723994988871e-09,3.844821683252064e-09,,,,,,,,,,,,,,
E1_A10,chease_public,1088,libneo_Boozer,0.05025,1.1698895203598609e-08,1.0921600445879498e-08,8.82388961898073e-09,8.643736837399274e-10,2.4816611025938576e-08,5.7607510858870165e-08,1.2424731716782958e-08,1.2591609331413106e-08,3.211333760936622e-06,8.474372925181403e-06,4.939839702616358e-08,1.261379322913928e-07,1.2421992380922445e-08,1.2343986654796396e-08,5.3857824561243106e-08,5.43590542509409e-08,1.2124776616051491e-07
E1_A10,chease_public,1088,libneo_Boozer,0.13475,1.110340513806774e-08,9.392020750584246e-09,1.8867648332587805e-08,8.643736837399274e-10,6.341012876004385e-08,2.062402874186009e-07,1.2668712839463287e-08,1.3341848668251059e-08,2.7330471553667233e-06,7.311458700299823e-06,6.781135048900408e-08,1.7703556219564468e-07,1.2670767671647202e-08,1.3296797505720809e-08,1.7762035944834942e-07,1.776841506706539e-07,2.420216207443815e-07
E1_A10,chease_public,1088,libneo_Boozer,0.21925,9.180870611809912e-09,6.49968999501859e-09,4.4901611317982315e-09,8.643736837399274e-10,9.619386331994737e-08,2.2851915572407472e-07,4.419658847358744e-09,5.181952271682591e-09,2.3633605976619882e-06,6.345385795172411e-06,7.359935452716642e-08,1.951545095782766e-07,4.403599927929767e-09,4.666870919148498e-09,1.77627628578092e-07,1.7791997425353756e-07,1.899874100264043e-07
E1_A10,chease_public,1088,libneo_Boozer,0.30375,1.3471469540373696e-08,1.1730859664550579e-08,1.0065704048045632e-08,8.643736837399274e-10,1.1831592926488824e-07,3.7247738093751595e-07,8.352698837633383e-09,9.554807733368168e-09,2.0426101767227993e-06,5.520645439476728e-06,7.518591601636279e-08,1.9955084269326012e-07,8.333556754773896e-09,8.951456249975298e-09,2.585314184955223e-07,2.58560898191984e-07,2.3457116049563353e-07
E1_A10,chease_public,1088,libneo_Boozer,0.38825,9.634403025341728e-09,7.0336266882379884e-09,4.068060999173895e-09,8.643736837399274e-10,1.6543045578773993e-07,5.477279844103888e-07,7.736962731195348e-09,8.060480975920142e-09,1.7548194960178818e-06,4.765281122552309e-06,7.297060530152618e-08,1.9428194555328277e-07,7.7244108382974e-09,7.916128741763392e-09,3.342219593860385e-07,3.3414925071362234e-07,2.681357184064481e-07
E1_A10,chease_public,1088,libneo_Boozer,0.47275,9.378746199393984e-09,6.971474746905069e-09,6.169480482043355e-10,8.643736837399274e-10,2.2197320469023714e-07,7.526844633867901e-07,1.0376079223638976e-08,1.148844758880853e-08,1.486213738760992e-06,4.041605825777671e-06,6.8585490284367e-08,1.817107817787295e-07,1.0372311080880941e-08,1.1671524499399423e-08,3.9594289596989185e-07,3.958962427885737e-07,2.878959297625272e-07
E1_A10,chease_public,1088,libneo_Boozer,0.55725,8.911492514696623e-09,6.76933272927383e-09,1.3749195115764223e-09,8.643736837399274e-10,2.7231817343722357e-07,9.162529903091621e-07,4.112815967233383e-09,6.421004182288136e-09,1.231917500399826e-06,3.3481959158210253e-06,6.113868152409449e-08,1.6300038564855037e-07,4.165706659667945e-09,6.923527754951185e-09,4.047462073275554e-07,4.047965754816474e-07,2.7113258616040525e-07
E1_A10,chease_public,1088,libneo_Boozer,0.64175,9.745749107002997e-09,8.178036199038926e-09,1.2037528973607436e-08,8.643736837399274e-10,2.933847896023117e-07,1.0045908034937201e-06,1.1179410322026576e-08,1.243568568008575e-08,9.895205803411969e-07,2.6794951299037557e-06,5.374292004413782e-08,1.4016567964956835e-07,1.1224414180261311e-08,1.3327169082921808e-08,3.590335637682074e-07,3.592900386095721e-07,2.242498603477472e-07
E1_A10,chease_public,1088,libneo_Boozer,0.72625,6.982525700995211e-09,4.979431273930238e-09,9.502879150247168e-09,8.643736837399274e-10,2.704771611182306e-07,9.061464249880749e-07,1.460038832169676e-09,2.309235808691604e-09,7.615641384174353e-07,2.026588660202374e-06,4.305691893015214e-08,1.122515104700201e-07,1.6338123041443238e-09,2.527829897235282e-09,2.473908338185282e-07,2.477763717534387e-07,1.453740146040161e-07
E1_A10,chease_public,1088,libneo_Boozer,0.81075,6.843497750909782e-09,4.937929458019286e-09,9.82058678822284e-09,8.643736837399274e-10,5.376666323992982e-07,1.154387800853976e-06,9.642290748277329e-09,9.539644870457425e-09,5.685244710965811e-07,1.4246431862335912e-06,3.527342247509472e-08,8.375165925001178e-08,9.711691877575108e-09,1.240126763392569e-08,2.1822111861968807e-07,2.1839004793466898e-07,1.2127168125264376e-07
E1_A10,chease_public,1088,libneo_Boozer,0.89525,1.108953616899807e-08,1.0197473554466084e-08,1.9870647349762294e-09,8.643736837399274e-10,3.4913791683936097e-07,9.86783617524564e-07,5.9014949398109315e-09,6.518801539656695e-09,4.1045621443487705e-07,9.73282579337662e-07,2.640479077197787e-08,5.979118685357484e-08,6.079815267816851e-09,7.646260902477383e-09,1.0324174148923504e-07,1.0348729151399283e-07,5.468709740608091e-08
E1_A10,chease_public,1088,libneo_Boozer,0.97975,7.608206939635094e-09,5.533346790106063e-09,1.1453322512622321e-08,8.643736837399274e-10,6.019827688662351e-07,1.1527896023205983e-06,4.2133226670557335e-09,4.806345916604611e-09,3.945881383641241e-07,1.1622840382949013e-06,2.62196747304706e-08,7.464643466872275e-08,4.486614883538407e-09,9.560773198317423e-09,2.3272220150971634e-08,2.3698379814085513e-08,1.197101628935826e-08
E1_A10,chease_public,1088,NEO_RT,0.05,,5.340710982188003e-09,7.93834309398278e-09,,,,,,,,,,,,,,
E1_A10,chease_public,1088,NEO_RT,0.13454545454545455,,6.054385040423144e-09,2.227101569829415e-08,,,,,,,,,,,,,,
E1_A10,chease_public,1088,NEO_RT,0.21909090909090911,,7.582346082814477e-09,4.405593223566484e-09,,,,,,,,,,,,,,
E1_A10,chease_public,1088,NEO_RT,0.30363636363636365,,1.2382784497526698e-08,8.742595536403996e-09,,,,,,,,,,,,,,
E1_A10,chease_public,1088,NEO_RT,0.3881818181818182,,6.782022626939697e-09,4.179490753486448e-09,,,,,,,,,,,,,,
E1_A10,chease_public,1088,NEO_RT,0.4727272727272728,,7.125044596708527e-09,8.840495002715443e-10,,,,,,,,,,,,,,
E1_A10,chease_public,1088,NEO_RT,0.5572727272727274,,6.631167772038323e-09,1.337217780950084e-09,,,,,,,,,,,,,,
E1_A10,chease_public,1088,NEO_RT,0.641818181818182,,8.65890899927087e-09,1.291108042700273e-08,,,,,,,,,,,,,,
E1_A10,chease_public,1088,NEO_RT,0.7263636363636364,,4.915341990124052e-09,9.596469618955439e-09,,,,,,,,,,,,,,
E1_A10,chease_public,1088,NEO_RT,0.810909090909091,,6.39599232173839e-09,1.1891925888463106e-08,,,,,,,,,,,,,,
E1_A10,chease_public,1088,NEO_RT,0.8954545454545456,,5.451052000923703e-09,4.519255303314651e-09,,,,,,,,,,,,,,
E1_A10,chease_public,1088,NEO_RT,0.9800000000000001,,6.997815935254142e-09,1.5686148380211762e-08,,,,,,,,,,,,,,
E1_A10,chease_public,1088,NEO_2,0.05,,5.3405730063306176e-09,7.938344648295015e-09,,,,,,,,,,,,,,
E1_A10,chease_public,1088,NEO_2,0.13454545454545455,,6.05415223277878e-09,2.227101258966968e-08,,,,,,,,,,,,,,
E1_A10,chease_public,1088,NEO_2,0.21909090909090911,,7.58228679243415e-09,4.40559033698662e-09,,,,,,,,,,,,,,
E1_A10,chease_public,1088,NEO_2,0.30363636363636365,,1.2382772466893396e-08,8.74258709870901e-09,,,,,,,,,,,,,,
E1_A10,chease_public,1088,NEO_2,0.3881818181818182,,6.7820089167024875e-09,4.1794829819252755e-09,,,,,,,,,,,,,,
E1_A10,chease_public,1088,NEO_2,0.4727272727272728,,7.125044905526807e-09,8.840530529852231e-10,,,,,,,,,,,,,,
E1_A10,chease_public,1088,NEO_2,0.5572727272727274,,6.6311692633884345e-09,1.337216115615547e-09,,,,,,,,,,,,,,
E1_A10,chease_public,1088,NEO_2,0.641818181818182,,8.65891152834255e-09,1.2911075097932212e-08,,,,,,,,,,,,,,
E1_A10,chease_public,1088,NEO_2,0.7263636363636364,,4.9153509374711435e-09,9.596470729178463e-09,,,,,,,,,,,,,,
E1_A10,chease_public,1088,NEO_2,0.810909090909091,,6.3959963619106335e-09,1.1891925333351594e-08,,,,,,,,,,,,,,
E1_A10,chease_public,1088,NEO_2,0.8954545454545456,,5.451054094313784e-09,4.51925796784991e-09,,,,,,,,,,,,,,
E1_A10,chease_public,1088,NEO_2,0.9800000000000001,,6.997813870126554e-09,1.5686148158167157e-08,,,,,,,,,,,,,,
E2_A40,chease_public,66048,libneo_Boozer,0.05025,6.04500178373017e-09,6.042646443649222e-09,6.467658075770544e-09,7.839509041929205e-10,6.836487271114026e-08,9.709632068598092e-08,1.1152473751707173e-08,1.1120750268896223e-08,9.126357670071965e-07,9.57189660623532e-07,1.1662929046100535e-08,1.1677113296646877e-08,1.1152155846147117e-08,1.110746604296831e-08,9.24122022863405e-08,9.244372912997623e-08,2.0619571097779676e-07
E2_A40,chease_public,66048,libneo_Boozer,0.13475,7.775036687042094e-09,7.773364313107173e-09,3.831876038695725e-09,7.839509041929205e-10,7.776507356072518e-09,1.2429295572807968e-08,8.092854021145468e-09,8.153200747976578e-09,3.7588223653130814e-08,6.305452158408181e-08,8.095974104355394e-09,8.160294226432293e-09,8.092972381770092e-09,8.154982682469861e-09,1.0935214844742802e-08,1.1027447094358322e-08,1.5020369226181884e-08
E2_A40,chease_public,66048,libneo_Boozer,0.21925,5.2395696502688455e-09,5.2375189442069986e-09,3.4195803966241556e-09,7.839509041929205e-10,1.2759080685132712e-07,1.8640492791753987e-07,8.993142114453734e-09,8.899251050461126e-09,3.2128586324569807e-07,3.376317298863893e-07,9.33625718973532e-09,9.256131473092029e-09,8.992269338129099e-09,8.917539915899443e-09,1.4533462763810512e-07,1.4519802588042197e-07,1.5504609879313236e-07
E2_A40,chease_public,66048,libneo_Boozer,0.30375,5.217499940192004e-09,5.215600330507825e-09,3.167957007832456e-10,7.839509041929205e-10,2.328615879591545e-07,3.371554401906422e-07,1.0416144625249948e-08,1.0443887511405474e-08,3.7761753029021154e-07,3.945604356199841e-07,1.0978528566711276e-08,1.0989958064581272e-08,1.0415092988698953e-08,1.047373086762203e-08,2.3451632935600486e-07,2.3440108892769373e-07,2.1265294525285583e-07
E2_A40,chease_public,66048,libneo_Boozer,0.38825,7.697158074724646e-09,7.695782043158094e-09,1.8353811803706321e-09,7.839509041929205e-10,2.688975903794651e-07,3.9510136463360866e-07,1.2349690921773442e-08,1.2250309527507933e-08,2.990422667581696e-07,3.120652438625804e-07,1.2733699190484215e-08,1.2610594917585672e-08,1.2348128327744416e-08,1.2278364387574637e-08,2.4146720739581795e-07,2.4144391269631527e-07,1.9374498283486474e-07
E2_A40,chease_public,66048,libneo_Boozer,0.47275,6.200303374721405e-09,6.198322601212677e-09,7.012841307663109e-09,7.839509041929205e-10,1.7362704848427638e-07,2.90296623497784e-07,4.103624685572922e-09,4.555110432834878e-09,1.2579916331704976e-07,1.344933593004425e-07,4.349239885516646e-09,4.797438088798024e-09,4.102476396691741e-09,4.538122592887042e-09,1.528651428772676e-07,1.5295272148829753e-07,1.1122730370072276e-07
E2_A40,chease_public,66048,libneo_Boozer,0.55725,1.2786321626474164e-09,1.2673126090448153e-09,3.757769428958113e-09,7.839509041929205e-10,2.387784283024814e-07,4.365431051892493e-07,1.2114082231437948e-09,1.725529238346272e-09,1.4791097210223488e-07,2.1959481895936715e-07,2.2029128683302875e-09,3.1992748840345917e-09,1.2059888596608985e-09,1.6909828733898245e-09,1.9324981415103082e-07,1.9314128318903556e-07,1.2936598992041581e-07
E2_A40,chease_public,66048,libneo_Boozer,0.64175,7.723937435696255e-09,7.702675680609769e-09,4.137654441294103e-09,7.839509041929205e-10,9.143868801518438e-07,1.341028690722164e-06,4.339880401579214e-10,4.685708971049553e-10,3.625986366901526e-07,3.717003409239141e-07,4.859125284359019e-09,4.911982146913887e-09,4.3733374839514133e-10,4.457188833631572e-10,4.801474882132339e-07,4.801243059793237e-07,2.9966832426620016e-07
E2_A40,chease_public,66048,libneo_Boozer,0.72625,4.714163529962744e-09,4.705180251752974e-09,5.808570624488141e-09,7.839509041929205e-10,2.3106813761904313e-07,3.548587870855082e-07,3.4807894078421732e-09,4.0666840687579296e-09,6.942748775822866e-08,8.447210293049047e-08,3.6173035464385753e-09,4.083131597550345e-09,3.483801729194329e-09,4.071257305871749e-09,9.7004359544961e-08,9.730053274203954e-08,5.7087646054831964e-08
E2_A40,chease_public,66048,libneo_Boozer,0.81075,8.130102617829088e-10,7.428495652571663e-10,3.860400443755907e-09,7.839509041929205e-10,1.2076758611820616e-06,1.7640091439120535e-06,5.112905433881433e-09,5.120981525009214e-09,1.9632650854794066e-07,2.2670029338771455e-07,5.899539338094438e-09,5.9129322352047776e-09,5.1096815442881054e-09,5.154418362760969e-09,3.3357004602940776e-07,3.3352690298471543e-07,1.8520701872137835e-07
E2_A40,chease_public,66048,libneo_Boozer,0.89525,1.1849245444535496e-09,1.064388639821938e-09,3.118153069081586e-09,7.839509041929205e-10,4.090319978367433e-06,5.83780491731442e-06,8.971747925859249e-09,9.947977331918513e-09,3.378861014811517e-07,3.546764403873333e-07,1.0431419700995152e-08,1.108733921999317e-08,8.972562957378586e-09,1.0020616529628279e-08,6.109104256912801e-07,6.111121465535163e-07,3.2293776075498215e-07
E2_A40,chease_public,66048,libneo_Boozer,0.97975,8.052021226039859e-10,5.800676111679551e-10,7.243626809483317e-09,7.839509041929205e-10,1.760057016548158e-05,2.801781232692561e-05,6.35610180048891e-09,6.6575733017693216e-09,2.577612206023043e-07,3.5594766295309603e-07,7.64417820894241e-09,8.113974805359178e-09,6.3520594769925324e-09,6.724986556295134e-09,5.667459660463336e-07,5.666941140791693e-07,2.862603071251968e-07
E2_A40,chease_public,66048,NEO_RT,0.05,,6.325297931654408e-09,4.591413027554836e-09,,,,,,,,,,,,,,
E2_A40,chease_public,66048,NEO_RT,0.13454545454545455,,6.623169373434912e-09,2.1406044714566974e-09,,,,,,,,,,,,,,
E2_A40,chease_public,66048,NEO_RT,0.21909090909090911,,4.757796257582325e-09,5.315047291176711e-09,,,,,,,,,,,,,,
E2_A40,chease_public,66048,NEO_RT,0.30363636363636365,,4.888585152999373e-09,8.62659943479116e-10,,,,,,,,,,,,,,
E2_A40,chease_public,66048,NEO_RT,0.3881818181818182,,7.1933728523711025e-09,2.082001238079556e-09,,,,,,,,,,,,,,
E2_A40,chease_public,66048,NEO_RT,0.4727272727272728,,6.206300974451982e-09,7.302203175463262e-09,,,,,,,,,,,,,,
E2_A40,chease_public,66048,NEO_RT,0.5572727272727274,,1.3122527232025172e-09,3.546843707624703e-09,,,,,,,,,,,,,,
E2_A40,chease_public,66048,NEO_RT,0.641818181818182,,7.237917185137696e-09,3.571781537203833e-09,,,,,,,,,,,,,,
E2_A40,chease_public,66048,NEO_RT,0.7263636363636364,,4.896044605587357e-09,3.3887431749590746e-09,,,,,,,,,,,,,,
E2_A40,chease_public,66048,NEO_RT,0.810909090909091,,9.107829742334256e-10,2.8200113355580925e-09,,,,,,,,,,,,,,
E2_A40,chease_public,66048,NEO_RT,0.8954545454545456,,8.513182657484601e-10,2.4870094872397885e-09,,,,,,,,,,,,,,
E2_A40,chease_public,66048,NEO_RT,0.9800000000000001,,1.9380550593799584e-10,9.449340865330669e-09,,,,,,,,,,,,,,
E2_A40,chease_public,66048,NEO_2,0.05,,6.3252965585322305e-09,4.591410585064182e-09,,,,,,,,,,,,,,
E2_A40,chease_public,66048,NEO_2,0.13454545454545455,,6.623166704215484e-09,2.1406064698581417e-09,,,,,,,,,,,,,,
E2_A40,chease_public,66048,NEO_2,0.21909090909090911,,4.757796377047699e-09,5.315043294373822e-09,,,,,,,,,,,,,,
E2_A40,chease_public,66048,NEO_2,0.30363636363636365,,4.888583717499429e-09,8.626712677539672e-10,,,,,,,,,,,,,,
E2_A40,chease_public,66048,NEO_2,0.3881818181818182,,7.193380962899513e-09,2.0819856949572113e-09,,,,,,,,,,,,,,
E2_A40,chease_public,66048,NEO_2,0.4727272727272728,,6.206308824838508e-09,7.302200066838793e-09,,,,,,,,,,,,,,
E2_A40,chease_public,66048,NEO_2,0.5572727272727274,,1.3122426256888886e-09,3.5468508130520604e-09,,,,,,,,,,,,,,
E2_A40,chease_public,66048,NEO_2,0.641818181818182,,7.237919124786424e-09,3.5717804269808084e-09,,,,,,,,,,,,,,
E2_A40,chease_public,66048,NEO_2,0.7263636363636364,,4.8960491165956464e-09,3.38874928118571e-09,,,,,,,,,,,,,,
E2_A40,chease_public,66048,NEO_2,0.810909090909091,,9.107902335593963e-10,2.8200104473796728e-09,,,,,,,,,,,,,,
E2_A40,chease_public,66048,NEO_2,0.8954545454545456,,8.51319924462938e-10,2.4870054904369e-09,,,,,,,,,,,,,,
E2_A40,chease_public,66048,NEO_2,0.9800000000000001,,1.9382796885106487e-10,9.449340199196854e-09,,,,,,,,,,,,,,
E2_A3p1,chease_public,1088,libneo_Boozer,0.05025,8.558482881209419e-07,6.220490471573992e-07,2.196267484322334e-06,2.688865352595826e-09,1.6803883961804488e-06,4.138030560209839e-06,9.378766940134056e-09,1.6889351669481973e-08,0.00014605584924120063,0.0002951043052120875,8.135757979473027e-06,1.603969447776465e-05,7.793202335574548e-08,1.852435771244684e-07,3.907539194998588e-06,3.2495867008375257e-06,7.248081680316654e-06
E2_A3p1,chease_public,1088,libneo_Boozer,0.13475,9.117428082535582e-07,6.500787313876819e-07,9.529920208528608e-08,2.688865352595826e-09,3.7610868324423566e-06,9.101087062162402e-06,3.3157465513192852e-09,6.560842852372394e-09,0.00011277591348373995,0.00023651594270190096,1.0003886478181745e-05,1.9900830195364517e-05,1.3067564116613952e-07,2.7903505100915826e-07,7.688054419113799e-06,6.8673223230786284e-06,9.354026213159727e-06
E2_A3p1,chease_public,1088,libneo_Boozer,0.21925,8.624510447682525e-07,6.131042374697055e-07,1.4470158404833455e-08,2.688865352595826e-09,5.428578951802913e-06,1.3586400077966407e-05,3.904497224940951e-09,6.811085545083209e-09,9.139772043625051e-05,0.00019226014474710816,1.0057756248331592e-05,1.9707942034230065e-05,1.4741871334611664e-07,3.2822756834565846e-07,1.0159919241803372e-05,9.332528680128238e-06,9.965616216578432e-06
E2_A3p1,chease_public,1088,libneo_Boozer,0.30375,8.288025431924042e-07,5.972669375057079e-07,1.3953471733607614e-07,2.688865352595826e-09,6.841346373769273e-06,1.7596641713178217e-05,2.7132472116599345e-08,3.5185885674982915e-08,7.503523719498791e-05,0.00015810807647307815,9.452408746105671e-06,1.8299680094184106e-05,1.4550971676862524e-07,3.3767023751879825e-07,1.1547958060964536e-05,1.0922149612513365e-05,9.908864425756114e-06
E2_A3p1,chease_public,1088,libneo_Boozer,0.38825,7.568315924825454e-07,5.437648335992974e-07,3.990711747725584e-07,2.688865352595826e-09,8.068654819694282e-06,2.1350914064535085e-05,7.678777841839351e-08,1.1090049267560369e-07,6.161373908358836e-05,0.0001357060083577716,8.534670018698043e-06,1.7078383077766717e-05,1.4770571398462647e-07,3.510208764588831e-07,1.2113187224827016e-05,1.1803096733375984e-05,9.471386064996423e-06
E2_A3p1,chease_public,1088,libneo_Boozer,0.47275,7.217494062911755e-07,5.17672900241374e-07,5.888850569402138e-07,2.688865352595826e-09,9.116998219796795e-06,2.4222895546245196e-05,1.2233915827435912e-07,1.917324195789146e-07,5.0101877513949105e-05,0.00010931073281520436,7.448415509877076e-06,1.4624562976392945e-05,1.7126696651616078e-07,3.5703552102820427e-07,1.1652133076300863e-05,1.1712425573850993e-05,8.51733579743108e-06
E2_A3p1,chease_public,1088,libneo_Boozer,0.55725,7.13314406165251e-07,5.124900325292044e-07,5.847462561936467e-07,2.688865352595826e-09,1.005450500986746e-05,2.666980783607122e-05,1.325009612865206e-07,2.3662326836334948e-07,4.0115591324102136e-05,8.330177313649617e-05,6.297038154295333e-06,1.1670442914528906e-05,2.1901669714883049e-07,4.775745351661939e-07,1.0597206763773848e-05,1.1003255466657258e-05,7.370013881957682e-06
E2_A3p1,chease_public,1088,libneo_Boozer,0.64175,7.102498738096759e-07,5.101255504977908e-07,3.195400778421842e-07,2.688865352595826e-09,1.0905548334243184e-05,2.9116362085810466e-05,1.0720112129605147e-07,1.9717931512933595e-07,3.154298567821815e-05,6.229667501370373e-05,5.166552541601289e-06,9.040873209400622e-06,2.806851131183701e-07,6.20692047113577e-07,9.20766333889489e-06,9.886475764386837e-06,6.170640487468404e-06
E2_A3p1,chease_public,1088,libneo_Boozer,0.72625,7.060985787145822e-07,5.100442972305774e-07,2.2783063235998213e-07,2.688865352595826e-09,1.1688825392042848e-05,3.2174190571485005e-05,7.05175906709421e-08,1.2839454909399962e-07,2.4262051129712324e-05,4.595638899802606e-05,4.109744946229984e-06,6.853375347739679e-06,3.542215179412534e-07,7.990733614074729e-07,7.64661427476998e-06,8.491406794597367e-06,4.982047318358163e-06
E2_A3p1,chease_public,1088,libneo_Boozer,0.81075,7.214611071761899e-07,5.283178461709205e-07,9.276450572137662e-07,2.688865352595826e-09,1.2413646305191568e-05,3.478322416343533e-05,6.188843869189143e-08,7.688889276589013e-08,1.8643146780006922e-05,3.3823372675932714e-05,3.243426047149944e-06,5.149845663079323e-06,4.446164566357929e-07,9.627179872028685e-07,5.620237120695926e-06,6.460808079311597e-06,3.5876843919036006e-06
E2_A3p1,chease_public,1088,libneo_Boozer,0.89525,8.354920736249459e-07,6.046537452952068e-07,4.005107023807852e-08,2.688865352595826e-09,1.2890515422807708e-05,4.034350765439725e-05,9.102525465011567e-08,1.2257437039583024e-07,1.509983482871184e-05,3.382337496871392e-05,2.6837645347810664e-06,5.231301306742241e-06,5.336868632522348e-07,1.1144816497461838e-06,3.548109182571757e-06,4.196176850324029e-06,2.2174412993569703e-06
E2_A3p1,chease_public,1088,libneo_Boozer,0.97975,1.0181471347329583e-06,7.53096467997931e-07,6.358080016921619e-07,2.688865352595826e-09,2.1125093446424096e-05,6.106380456513085e-05,1.198329099217943e-07,1.5406832406853697e-07,1.4449672730972266e-05,3.799675514298091e-05,2.6116016259290803e-06,5.944158822321823e-06,6.289871164237476e-07,1.3571091933852775e-06,1.0209436956953866e-06,1.2373622406691709e-06,6.250422350806417e-07
E2_A3p1,chease_public,1088,NEO_RT,0.05,,6.195944031001091e-07,2.2285705378877196e-06,,,,,,,,,,,,,,
E2_A3p1,chease_public,1088,NEO_RT,0.13454545454545455,,6.496756949264876e-07,7.330742524125355e-08,,,,,,,,,,,,,,
E2_A3p1,chease_public,1088,NEO_RT,0.21909090909090911,,6.131504038024826e-07,2.8216011749293557e-09,,,,,,,,,,,,,,
E2_A3p1,chease_public,1088,NEO_RT,0.30363636363636365,,5.976281385421658e-07,1.4397436509661077e-07,,,,,,,,,,,,,,
E2_A3p1,chease_public,1088,NEO_RT,0.3881818181818182,,5.436017348997631e-07,3.9604638135681824e-07,,,,,,,,,,,,,,
E2_A3p1,chease_public,1088,NEO_RT,0.4727272727272728,,5.17653048280843e-07,5.883647210547238e-07,,,,,,,,,,,,,,
E2_A3p1,chease_public,1088,NEO_RT,0.5572727272727274,,5.125019091089222e-07,5.855799676268703e-07,,,,,,,,,,,,,,
E2_A3p1,chease_public,1088,NEO_RT,0.641818181818182,,5.1027854928776e-07,3.221460765923112e-07,,,,,,,,,,,,,,
E2_A3p1,chease_public,1088,NEO_RT,0.7263636363636364,,5.099861237323704e-07,2.2063669424809973e-07,,,,,,,,,,,,,,
E2_A3p1,chease_public,1088,NEO_RT,0.810909090909091,,5.28413289094917e-07,9.222333170466612e-07,,,,,,,,,,,,,,
E2_A3p1,chease_public,1088,NEO_RT,0.8954545454545456,,6.039985909440437e-07,5.0789099814707583e-08,,,,,,,,,,,,,,
E2_A3p1,chease_public,1088,NEO_RT,0.9800000000000001,,7.536572436737257e-07,6.288860521230788e-07,,,,,,,,,,,,,,
E2_A3p1,chease_public,1088,NEO_2,0.05,,6.195939380308764e-07,2.2285705389979427e-06,,,,,,,,,,,,,,
E2_A3p1,chease_public,1088,NEO_2,0.13454545454545455,,6.49675431409991e-07,7.330742390898592e-08,,,,,,,,,,,,,,
E2_A3p1,chease_public,1088,NEO_2,0.21909090909090911,,6.131505233265434e-07,2.8215987324387015e-09,,,,,,,,,,,,,,
E2_A3p1,chease_public,1088,NEO_2,0.30363636363636365,,5.976281339425843e-07,1.4397436287616472e-07,,,,,,,,,,,,,,
E2_A3p1,chease_public,1088,NEO_2,0.3881818181818182,,5.436017925288587e-07,3.9604639301416e-07,,,,,,,,,,,,,,
E2_A3p1,chease_public,1088,NEO_2,0.4727272727272728,,5.176530473211933e-07,5.883647179460993e-07,,,,,,,,,,,,,,
E2_A3p1,chease_public,1088,NEO_2,0.5572727272727274,,5.12501917361762e-07,5.855799690701602e-07,,,,,,,,,,,,,,
E2_A3p1,chease_public,1088,NEO_2,0.641818181818182,,5.102785380910338e-07,3.221460754820882e-07,,,,,,,,,,,,,,
E2_A3p1,chease_public,1088,NEO_2,0.7263636363636364,,5.099860762893156e-07,2.2063669158356447e-07,,,,,,,,,,,,,,
E2_A3p1,chease_public,1088,NEO_2,0.810909090909091,,5.28413410410715e-07,9.222333181568843e-07,,,,,,,,,,,,,,
E2_A3p1,chease_public,1088,NEO_2,0.8954545454545456,,6.039985952278087e-07,5.078910025879679e-08,,,,,,,,,,,,,,
E2_A3p1,chease_public,1088,NEO_2,0.9800000000000001,,7.536572630978412e-07,6.288860486813874e-07,,,,,,,,,,,,,,
E1_A10,chease_public,4224,libneo_Boozer,0.05025,8.74584430663707e-09,8.730127913196532e-09,6.22724893872828e-09,1.2560261719585242e-09,8.410405148985986e-09,1.3770707896171984e-08,6.412495286703969e-09,7.641670586628246e-09,1.2684270703479173e-07,1.8599393599131412e-07,6.684101844273608e-09,7.689728021216709e-09,6.414460572818443e-09,7.652657467892375e-09,1.3828596594211984e-08,1.3740283036356438e-08,3.0647685334006525e-08
E1_A10,chease_public,4224,libneo_Boozer,0.13475,7.285162578191462e-09,7.285633231455667e-09,3.8106016120309505e-09,1.2560261719585242e-09,3.20494335108376e-08,4.876087165004866e-08,1.2550150276868815e-08,1.300557929521314e-08,1.4318641933053757e-07,1.60135665927354e-07,1.3022826796981642e-08,1.3561431134373811e-08,1.2552416765010741e-08,1.3089065114830567e-08,4.149263843622464e-08,4.151653384965037e-08,5.654922691222808e-08
E1_A10,chease_public,4224,libneo_Boozer,0.21925,7.076526919108031e-10,5.540440868682045e-10,4.4901611317982315e-09,1.2560261719585242e-09,3.623670946445631e-08,5.280142149827109e-08,4.56387099803503e-09,4.7351303794681175e-09,8.916511834481499e-08,9.743236281925197e-08,5.3377367160491725e-09,5.4849255625009046e-09,4.552030824759218e-09,4.647797236347775e-09,4.058611491331021e-08,4.0613551022250505e-08,4.336817499561718e-08
E1_A10,chease_public,4224,libneo_Boozer,0.30375,9.103850382218989e-09,9.089018966640295e-09,5.003198300101985e-09,1.2560261719585242e-09,1.511451659326331e-08,2.9002922920661617e-08,1.0354217807917673e-08,1.0118443453514204e-08,2.9754385757893264e-08,5.148718909122369e-08,1.040437820562725e-08,1.0112017314449956e-08,1.0345605166773762e-08,1.0103229631254712e-08,1.9628412173400278e-08,1.974881957966801e-08,1.791649262283812e-08
E1_A10,chease_public,4224,libneo_Boozer,0.38825,2.5126952172182016e-09,2.476585771057954e-09,4.068060999173895e-09,1.2560261719585242e-09,7.368603461229875e-08,1.1122237361683532e-07,7.587897142761984e-09,7.722968379155918e-09,8.281289423004839e-08,9.366074225693948e-08,8.318838911596333e-09,8.608807693513482e-09,7.582014408199793e-09,7.549307421163273e-09,6.846204270161138e-08,6.832296067793564e-08,5.482529397138336e-08
E1_A10,chease_public,4224,libneo_Boozer,0.47275,3.0140559946219978e-09,3.0115913872523295e-09,6.169480482043355e-10,1.2560261719585242e-09,1.3187298750924006e-07,1.921857484753662e-07,1.0283009067409802e-08,1.0570378991909326e-08,1.0680179499380664e-07,1.2604355237741073e-07,1.1369132346433001e-08,1.1974009179084722e-08,1.0282277570232665e-08,1.0795173433844916e-08,1.0080099777098894e-07,1.0092496277591678e-07,7.339269081363398e-08
E1_A10,chease_public,4224,libneo_Boozer,0.55725,3.4822445801696406e-09,3.4765358391135355e-09,1.3749195115764223e-09,1.2560261719585242e-09,1.6961876003733928e-07,2.4077023467443146e-07,3.802817855944407e-09,3.781833394843201e-09,9.732468893592645e-08,1.0628896314521655e-07,6.136013324774384e-09,6.404105017680464e-09,3.796516837507709e-09,4.0130615419861765e-09,1.0681167361692445e-07,1.0667024241683976e-07,7.144770264311262e-08
E1_A10,chease_public,4224,libneo_Boozer,0.64175,6.204773408036297e-09,6.208839969651322e-09,3.05524716637251e-09,1.2560261719585242e-09,1.5387059528862177e-07,2.3068662045328857e-07,1.109867062041116e-08,1.045218625200345e-08,6.008599342386053e-08,6.161836199121162e-08,1.1533561268146284e-08,1.0912768797623835e-08,1.1075619315894956e-08,1.0272060452831052e-08,8.280216035050358e-08,8.265703677068359e-08,5.159016436273589e-08
E1_A10,chease_public,4224,libneo_Boozer,0.72625,1.2019167630005408e-09,1.0267753124529752e-09,5.595899410515415e-09,1.2560261719585242e-09,1.2638509508944229e-08,2.6411343067214838e-08,1.0472658771941063e-09,1.4700613434078521e-09,8.949959702310148e-09,1.9772537880211968e-08,1.161470985708202e-09,1.7878829834915156e-09,1.0666217080888231e-09,1.490674143998742e-09,7.001549229279647e-09,7.234985499593449e-09,4.244872009451228e-09
E1_A10,chease_public,4224,libneo_Boozer,0.81075,1.3335644428036646e-09,1.3292693736319739e-09,5.284207738043278e-09,1.2560261719585242e-09,5.540721545661605e-07,8.460431234062865e-07,9.537677103141118e-09,9.026835850780981e-09,9.069237165206857e-08,8.826044474776964e-08,1.0952062762953065e-08,1.0345609174144887e-08,9.498155117051043e-09,9.282206420776492e-09,1.5965958022334803e-07,1.6020966209229215e-07,8.896418590698119e-08
E1_A10,chease_public,4224,libneo_Boozer,0.89525,9.1742755196707e-09,9.192283458143288e-09,1.9870647349762294e-09,1.2560261719585242e-09,4.090371574623406e-07,6.424199954571e-07,6.045808292101977e-09,5.810599184024074e-09,3.482240474839976e-08,3.909594080789132e-08,6.416898523935861e-09,6.24873235145012e-09,6.055431366597877e-09,5.931209552373691e-09,6.70693257598387e-08,6.755710046935093e-08,3.5700050693421304e-08
E1_A10,chease_public,4224,libneo_Boozer,0.97975,1.96020793517634e-09,1.867632597973798e-09,3.663545689036596e-09,1.2560261719585242e-09,1.244820008490593e-06,1.991861012053662e-06,3.6788427169144424e-09,4.349708234699758e-09,5.278290292428419e-08,1.4760936189588305e-07,5.045863578762924e-09,1.0085200584607233e-08,3.6923284625963346e-09,4.317773563264743e-09,4.0226401876175544e-08,4.0971403936218564e-08,2.06963237658897e-08
E1_A10,chease_public,4224,NEO_RT,0.05,,8.055607414531267e-09,5.2035125097660284e-09,,,,,,,,,,,,,,
E1_A10,chease_public,4224,NEO_RT,0.13454545454545455,,1.3302712463812763e-09,7.869563445339622e-09,,,,,,,,,,,,,,
E1_A10,chease_public,4224,NEO_RT,0.21909090909090911,,3.939540004907204e-09,3.2588041154468783e-09,,,,,,,,,,,,,,
E1_A10,chease_public,4224,NEO_RT,0.30363636363636365,,6.429436246875955e-09,2.7103504995906746e-09,,,,,,,,,,,,,,
E1_A10,chease_public,4224,NEO_RT,0.3881818181818182,,1.6495419527489977e-09,4.178918988628766e-09,,,,,,,,,,,,,,
E1_A10,chease_public,4224,NEO_RT,0.4727272727272728,,3.3489565699102635e-09,1.0433092167971836e-09,,,,,,,,,,,,,,
E1_A10,chease_public,4224,NEO_RT,0.5572727272727274,,3.141987895309844e-09,1.3372719598336857e-09,,,,,,,,,,,,,,
E1_A10,chease_public,4224,NEO_RT,0.641818181818182,,6.831763298271997e-09,3.6555934945781132e-09,,,,,,,,,,,,,,
E1_A10,chease_public,4224,NEO_RT,0.7263636363636364,,6.678019586698995e-10,5.500381483614092e-09,,,,,,,,,,,,,,
E1_A10,chease_public,4224,NEO_RT,0.810909090909091,,4.983653566482453e-09,5.9009079844685175e-09,,,,,,,,,,,,,,
E1_A10,chease_public,4224,NEO_RT,0.8954545454545456,,3.202838827327661e-09,6.673905872389696e-10,,,,,,,,,,,,,,
E1_A10,chease_public,4224,NEO_RT,0.9800000000000001,,7.225643310049647e-09,8.506182647138871e-09,,,,,,,,,,,,,,
E1_A10,chease_public,4224,NEO_2,0.05,,8.05557915493617e-09,5.20350085242427e-09,,,,,,,,,,,,,,
E1_A10,chease_public,4224,NEO_2,0.13454545454545455,,1.330309786363925e-09,7.86956921849935e-09,,,,,,,,,,,,,,
E1_A10,chease_public,4224,NEO_2,0.21909090909090911,,3.939524673296358e-09,3.258799452510175e-09,,,,,,,,,,,,,,
E1_A10,chease_public,4224,NEO_2,0.30363636363636365,,6.4294110891266525e-09,2.7103499444791623e-09,,,,,,,,,,,,,,
E1_A10,chease_public,4224,NEO_2,0.3881818181818182,,1.6495348949193765e-09,4.1789143256920624e-09,,,,,,,,,,,,,,
E1_A10,chease_public,4224,NEO_2,0.4727272727272728,,3.348958496701523e-09,1.0433121033770476e-09,,,,,,,,,,,,,,
E1_A10,chease_public,4224,NEO_2,0.5572727272727274,,3.1419865249590053e-09,1.3372659646293528e-09,,,,,,,,,,,,,,
E1_A10,chease_public,4224,NEO_2,0.641818181818182,,6.83176185155369e-09,3.6555894977752246e-09,,,,,,,,,,,,,,
E1_A10,chease_public,4224,NEO_2,0.7263636363636364,,6.678265973980653e-10,5.500388811086054e-09,,,,,,,,,,,,,,
E1_A10,chease_public,4224,NEO_2,0.810909090909091,,4.983654336383607e-09,5.9009048758440485e-09,,,,,,,,,,,,,,
E1_A10,chease_public,4224,NEO_2,0.8954545454545456,,3.202836386978852e-09,6.673839259008219e-10,,,,,,,,,,,,,,
E1_A10,chease_public,4224,NEO_2,0.9800000000000001,,7.225644836675288e-09,8.506182203049661e-09,,,,,,,,,,,,,,
E2_A3p1,chease_public,4224,libneo_Boozer,0.05025,1.4909157510804157e-08,1.0627262343014921e-08,9.030180825320144e-09,4.391349950338963e-09,2.501386225695489e-08,6.794305510097651e-08,1.0891533599837247e-08,2.245646906530268e-08,5.229928592228775e-06,7.6129312476830405e-06,2.915255151767661e-07,4.138643755581471e-07,3.375064535718335e-09,5.953128212210927e-09,6.080705728522817e-08,5.549999819443041e-08,1.2379270711293522e-07
E2_A3p1,chease_public,4224,libneo_Boozer,0.13475,1.9670752157813837e-08,1.8030430574603366e-08,6.895758786207296e-08,4.391349950338963e-09,3.775516298200002e-08,9.474287935707369e-08,3.8269769791217275e-09,8.338893616732415e-09,6.102083683581112e-07,1.2049190446589587e-06,5.4263094050428184e-08,1.0138144736043086e-07,3.4177686122751906e-09,9.77599406494533e-09,7.710840094210525e-08,6.912620240107081e-08,9.415608054341718e-08
E2_A3p1,chease_public,4224,libneo_Boozer,0.21925,1.3922672939498228e-08,1.106714993297758e-08,2.623095340936743e-08,4.391349950338963e-09,4.5617703580118294e-08,1.1396467163319781e-07,8.981192359264116e-09,1.1050554805924462e-08,2.8888488943171605e-07,8.353180513907069e-07,3.301951683803812e-08,8.56883140389912e-08,9.134647785183212e-09,1.2955666452804303e-08,8.284841185313141e-08,9.450782764708343e-08,1.0091785956900523e-07
E2_A3p1,chease_public,4224,libneo_Boozer,0.30375,2.4268415167095767e-08,2.064356784718688e-08,7.017227521277647e-08,4.391349950338963e-09,7.782362371624688e-08,2.2388483971379924e-07,1.101076649323438e-08,1.912791488414943e-08,3.1709745332670286e-07,1.1494330598655767e-06,4.1412059636126895e-08,1.331461512222034e-07,1.0866356054226912e-08,1.6871361094331097e-08,1.4488674654478118e-07,1.1279037376299428e-07,1.0232551450606309e-07
E2_A3p1,chease_public,4224,libneo_Boozer,0.38825,2.381560942655398e-08,1.96291362200641e-08,2.435642831866147e-08,4.391349950338963e-09,8.036166257350097e-08,1.7271715464376389e-07,4.43273324099044e-09,5.492566931262703e-09,1.5436248536170295e-07,3.9201860561678595e-07,2.18273044402949e-08,4.95677553981251e-08,4.886932438808955e-09,1.007302703206433e-08,9.618447138759478e-08,1.3529404757628427e-07,1.0856579069074002e-07
E2_A3p1,chease_public,4224,libneo_Boozer,0.47275,3.313152684674723e-08,2.728877144252345e-08,5.63762392324918e-09,4.391349950338963e-09,1.1804895325833183e-07,3.091305381163846e-07,1.0297026025066216e-08,2.1885390045768425e-08,3.501766387404181e-07,7.227245892751355e-07,5.303891093328623e-08,9.699629776867537e-08,1.0394931537954482e-08,1.970168327612381e-08,1.4720737195883515e-07,1.330875192273595e-07,9.678133217061458e-08
E2_A3p1,chease_public,4224,libneo_Boozer,0.55725,3.5635441518810346e-08,2.8476994905371844e-08,1.3300567536234098e-08,4.391349950338963e-09,1.823119907428662e-07,5.325462258561836e-07,1.4295102023738076e-08,2.6488134084881848e-08,8.990945006059363e-07,1.8787514271195716e-06,1.4180702243934624e-07,2.632486715874515e-07,7.797076724525314e-09,1.7943051957138357e-08,2.1041329567594858e-07,1.511141890508938e-07,1.0121624938186358e-07
E2_A3p1,chease_public,4224,libneo_Boozer,0.64175,3.504166461840231e-08,2.6938484690614045e-08,1.8812095547993124e-08,4.391349950338963e-09,1.5856207917464968e-07,3.2321497904090587e-07,1.6055402633421435e-08,2.386616523414221e-08,1.2904106978713505e-06,3.2665436394152185e-06,2.1191003647337415e-07,4.740567222115881e-07,8.216272964787212e-09,1.5001793607935334e-08,1.0177737430616673e-07,1.9535004680548695e-07,1.2192720499903942e-07
E2_A3p1,chease_public,4224,libneo_Boozer,0.72625,4.9139338593186864e-08,4.144701894907558e-08,8.270952200906123e-08,4.391349950338963e-09,2.275795829904668e-07,6.024882041494485e-07,9.915603779325566e-09,1.727356795898725e-08,1.2738634990523977e-06,3.6908037683704316e-06,2.1596992809595046e-07,5.504386305792667e-07,5.375082144595138e-09,1.4024492419313422e-08,1.4246969604059245e-07,1.6250581835741684e-07,9.53445494777938e-08
E2_A3p1,chease_public,4224,libneo_Boozer,0.81075,3.579005102794641e-08,2.81835151301004e-08,5.170394956621749e-08,4.391349950338963e-09,2.3725720008224124e-07,8.475914198617313e-07,8.273730906476322e-09,1.2425531397402614e-08,9.75559984170922e-07,2.9532245130876457e-06,1.6988781604830053e-07,4.497830896428209e-07,1.0301508949269705e-08,1.9072554446148885e-08,1.37544451495053e-07,2.205374968200502e-07,1.224641565933382e-07
E2_A3p1,chease_public,4224,libneo_Boozer,0.89525,3.2086226926289906e-08,2.3061411419545132e-08,7.495650677924459e-08,4.391349950338963e-09,3.5871543532305724e-07,1.0044695989899724e-06,1.407682013743651e-08,2.1808294456707423e-08,5.823991261854916e-07,1.659032730916915e-06,1.0437820895095142e-07,2.572876356921069e-07,1.7958064107737457e-08,3.23908064272201e-08,8.808110774083389e-08,9.465294537047697e-08,5.001865210907397e-08
E2_A3p1,chease_public,4224,libneo_Boozer,0.97975,3.79770617264172e-08,3.180253625921809e-08,4.021776511820008e-08,4.391349950338963e-09,1.1341214026654962e-06,2.207303589153525e-06,4.8033226765230975e-09,8.477530283757093e-09,3.4573015972092203e-07,7.403136776865424e-07,6.260134146268014e-08,1.1603493191696724e-07,1.0106921878644917e-08,2.003827260772488e-08,3.685663685359941e-08,3.581519658624188e-08,1.8091713571699586e-08
E2_A3p1,chease_public,4224,NEO_RT,0.05,,1.205508827959768e-08,1.828534990089281e-08,,,,,,,,,,,,,,
E2_A3p1,chease_public,4224,NEO_RT,0.13454545454545455,,1.439160749513338e-08,7.006062285874748e-08,,,,,,,,,,,,,,
E2_A3p1,chease_public,4224,NEO_RT,0.21909090909090911,,1.1987449973665605e-08,2.981184188399766e-08,,,,,,,,,,,,,,
E2_A3p1,chease_public,4224,NEO_RT,0.30363636363636365,,2.0083246656482755e-08,7.035388593923386e-08,,,,,,,,,,,,,,
E2_A3p1,chease_public,4224,NEO_RT,0.3881818181818182,,2.037747290554771e-08,2.6349711856887836e-08,,,,,,,,,,,,,,
E2_A3p1,chease_public,4224,NEO_RT,0.4727272727272728,,2.7266935361766506e-08,5.303541161794101e-09,,,,,,,,,,,,,,
E2_A3p1,chease_public,4224,NEO_RT,0.5572727272727274,,2.8038032985859883e-08,1.3525697895033773e-08,,,,,,,,,,,,,,
E2_A3p1,chease_public,4224,NEO_RT,0.641818181818182,,2.6408050572614985e-08,1.8475428853470532e-08,,,,,,,,,,,,,,
E2_A3p1,chease_public,4224,NEO_RT,0.7263636363636364,,4.130283007625787e-08,8.155180664104478e-08,,,,,,,,,,,,,,
E2_A3p1,chease_public,4224,NEO_RT,0.810909090909091,,2.8420594443133627e-08,5.3183354498109736e-08,,,,,,,,,,,,,,
E2_A3p1,chease_public,4224,NEO_RT,0.8954545454545456,,2.3517609538373572e-08,7.688116121506994e-08,,,,,,,,,,,,,,
E2_A3p1,chease_public,4224,NEO_RT,0.9800000000000001,,3.170798049731934e-08,3.9821474562273806e-08,,,,,,,,,,,,,,
E2_A3p1,chease_public,4224,NEO_2,0.05,,1.2055102666934865e-08,1.8285350122937416e-08,,,,,,,,,,,,,,
E2_A3p1,chease_public,4224,NEO_2,0.13454545454545455,,1.4391309505250629e-08,7.006062496817123e-08,,,,,,,,,,,,,,
E2_A3p1,chease_public,4224,NEO_2,0.21909090909090911,,1.1987471306387252e-08,2.981184255013147e-08,,,,,,,,,,,,,,
E2_A3p1,chease_public,4224,NEO_2,0.30363636363636365,,2.008314611502987e-08,7.035388727150149e-08,,,,,,,,,,,,,,
E2_A3p1,chease_public,4224,NEO_2,0.3881818181818182,,2.0377495016706057e-08,2.6349721182761243e-08,,,,,,,,,,,,,,
E2_A3p1,chease_public,4224,NEO_2,0.4727272727272728,,2.7266943310712246e-08,5.303537164991212e-09,,,,,,,,,,,,,,
E2_A3p1,chease_public,4224,NEO_2,0.5572727272727274,,2.803805749982423e-08,1.3525701225702846e-08,,,,,,,,,,,,,,
E2_A3p1,chease_public,4224,NEO_2,0.641818181818182,,2.6408189509077645e-08,1.847543329436263e-08,,,,,,,,,,,,,,
E2_A3p1,chease_public,4224,NEO_2,0.7263636363636364,,4.1302794193394824e-08,8.155180852842392e-08,,,,,,,,,,,,,,
E2_A3p1,chease_public,4224,NEO_2,0.810909090909091,,2.8420501185946383e-08,5.318335971615795e-08,,,,,,,,,,,,,,
E2_A3p1,chease_public,4224,NEO_2,0.8954545454545456,,2.3517807098341558e-08,7.688116143711454e-08,,,,,,,,,,,,,,
E2_A3p1,chease_public,4224,NEO_2,0.9800000000000001,,3.170790636318589e-08,3.982147211978315e-08,,,,,,,,,,,,,,
E2_A20,chease_public,66048,libneo_Boozer,0.05025,7.601875861264931e-10,6.099588593874328e-10,4.415785959110963e-09,9.39146538314617e-10,3.47146139414319e-08,5.111793909990807e-08,4.733241996635337e-09,4.893596582893134e-09,4.6167837710887945e-07,5.710586153246823e-07,5.864582440985802e-09,6.318914132001803e-09,4.732743809922546e-09,4.919407442919259e-09,4.808178143828057e-08,4.778639930286266e-08,1.0658747540137625e-07
E2_A20,chease_public,66048,libneo_Boozer,0.13475,5.121686570821872e-09,5.098573214892793e-09,1.9528489936249116e-10,9.39146538314617e-10,5.971019412224905e-08,9.21324429368984e-08,1.0015767793291447e-08,1.0042154012695814e-08,2.7129415704572737e-07,3.1825561050291983e-07,1.0554038261963868e-08,1.0742024703161791e-08,1.0013176660290814e-08,1.0000437549171092e-08,7.925294895350099e-08,7.902483961652607e-08,1.0763888164122548e-07
E2_A20,chease_public,66048,libneo_Boozer,0.21925,4.515907979195973e-09,4.4711639126605544e-09,3.440158158340978e-09,9.39146538314617e-10,2.3428404024679333e-08,3.064474491810157e-08,5.6159598844314915e-09,5.696443066481576e-09,6.372709516231432e-08,1.1911574795519097e-07,5.703091970720129e-09,5.972562377573709e-09,5.6162015067980864e-09,5.719854577343184e-09,2.4276766541486694e-08,2.4214665217403564e-08,2.585703268165318e-08
E2_A20,chease_public,66048,libneo_Boozer,0.30375,9.006086502058605e-09,8.985369859950346e-09,6.250935324914053e-09,9.39146538314617e-10,1.6373177340011464e-07,2.628439363574795e-07,1.7707667307893197e-09,2.2460096250857568e-09,2.6859556213861313e-07,3.523950133043532e-07,5.249925116197888e-09,6.46501697285659e-09,1.763472661603047e-09,2.1852237440283524e-09,1.830853811335409e-07,1.8269680940319333e-07,1.6574593630913625e-07
E2_A20,chease_public,66048,libneo_Boozer,0.38825,6.8754081248859485e-09,6.8491159726356084e-09,6.649453987428444e-09,9.39146538314617e-10,9.063319639376719e-08,1.57495575353397e-07,9.914642026269448e-09,9.753872784720447e-09,1.0457146759001842e-07,1.5264196253799352e-07,1.0148072919636744e-08,1.0136186052232965e-08,9.913821521180551e-09,9.78792484048873e-09,9.588360960766096e-08,9.59399610311884e-08,7.698635939856757e-08
E2_A20,chease_public,66048,libneo_Boozer,0.47275,7.403010846905763e-09,7.3639820192472544e-09,5.381240564261702e-09,9.39146538314617e-10,8.129821522715243e-08,1.1597826177977615e-07,5.130791602668019e-09,5.4364660241123665e-09,6.498317880524417e-08,8.383500176662257e-08,5.3413566900694925e-09,5.527860191227759e-09,5.135522514626698e-09,5.413126291052314e-09,6.127038260084205e-08,6.100636690264949e-08,4.4363868689778485e-08
E2_A20,chease_public,66048,libneo_Boozer,0.55725,9.072009915855494e-09,9.056411299172942e-09,4.854532331677319e-09,9.39146538314617e-10,3.282306280662362e-07,5.140487370202862e-07,1.5872196550858862e-08,1.537097398114687e-08,1.8420393791801726e-07,2.1447670689102613e-07,1.6515344195454493e-08,1.6201309290375338e-08,1.585653322855195e-08,1.534105222742969e-08,2.2722837023092524e-07,2.2707004554423094e-07,1.5209146986272515e-07
E2_A20,chease_public,66048,libneo_Boozer,0.64175,5.3613246458273495e-09,5.329721584794681e-09,5.394715230089275e-09,9.39146538314617e-10,3.536319237528819e-07,5.014704090747302e-07,4.606334417786193e-10,7.558755269427561e-10,1.4058543549815932e-07,1.5072735937998896e-07,3.777453849976905e-09,3.949905000609157e-09,5.156214671389117e-10,8.519813742424193e-10,1.7929720763643076e-07,1.7920828621065255e-07,1.1185236792332631e-07
E2_A20,chease_public,66048,libneo_Boozer,0.72625,1.2611102670243232e-09,1.1250071699857268e-09,6.848559053196368e-09,9.39146538314617e-10,2.6166762423402265e-07,4.2703317771660334e-07,2.0580590997237386e-09,2.994806471854636e-09,6.361211096253917e-08,6.747686335515173e-08,2.735778909210678e-09,3.4726299561805312e-09,2.071783128664885e-09,3.039832420251804e-09,1.1664398380517582e-07,1.1652908149528685e-07,6.83693218705983e-08
E2_A20,chease_public,66048,libneo_Boozer,0.81075,3.3864472498606932e-09,3.3217008831265095e-09,5.6659843483686245e-09,9.39146538314617e-10,2.0515616357126665e-07,3.1747304900728156e-07,4.6218195755687685e-09,5.045641672205511e-09,3.660254934891866e-08,5.8221684437300044e-08,4.747885767697854e-09,5.318801356748099e-09,4.611537845584569e-09,4.98748622530114e-09,5.976885919523056e-08,6.026862309216341e-08,3.346707733165033e-08
E2_A20,chease_public,66048,libneo_Boozer,0.89525,6.733853501571603e-09,6.71357185694568e-09,2.0169586001372863e-09,9.39146538314617e-10,3.190382417319822e-07,4.589663985516213e-07,7.977973191197223e-09,7.708296815670745e-09,2.659994448118264e-08,3.246862770416786e-08,8.017741121491269e-09,7.766293660837864e-09,7.972175344397629e-09,7.668193480469139e-09,4.783020834953078e-08,4.8369741212361816e-08,2.5560632499477265e-08
E2_A20,chease_public,66048,libneo_Boozer,0.97975,8.622364128533415e-09,8.582526625562137e-09,6.2574707637708116e-09,9.39146538314617e-10,4.0475691012121534e-06,6.218354204696119e-06,1.1469803206822893e-08,1.172160353447652e-08,8.042385412280497e-08,1.6237511045375782e-07,1.176422934685337e-08,1.1977163732862405e-08,1.1468039315822172e-08,1.1771015747949695e-08,1.253497123876457e-07,1.265465677802169e-07,6.392382079223324e-08
E2_A20,chease_public,66048,NEO_RT,0.05,,5.686270410510186e-09,3.6899582278593357e-09,,,,,,,,,,,,,,
E2_A20,chease_public,66048,NEO_RT,0.13454545454545455,,1.4047075822645124e-09,2.8370927829257653e-10,,,,,,,,,,,,,,
E2_A20,chease_public,66048,NEO_RT,0.21909090909090911,,2.434591547296065e-09,2.268581544839776e-09,,,,,,,,,,,,,,
E2_A20,chease_public,66048,NEO_RT,0.30363636363636365,,9.21025976170054e-09,6.6481098404125305e-09,,,,,,,,,,,,,,
E2_A20,chease_public,66048,NEO_RT,0.3881818181818182,,7.281323333884718e-09,6.174223465826856e-09,,,,,,,,,,,,,,
E2_A20,chease_public,66048,NEO_RT,0.4727272727272728,,7.600592701714193e-09,5.343891884557195e-09,,,,,,,,,,,,,,
E2_A20,chease_public,66048,NEO_RT,0.5572727272727274,,9.385556465556818e-09,4.62006510826285e-09,,,,,,,,,,,,,,
E2_A20,chease_public,66048,NEO_RT,0.641818181818182,,4.687129454943304e-09,4.322765145836627e-09,,,,,,,,,,,,,,
E2_A20,chease_public,66048,NEO_RT,0.7263636363636364,,9.864806093309688e-10,4.351985993800156e-09,,,,,,,,,,,,,,
E2_A20,chease_public,66048,NEO_RT,0.810909090909091,,3.0380400512200525e-09,5.704414940410629e-09,,,,,,,,,,,,,,
E2_A20,chease_public,66048,NEO_RT,0.8954545454545456,,5.185523450636135e-09,2.464427550918913e-09,,,,,,,,,,,,,,
E2_A20,chease_public,66048,NEO_RT,0.9800000000000001,,8.482007003451297e-09,4.359084870841912e-09,,,,,,,,,,,,,,
E2_A20,chease_public,66048,NEO_2,0.05,,5.686262802660734e-09,3.6899624467068293e-09,,,,,,,,,,,,,,
E2_A20,chease_public,66048,NEO_2,0.13454545454545455,,1.404705590229661e-09,2.8370772398034205e-10,,,,,,,,,,,,,,
E2_A20,chease_public,66048,NEO_2,0.21909090909090911,,2.4345875849889136e-09,2.2685737732786038e-09,,,,,,,,,,,,,,
E2_A20,chease_public,66048,NEO_2,0.30363636363636365,,9.210266926098703e-09,6.648111394724765e-09,,,,,,,,,,,,,,
E2_A20,chease_public,66048,NEO_2,0.3881818181818182,,7.281327652656621e-09,6.174243449841299e-09,,,,,,,,,,,,,,
E2_A20,chease_public,66048,NEO_2,0.4727272727272728,,7.600576395854722e-09,5.343889442066541e-09,,,,,,,,,,,,,,
E2_A20,chease_public,66048,NEO_2,0.5572727272727274,,9.385559154700387e-09,4.620059668170029e-09,,,,,,,,,,,,,,
E2_A20,chease_public,66048,NEO_2,0.641818181818182,,4.687131735796921e-09,4.32275670814164e-09,,,,,,,,,,,,,,
E2_A20,chease_public,66048,NEO_2,0.7263636363636364,,9.864744766304443e-10,4.3519904346922544e-09,,,,,,,,,,,,,,
E2_A20,chease_public,66048,NEO_2,0.810909090909091,,3.038044932348439e-09,5.704415828589049e-09,,,,,,,,,,,,,,
E2_A20,chease_public,66048,NEO_2,0.8954545454545456,,5.1855232058300305e-09,2.4644200014023454e-09,,,,,,,,,,,,,,
E2_A20,chease_public,66048,NEO_2,0.9800000000000001,,8.482010133410241e-09,4.3590867582210535e-09,,,,,,,,,,,,,,
E1_A10,chease_public,16640,libneo_Boozer,0.05025,8.745094961127882e-09,8.729752562100048e-09,6.22724893872828e-09,1.568138507934691e-09,8.395307047942543e-09,1.3849327049673649e-08,6.412469373224162e-09,7.649758451031137e-09,1.2702023694152637e-07,1.9121426161929641e-07,6.68482421915479e-09,7.67957327903018e-09,6.414431452681607e-09,7.657551757292313e-09,1.3780131535856555e-08,1.3772044310522702e-08,3.071852883174131e-08
E1_A10,chease_public,16640,libneo_Boozer,0.13475,7.285519078097698e-09,7.285811549179786e-09,3.8106016120309505e-09,1.568138507934691e-09,3.1921448376337766e-08,4.883041249751821e-08,1.2550144108031564e-08,1.3007327668094177e-08,1.431640103206212e-07,1.5787122749998775e-07,1.3022674476569398e-08,1.3519187821495395e-08,1.2552423886137866e-08,1.308259319525742e-08,4.166493780544123e-08,4.164632197434237e-08,5.672600988937404e-08
E1_A10,chease_public,16640,libneo_Boozer,0.21925,7.054668236648157e-10,5.526550726865904e-10,4.4901611317982315e-09,1.568138507934691e-09,3.540541755443012e-08,5.145034188276254e-08,4.564044421061979e-09,4.747307510692389e-09,8.913583797814648e-08,9.398554725333978e-08,5.33741227848741e-09,5.524891837088136e-09,4.55213917807512e-09,4.6581804916117855e-09,3.963297620646067e-08,3.9641237431498055e-08,4.232991407393527e-08
E1_A10,chease_public,16640,libneo_Boozer,0.30375,9.104125908635698e-09,9.089156857296716e-09,5.003198300101985e-09,1.568138507934691e-09,1.4289387533328076e-08,2.6877371847934947e-08,1.0354303361349485e-08,1.0006899311892107e-08,2.9763133963442792e-08,4.744242365204753e-08,1.0404496716056399e-08,1.0001646340683812e-08,1.0345586919582817e-08,9.99909784593369e-09,1.8239756982563193e-08,1.831803009277877e-08,1.661845416833785e-08
E1_A10,chease_public,16640,libneo_Boozer,0.38825,2.5126797491519347e-09,2.4765775706223536e-09,4.068060999173895e-09,1.568138507934691e-09,7.479427575153095e-08,1.116082653629183e-07,7.587771856066601e-09,7.709719602976675e-09,8.274198227523305e-08,8.905262087626066e-08,8.31751830577254e-09,8.501385018043749e-09,7.581944743335382e-09,7.545924520270408e-09,6.861865353702257e-08,6.849311778855949e-08,5.49618354162007e-08
E1_A10,chease_public,16640,libneo_Boozer,0.47275,3.011701471189983e-09,3.0104124594453807e-09,6.169480482043355e-10,1.568138507934691e-09,1.3279479020487686e-07,1.9188946717488047e-07,1.0258680609043592e-08,1.0656948543326431e-08,1.0434060280236778e-07,1.0615221920454048e-07,1.129942731585016e-08,1.1566444977511694e-08,1.025778871639457e-08,1.0838144299478256e-08,1.0071324102467472e-07,1.0081567808351011e-07,7.331321894010756e-08
E1_A10,chease_public,16640,libneo_Boozer,0.55725,3.48137023297137e-09,3.4760973802364028e-09,1.3749195115764223e-09,1.568138507934691e-09,1.7354386002576074e-07,2.4500530526427953e-07,3.803065654079382e-09,3.878930231162099e-09,9.734780267693473e-08,1.035572326963677e-07,6.137065442351627e-09,6.3560401843478705e-09,3.796615941612345e-09,4.114466769446535e-09,1.0862697341629257e-07,1.0850795129080382e-07,7.267859969406487e-08
E1_A10,chease_public,16640,libneo_Boozer,0.64175,6.204962925501055e-09,6.208935333075544e-09,3.05524716637251e-09,1.568138507934691e-09,1.539246333958743e-07,2.3050449841159964e-07,1.109860595538944e-08,1.0435260167552481e-08,6.010046053022557e-08,6.18048237872158e-08,1.1533711971890444e-08,1.0897512402177711e-08,1.1075603013562791e-08,1.0298987866431783e-08,8.26906346729217e-08,8.255971828408093e-08,5.152942328390253e-08
E1_A10,chease_public,16640,libneo_Boozer,0.72625,1.1981329430521285e-09,1.0245583231683383e-09,5.595899410515415e-09,1.568138507934691e-09,1.496432010975191e-08,3.275195354619804e-08,1.050908895187327e-09,1.5500585876366253e-09,8.494608130580346e-09,1.5211422635852905e-08,1.1538077077770134e-09,1.69619030765107e-09,1.0677089932778906e-09,1.5635678606711607e-09,8.769765802441043e-09,8.982295685022734e-09,5.270044511895833e-09
E1_A10,chease_public,16640,libneo_Boozer,0.81075,1.331877251220895e-09,1.3284182719878701e-09,5.284207738043278e-09,1.568138507934691e-09,5.410817831286209e-07,8.035045069993482e-07,6.769999573313465e-09,7.525036356005522e-09,8.786704264532155e-08,8.888965800312841e-08,8.554337802163999e-09,9.113446871281314e-09,6.793123502136438e-09,7.799827835360211e-09,1.5164895816877078e-07,1.521792610814643e-07,8.450491639777624e-08
E1_A10,chease_public,16640,libneo_Boozer,0.89525,9.172983836305447e-09,9.191636424381134e-09,1.9870647349762294e-09,1.568138507934691e-09,4.066387166587092e-07,6.29287552042856e-07,6.046050143816818e-09,5.836123503463304e-09,3.473922231921924e-08,3.9886845065803785e-08,6.415352294133056e-09,6.310296189202203e-09,6.0556826758322735e-09,5.965206658936487e-09,6.571014754541693e-08,6.618690695514573e-08,3.497598199952989e-08
E1_A10,chease_public,16640,libneo_Boozer,0.97975,2.0547701063192884e-09,1.918884870505773e-09,1.8780413557628606e-08,1.568138507934691e-09,1.235691372581636e-06,1.7998258975880051e-06,3.6151111827147607e-09,4.388874668790002e-09,5.688870217042195e-08,1.7574988368618583e-07,5.189889969879739e-09,1.1786991539807068e-08,3.6966766805080475e-09,4.617275701312252e-09,3.634926104556513e-08,3.7072740211030464e-08,1.8726950101743967e-08
E1_A10,chease_public,16640,NEO_RT,0.05,,8.054913240838235e-09,4.828083155494767e-09,,,,,,,,,,,,,,
E1_A10,chease_public,16640,NEO_RT,0.13454545454545455,,1.3301996921403882e-09,6.512943517833492e-10,,,,,,,,,,,,,,
E1_A10,chease_public,16640,NEO_RT,0.21909090909090911,,3.939334534482614e-09,3.114206004184439e-09,,,,,,,,,,,,,,
E1_A10,chease_public,16640,NEO_RT,0.30363636363636365,,6.429629752536053e-09,2.701205814581442e-09,,,,,,,,,,,,,,
E1_A10,chease_public,16640,NEO_RT,0.3881818181818182,,1.6495438256836954e-09,4.1816243800951725e-09,,,,,,,,,,,,,,
E1_A10,chease_public,16640,NEO_RT,0.4727272727272728,,3.3479046144501933e-09,1.0432956720762832e-09,,,,,,,,,,,,,,
E1_A10,chease_public,16640,NEO_RT,0.5572727272727274,,3.141507134777876e-09,1.3372719598336857e-09,,,,,,,,,,,,,,
E1_A10,chease_public,16640,NEO_RT,0.641818181818182,,6.831849974938664e-09,2.37014630144472e-09,,,,,,,,,,,,,,
E1_A10,chease_public,16640,NEO_RT,0.7263636363636364,,6.64401555306204e-10,5.6029320072426e-09,,,,,,,,,,,,,,
E1_A10,chease_public,16640,NEO_RT,0.810909090909091,,4.983466586494192e-09,5.806186420542758e-09,,,,,,,,,,,,,,
E1_A10,chease_public,16640,NEO_RT,0.8954545454545456,,3.2031354031010595e-09,1.1166685354169203e-09,,,,,,,,,,,,,,
E1_A10,chease_public,16640,NEO_RT,0.9800000000000001,,7.2363810284470135e-09,1.7585671807651693e-08,,,,,,,,,,,,,,
E1_A10,chease_public,16640,NEO_2,0.05,,8.054880968410963e-09,4.8280792697141806e-09,,,,,,,,,,,,,,
E1_A10,chease_public,16640,NEO_2,0.13454545454545455,,1.3302409238334007e-09,6.512941297387442e-10,,,,,,,,,,,,,,
E1_A10,chease_public,16640,NEO_2,0.21909090909090911,,3.939317090117561e-09,3.114199564890896e-09,,,,,,,,,,,,,,
E1_A10,chease_public,16640,NEO_2,0.30363636363636365,,6.429604101737049e-09,2.70121203183038e-09,,,,,,,,,,,,,,
E1_A10,chease_public,16640,NEO_2,0.3881818181818182,,1.6495314061549742e-09,4.181616608534e-09,,,,,,,,,,,,,,
E1_A10,chease_public,16640,NEO_2,0.4727272727272728,,3.3479095120089053e-09,1.0432956720762832e-09,,,,,,,,,,,,,,
E1_A10,chease_public,16640,NEO_2,0.5572727272727274,,3.141501638788368e-09,1.337267963030797e-09,,,,,,,,,,,,,,
E1_A10,chease_public,16640,NEO_2,0.641818181818182,,6.831855491622712e-09,2.3701468565562323e-09,,,,,,,,,,,,,,
E1_A10,chease_public,16640,NEO_2,0.7263636363636364,,6.64422692333659e-10,5.602929453729644e-09,,,,,,,,,,,,,,
E1_A10,chease_public,16640,NEO_2,0.810909090909091,,4.983463715940534e-09,5.806186642587363e-09,,,,,,,,,,,,,,
E1_A10,chease_public,16640,NEO_2,0.8954545454545456,,3.203134515685353e-09,1.1166720881305991e-09,,,,,,,,,,,,,,
E1_A10,chease_public,16640,NEO_2,0.9800000000000001,,7.236382546633274e-09,1.7585670142317156e-08,,,,,,,,,,,,,,
E2_A3p1,chease_public,16640,libneo_Boozer,0.05025,8.404974749695656e-09,6.0664680203009055e-09,9.030180825320144e-09,7.739937801787278e-09,7.431865476417207e-09,1.2025908218924407e-08,3.6034537087920717e-09,4.077915136331232e-09,1.7190013481115153e-07,1.0807603480235071e-06,1.0228974328983621e-08,5.887648809484249e-08,3.574620458825286e-09,5.433041329271154e-09,4.876449903601365e-09,1.5898625152499513e-08,3.546186530534179e-08
E2_A3p1,chease_public,16640,libneo_Boozer,0.13475,2.079460981899324e-08,1.8654491886047778e-08,3.103546086791198e-09,7.739937801787278e-09,1.2818059766058384e-08,5.2526928103677536e-08,1.2263715298615952e-08,2.710787875501054e-08,2.104670986126811e-07,8.842033826429859e-07,2.2310790729667724e-08,7.595740655879649e-08,1.2237604035501958e-08,2.6680925368356373e-08,5.006387213124519e-08,7.848650465658302e-08,1.0690565260818019e-07
E2_A3p1,chease_public,16640,libneo_Boozer,0.21925,1.8452579836302007e-08,1.4022150994615891e-08,1.2663916471034042e-08,7.739937801787278e-09,1.0713086021970402e-08,2.9056645262268406e-08,9.734162845773772e-09,1.0167967575265111e-08,9.380901001967568e-08,3.283517296060946e-07,1.4148246306177982e-08,3.488365187296403e-08,9.640799267182414e-09,1.1644604981095617e-08,1.6631230614905235e-08,6.151970854961775e-08,6.569230537323278e-08
E2_A3p1,chease_public,16640,libneo_Boozer,0.30375,2.5476738064001167e-08,2.1367869471140224e-08,2.8230883852842226e-08,7.739937801787278e-09,3.836130008813064e-08,1.2775349013010585e-07,5.353555141708113e-09,1.3297894672461322e-08,1.005378914688147e-07,3.845313114937853e-07,1.3733461976248332e-08,4.511316213728925e-08,4.8694567361994225e-09,1.1534803151350539e-08,8.840749893268551e-08,1.5023577126793697e-07,1.362966763895912e-07
E2_A3p1,chease_public,16640,libneo_Boozer,0.38825,2.3930352868800284e-08,1.9702864594209403e-08,3.876853904571931e-08,7.739937801787278e-09,3.6058659760074605e-08,6.911224916125825e-08,5.482317062504179e-09,6.6790696581522716e-09,8.173142946915671e-08,2.474797989912164e-07,1.2555554843312762e-08,3.16424897368108e-08,5.61675628941429e-09,8.386797941969957e-09,3.5353699190388e-08,9.848634047182614e-08,7.902969401119009e-08
E2_A3p1,chease_public,16640,libneo_Boozer,0.47275,3.251929351592793e-08,2.6907749817581613e-08,2.408852695090502e-08,7.739937801787278e-09,4.977736742143539e-08,1.1159696966710663e-07,1.1762705613530147e-08,1.814254356240761e-08,9.875107738932366e-08,3.0433095550801356e-07,1.8728990831027464e-08,4.125808038070948e-08,1.19267511315602e-08,1.973626448225983e-08,5.700952498965961e-08,1.4334578951613608e-07,1.0424115370888387e-07
E2_A3p1,chease_public,16640,libneo_Boozer,0.55725,3.1356724281343746e-08,2.5753305128044088e-08,3.270305970470844e-08,7.739937801787278e-09,7.2395915172088e-08,8.914844573639434e-08,8.455533781303738e-09,9.571270588995208e-09,5.5816476646854466e-08,3.2916174762867384e-07,1.2102411770408913e-08,4.611662443627351e-08,8.188412806177007e-09,1.0573617104570442e-08,3.272285520328211e-08,9.04334584994615e-08,6.057230828027116e-08
E2_A3p1,chease_public,16640,libneo_Boozer,0.64175,2.324243502753336e-08,1.9298947151172173e-08,3.4639888513154915e-08,7.739937801787278e-09,1.1404363495601834e-07,2.5455548051949493e-07,1.0900003137829756e-08,1.3275298626218484e-08,5.5153854033244884e-08,1.3565144262234278e-07,1.4042812250074543e-08,2.173179156305227e-08,1.0344588257149803e-08,1.1804187915389713e-08,7.837637960861343e-08,7.899728149407537e-08,4.930593799912231e-08
E2_A3p1,chease_public,16640,libneo_Boozer,0.72625,1.953776355914727e-08,1.7274580032249763e-08,3.367687895217131e-08,7.739937801787278e-09,1.0648294444923547e-07,2.1547692385608599e-07,6.065194005710164e-09,1.1412813789810377e-08,6.558923637552732e-08,3.855415058660748e-07,1.2614735354903983e-08,5.847213425274692e-08,5.774286113869815e-09,1.7474579331616394e-08,4.960757959970863e-08,1.0054101551304484e-07,5.8988888551603225e-08
E2_A3p1,chease_public,16640,libneo_Boozer,0.81075,2.3176706272013132e-08,2.030391362454234e-08,1.7933326046382092e-08,7.739937801787278e-09,1.6415944389123732e-07,2.8285151809933015e-07,9.071661181595406e-09,1.3745431455915919e-08,6.848358148117495e-08,3.2145168533713736e-07,1.4889841410073659e-08,5.048516497891949e-08,8.8741402551723e-09,1.876404276293232e-08,4.682805609945717e-08,1.1684365175401723e-07,6.488311066199515e-08
E2_A3p1,chease_public,16640,libneo_Boozer,0.89525,1.8652242194070718e-08,1.736503894906599e-08,1.230708013277848e-08,7.739937801787278e-09,3.223772191221754e-07,4.933129046220537e-07,1.6419426628091444e-08,2.3467418855548684e-08,4.454487838274893e-08,1.9151876580489616e-07,1.7991729464018052e-08,3.2205549129293725e-08,1.5869546157374913e-08,2.3808364900764602e-08,4.27989316209576e-08,4.5978517215772285e-08,2.429700862727202e-08
E2_A3p1,chease_public,16640,libneo_Boozer,0.97975,9.055047599166565e-09,8.707453442848249e-09,3.197503906093857e-08,7.739937801787278e-09,2.105085390552752e-06,5.22066457937531e-06,3.1398791429256985e-09,7.594906724462296e-09,1.9391021694341464e-07,5.6013651228327e-07,3.514712418468388e-08,8.764759540703547e-08,5.199369766835482e-09,1.7563376782469953e-08,8.741800017197932e-08,1.1406026678706382e-07,5.761648547153442e-08
E2_A3p1,chease_public,16640,NEO_RT,0.05,,7.635698612250318e-09,8.409752005889004e-09,,,,,,,,,,,,,,
E2_A3p1,chease_public,16640,NEO_RT,0.13454545454545455,,1.5079652104941613e-08,4.576300893788243e-09,,,,,,,,,,,,,,
E2_A3p1,chease_public,16640,NEO_RT,0.21909090909090911,,1.4829044008364003e-08,1.6062658425575194e-08,,,,,,,,,,,,,,
E2_A3p1,chease_public,16640,NEO_RT,0.30363636363636365,,2.1046681239886508e-08,2.808450638713822e-08,,,,,,,,,,,,,,
E2_A3p1,chease_public,16640,NEO_RT,0.3881818181818182,,2.0003738175769045e-08,3.8943947178182725e-08,,,,,,,,,,,,,,
E2_A3p1,chease_public,16640,NEO_RT,0.4727272727272728,,2.6889076640298517e-08,2.373754848239429e-08,,,,,,,,,,,,,,
E2_A3p1,chease_public,16640,NEO_RT,0.5572727272727274,,2.5771902215912962e-08,3.308361173903762e-08,,,,,,,,,,,,,,
E2_A3p1,chease_public,16640,NEO_RT,0.641818181818182,,2.0506641455374383e-08,3.386709279684652e-08,,,,,,,,,,,,,,
E2_A3p1,chease_public,16640,NEO_RT,0.7263636363636364,,1.7116185147290452e-08,3.3979966174157994e-08,,,,,,,,,,,,,,
E2_A3p1,chease_public,16640,NEO_RT,0.810909090909091,,1.9071020210771482e-08,1.811516825434012e-08,,,,,,,,,,,,,,
E2_A3p1,chease_public,16640,NEO_RT,0.8954545454545456,,1.9631489984468436e-08,8.996886902146173e-09,,,,,,,,,,,,,,
E2_A3p1,chease_public,16640,NEO_RT,0.9800000000000001,,1.3293239903558039e-08,3.239106693975202e-08,,,,,,,,,,,,,,
E2_A3p1,chease_public,16640,NEO_2,0.05,,7.636236162968554e-09,8.409752005889004e-09,,,,,,,,,,,,,,
E2_A3p1,chease_public,16640,NEO_2,0.13454545454545455,,1.5080060710635952e-08,4.576300449699033e-09,,,,,,,,,,,,,,
E2_A3p1,chease_public,16640,NEO_2,0.21909090909090911,,1.4829028229593006e-08,1.606265731535217e-08,,,,,,,,,,,,,,
E2_A3p1,chease_public,16640,NEO_2,0.30363636363636365,,2.1046620012822657e-08,2.8084495951041788e-08,,,,,,,,,,,,,,
E2_A3p1,chease_public,16640,NEO_2,0.3881818181818182,,2.0003761905236265e-08,3.894395683712304e-08,,,,,,,,,,,,,,
E2_A3p1,chease_public,16640,NEO_2,0.4727272727272728,,2.6889074679172508e-08,2.3737555476799344e-08,,,,,,,,,,,,,,
E2_A3p1,chease_public,16640,NEO_2,0.5572727272727274,,2.5771918307021373e-08,3.308360707610092e-08,,,,,,,,,,,,,,
E2_A3p1,chease_public,16640,NEO_2,0.641818181818182,,2.0506503660378934e-08,3.386708657959758e-08,,,,,,,,,,,,,,
E2_A3p1,chease_public,16640,NEO_2,0.7263636363636364,,1.7115983542571408e-08,3.3979958513619124e-08,,,,,,,,,,,,,,
E2_A3p1,chease_public,16640,NEO_2,0.810909090909091,,1.9071111135758892e-08,1.8115161259935064e-08,,,,,,,,,,,,,,
E2_A3p1,chease_public,16640,NEO_2,0.8954545454545456,,1.963145690047843e-08,8.996885347833938e-09,,,,,,,,,,,,,,
E2_A3p1,chease_public,16640,NEO_2,0.9800000000000001,,1.3293226355149359e-08,3.239106716179663e-08,,,,,,,,,,,,,,
E2_A20,chease_mars,1088,libneo_Boozer,0.05025,5.783797073496038e-09,4.100036885684506e-09,1.9352661362326273e-08,9.595655381389179e-10,5.7344264500486786e-08,1.6580303291364164e-07,4.747449537719141e-09,4.7259737123230525e-09,6.904750629434613e-06,1.6497595901537653e-05,5.2005984988032153e-08,1.2289478728863136e-07,4.745710292590098e-09,4.810797280642596e-09,1.5742157382508948e-07,1.5625195720625484e-07,3.4851951394299086e-07
E2_A20,chease_mars,1088,libneo_Boozer,0.13475,9.159935442506668e-09,7.405177273452354e-09,3.009205684634253e-08,9.595655381389179e-10,1.2920529000091352e-07,2.9308718144621365e-07,9.983942421114866e-09,1.0122219510884234e-08,5.6106360813660275e-06,1.3385854778590621e-05,6.958244837562766e-08,1.624836891420714e-07,9.98591244396743e-09,1.0138042969162541e-08,2.534501209183748e-07,2.523701443934989e-07,3.437508628301167e-07
E2_A20,chease_mars,1088,libneo_Boozer,0.21925,9.440815824453622e-09,7.373489049784653e-09,3.440158158340978e-09,9.595655381389179e-10,1.7224008886116115e-07,4.482283042330582e-07,5.664022311561141e-09,5.634244321381593e-09,4.69736312618396e-06,1.1253983735672675e-05,7.370600576708514e-08,1.7328322919970412e-07,5.664627368605837e-09,5.7218557949163e-09,3.495925824936741e-07,3.4878402485616355e-07,3.724402552474082e-07
E2_A20,chease_mars,1088,libneo_Boozer,0.30375,1.2300415529844502e-08,1.0763149658681534e-08,8.720511868176573e-09,9.595655381389179e-10,2.7996735291965566e-07,7.765329553164399e-07,1.7707230414313332e-09,2.4361509939070397e-09,3.969547230783154e-06,9.521528827174253e-06,7.30644581511393e-08,1.7186164978060018e-07,1.7628630768417396e-09,2.477580858357419e-09,5.3990117510061e-07,5.392995774400333e-07,4.892622951224723e-07
E2_A20,chease_mars,1088,libneo_Boozer,0.38825,1.044624479089467e-08,8.82335796076355e-09,6.649453987428444e-09,9.595655381389179e-10,2.8206813558040375e-07,6.455528313405922e-07,9.915518172326614e-09,9.721673113087057e-09,3.3215628552852317e-06,7.950753684928881e-06,6.975806206046761e-08,1.6199498044267223e-07,9.91488119582913e-09,9.840718025278024e-09,3.9422577485792587e-07,3.933604282302383e-07,3.1564945968121094e-07
E2_A20,chease_mars,1088,libneo_Boozer,0.47275,1.0410599532674138e-08,9.001791176613514e-09,5.381240564261702e-09,9.595655381389179e-10,3.364820725013385e-07,9.120086092764075e-07,5.130292021854752e-09,5.3902076114900935e-09,2.75287449639906e-06,6.591530130633843e-06,6.331174032706166e-08,1.4758828805697858e-07,5.136121097405932e-09,5.45056632895447e-09,4.798111603032673e-07,4.800532087401166e-07,3.490948985440667e-07
E2_A20,chease_mars,1088,libneo_Boozer,0.55725,1.124081111854606e-08,1.0201021408193262e-08,4.854532331677319e-09,9.595655381389179e-10,5.211058004971042e-07,1.3557443368226667e-06,1.586924354282135e-08,1.5400216475237313e-08,2.2452695322049527e-06,5.353148744192339e-06,5.804819078523097e-08,1.305854474539143e-07,1.5853791255119654e-08,1.5517827369985386e-08,5.987227577053389e-07,5.992792715403539e-07,4.013969840954701e-07
E2_A20,chease_mars,1088,libneo_Boozer,0.64175,7.925340668289304e-09,6.74188772757387e-09,5.394715230089275e-09,9.595655381389179e-10,4.955726625831341e-07,1.2001591387221502e-06,4.155493571052681e-10,7.650210136507891e-10,1.7733860481732282e-06,4.183353953083228e-06,4.729638695414902e-08,1.0847799147576787e-07,5.125228472623906e-10,1.2601247940040631e-09,4.287030459515506e-07,4.2926921495212156e-07,2.6792724749924446e-07
E2_A20,chease_mars,1088,libneo_Boozer,0.72625,5.116868931103839e-09,3.6841328227786845e-09,6.848559053196368e-09,9.595655381389179e-10,4.6704377582261316e-07,1.1143634914568126e-06,2.018348842969237e-09,2.810291737253255e-09,1.3427211655731521e-06,3.112027528434777e-06,3.811968845007596e-08,8.567742328714916e-08,2.054103034659836e-09,3.462439938591951e-09,3.040500242690314e-07,3.049900055840382e-07,1.7894212278601884e-07
E2_A20,chease_mars,1088,libneo_Boozer,0.81075,5.311624097997451e-09,4.406212659616419e-09,5.6659843483686245e-09,9.595655381389179e-10,5.026406885424002e-07,1.344743515938326e-06,4.62182692878985e-09,5.000923591754852e-09,9.647035402797286e-07,2.1062428900383848e-06,2.924307778701806e-08,6.119877994262544e-08,4.622740218859063e-09,5.39778125536811e-09,2.5354852328796085e-07,2.5376342605021307e-07,1.4091444711095136e-07
E2_A20,chease_mars,1088,libneo_Boozer,0.89525,7.658850222670226e-09,7.192784564236589e-09,2.0169586001372863e-09,9.595655381389179e-10,5.869270110532417e-07,1.7675997939574937e-06,7.97209283756238e-09,7.824389142870282e-09,6.735519831756831e-07,1.2036893951212517e-06,2.2620200179770214e-08,3.733068562598364e-08,7.979810673171319e-09,8.410124981827418e-09,1.8439830806737945e-07,1.8505012622238581e-07,9.778836895790732e-08
E2_A20,chease_mars,1088,libneo_Boozer,0.97975,1.0994172161461205e-08,1.0625182528226838e-08,6.2574707637708116e-09,9.595655381389179e-10,8.556212974596853e-07,2.033580292811617e-06,7.243097685806708e-09,7.188409241243757e-09,5.660921716779023e-07,1.3969661334034558e-06,1.9959184507792873e-08,4.482997099039591e-08,7.2731696442737325e-09,8.033807286988169e-09,4.0996289030204025e-08,4.102260753313658e-08,2.0722189186805906e-08
E2_A20,chease_mars,1088,NEO_RT,0.05,,7.0191224395309135e-09,1.7016092646038317e-08,,,,,,,,,,,,,,
E2_A20,chease_mars,1088,NEO_RT,0.13454545454545455,,5.554252168923122e-09,3.1785256537908424e-08,,,,,,,,,,,,,,
E2_A20,chease_mars,1088,NEO_RT,0.21909090909090911,,6.345800291531516e-09,2.6190738466880248e-09,,,,,,,,,,,,,,
E2_A20,chease_mars,1088,NEO_RT,0.30363636363636365,,1.0956807585617333e-08,8.289257502624992e-09,,,,,,,,,,,,,,
E2_A20,chease_mars,1088,NEO_RT,0.3881818181818182,,9.172847325666713e-09,5.835915417584658e-09,,,,,,,,,,,,,,
E2_A20,chease_mars,1088,NEO_RT,0.4727272727272728,,9.193118837716474e-09,5.333413377606178e-09,,,,,,,,,,,,,,
E2_A20,chease_mars,1088,NEO_RT,0.5572727272727274,,1.0494114093226768e-08,5.3523503407149065e-09,,,,,,,,,,,,,,
E2_A20,chease_mars,1088,NEO_RT,0.641818181818182,,6.246103875676244e-09,4.865702840639585e-09,,,,,,,,,,,,,,
E2_A20,chease_mars,1088,NEO_RT,0.7263636363636364,,3.6436568335556615e-09,7.2373526061042526e-09,,,,,,,,,,,,,,
E2_A20,chease_mars,1088,NEO_RT,0.810909090909091,,4.2286493393017084e-09,5.704419159258123e-09,,,,,,,,,,,,,,
E2_A20,chease_mars,1088,NEO_RT,0.8954545454545456,,8.160193848866986e-09,1.207980160344846e-09,,,,,,,,,,,,,,
E2_A20,chease_mars,1088,NEO_RT,0.9800000000000001,,4.116572655866113e-09,4.470577130710751e-09,,,,,,,,,,,,,,
E2_A20,chease_mars,1088,NEO_2,0.05,,7.019068576474621e-09,1.701609553261818e-08,,,,,,,,,,,,,,
E2_A20,chease_mars,1088,NEO_2,0.13454545454545455,,5.55425815522392e-09,3.1785251208837906e-08,,,,,,,,,,,,,,
E2_A20,chease_mars,1088,NEO_2,0.21909090909090911,,6.34578432502393e-09,2.619070293974346e-09,,,,,,,,,,,,,,
E2_A20,chease_mars,1088,NEO_2,0.30363636363636365,,1.095680657595517e-08,8.28926738360991e-09,,,,,,,,,,,,,,
E2_A20,chease_mars,1088,NEO_2,0.3881818181818182,,9.172847323630106e-09,5.8359370669336386e-09,,,,,,,,,,,,,,
E2_A20,chease_mars,1088,NEO_2,0.4727272727272728,,9.193108092393457e-09,5.3334150429407146e-09,,,,,,,,,,,,,,
E2_A20,chease_mars,1088,NEO_2,0.5572727272727274,,1.0494115689144995e-08,5.3523457888005055e-09,,,,,,,,,,,,,,
E2_A20,chease_mars,1088,NEO_2,0.641818181818182,,6.246099021566372e-09,4.865702729617283e-09,,,,,,,,,,,,,,
E2_A20,chease_mars,1088,NEO_2,0.7263636363636364,,3.6436546746495006e-09,7.237357935174771e-09,,,,,,,,,,,,,,
E2_A20,chease_mars,1088,NEO_2,0.810909090909091,,4.228640164053248e-09,5.704417826990493e-09,,,,,,,,,,,,,,
E2_A20,chease_mars,1088,NEO_2,0.8954545454545456,,8.160189878188047e-09,1.2079783839880065e-09,,,,,,,,,,,,,,
E2_A20,chease_mars,1088,NEO_2,0.9800000000000001,,4.1165639363937075e-09,4.470577796844566e-09,,,,,,,,,,,,,,
E2_A20,chease_mars,4224,libneo_Boozer,0.05025,4.395303770494564e-10,4.2388898849027634e-10,1.052108999921586e-08,3.8708036775858545e-10,3.517725702281675e-08,5.161252733472398e-08,4.732420057255597e-09,4.89455477906381e-09,4.6053472437488576e-07,5.13367472869364e-07,5.8588577088298485e-09,6.156945695114452e-09,4.7327545994877705e-09,4.920800722335985e-09,4.874540071586608e-08,4.828728310951602e-08,1.0770469552334738e-07
E2_A20,chease_mars,4224,libneo_Boozer,0.13475,5.077026653612683e-09,5.076185946415322e-09,1.9528489936249116e-10,3.8708036775858545e-10,5.997462622063864e-08,9.223993655917995e-08,1.0012893549981658e-08,9.852258206343432e-09,2.720159032316608e-07,3.2810032654934353e-07,1.0554109914135539e-08,1.0615588604309361e-08,1.0010692487024682e-08,9.85517007447291e-09,7.952256500520782e-08,7.908546081902834e-08,1.0772145314641435e-07
E2_A20,chease_mars,4224,libneo_Boozer,0.21925,4.429012180108771e-09,4.427476919006557e-09,3.440158158340978e-09,3.8708036775858545e-10,2.356426172902165e-08,3.093405027218911e-08,5.615959833378786e-09,5.690702215544539e-09,6.363973123758809e-08,1.1326753630958918e-07,5.702853148664236e-09,5.9418072845184076e-09,5.616195800984255e-09,5.714083424599756e-09,2.4343065785359386e-08,2.442121932455521e-08,2.6077596360085664e-08
E2_A20,chease_mars,4224,libneo_Boozer,0.30375,8.963126845982187e-09,8.963858284819583e-09,6.250935324914053e-09,3.8708036775858545e-10,1.6258696317529365e-07,2.477819042002857e-07,1.8575724582639289e-09,2.728774943674827e-09,2.619778068636478e-07,2.8288236555049185e-07,5.166014614003761e-09,5.661751810849862e-09,1.888581504172956e-09,2.8159426911892714e-09,1.7208673375179728e-07,1.7163335019887427e-07,1.5570891531702102e-07
E2_A20,chease_mars,4224,libneo_Boozer,0.38825,6.8361586698605834e-09,6.829434105000645e-09,6.649453987428444e-09,3.8708036775858545e-10,9.012442282044474e-08,1.5915570089706128e-07,9.914741803977535e-09,9.771423177632167e-09,1.0495154504599965e-07,1.3910251382924195e-07,1.0149865841833159e-08,1.004180059741326e-08,9.913928604176303e-09,9.786823997145908e-09,9.702215142404214e-08,9.67728415735003e-08,7.765469856035878e-08
E2_A20,chease_mars,4224,libneo_Boozer,0.47275,7.358573446794567e-09,7.3416675850277484e-09,5.381240564261702e-09,3.8708036775858545e-10,8.363115615832424e-08,1.1858098306112375e-07,5.130747970181539e-09,5.439277749627797e-09,6.506452757634385e-08,8.204546278313818e-08,5.341835143533933e-09,5.509844935707124e-09,5.135554323474443e-09,5.418395564201949e-09,6.224150289613206e-08,6.211855796411925e-08,4.5172651952363196e-08
E2_A20,chease_mars,4224,libneo_Boozer,0.55725,9.035860491902047e-09,9.038309342958494e-09,4.854532331677319e-09,3.8708036775858545e-10,3.3038685603495087e-07,5.148519962231674e-07,1.587205595938356e-08,1.5340881105914118e-08,1.8423098848995802e-07,2.1318943814290456e-07,1.6515395778070813e-08,1.6182584744600068e-08,1.5856393950788782e-08,1.5343310143522487e-08,2.2749288408618895e-07,2.2772082464150856e-07,1.525273616298506e-07
E2_A20,chease_mars,4224,libneo_Boozer,0.64175,5.299921378845484e-09,5.298904460498058e-09,5.394715230089275e-09,3.8708036775858545e-10,3.537950218181641e-07,4.987401815599147e-07,4.608100387875111e-10,7.533376507359692e-10,1.4059469891703901e-07,1.502055431076627e-07,3.777720576645428e-09,3.949251056730554e-09,5.157347968761689e-10,8.497556773664346e-10,1.7824899123386473e-07,1.7858955425609224e-07,1.11466188057463e-07
E2_A20,chease_mars,4224,libneo_Boozer,0.72625,9.82606766102323e-10,9.761771357356928e-10,8.1807700613723e-09,3.8708036775858545e-10,2.612359858048305e-07,4.2521296065432826e-07,2.068864461015796e-09,3.0048645772815764e-09,6.497723388837414e-08,8.123159953119475e-08,2.7694999205451084e-09,3.278831304306964e-09,2.0717945628681503e-09,3.0380082320376396e-09,1.1609160854852973e-07,1.1641734898315548e-07,6.830376675370786e-08
E2_A20,chease_mars,4224,libneo_Boozer,0.81075,3.29258008976326e-09,3.27412722562923e-09,5.6659843483686245e-09,3.8708036775858545e-10,2.005479465257139e-07,2.8970501228610796e-07,4.606801725762621e-09,4.8588020907295136e-09,3.360513945474436e-08,4.0553833949429685e-08,4.713322108775987e-09,4.888787007657669e-09,4.59634818427699e-09,4.838206024745991e-09,5.4571720475848906e-08,5.460394136846958e-08,3.0321487987095e-08
E2_A20,chease_mars,4224,libneo_Boozer,0.89525,6.690480655519866e-09,6.6918314679492565e-09,2.0169586001372863e-09,3.8708036775858545e-10,3.1809292585787103e-07,4.510280216563693e-07,7.978003324935275e-09,7.705970279881095e-09,2.6593049501915085e-08,3.306347766975542e-08,8.017748480929042e-09,7.748566421196015e-09,7.97220004516164e-09,7.672112530713843e-09,4.7081019083350384e-08,4.7329958619002355e-08,2.5011167803512535e-08
E2_A20,chease_mars,4224,libneo_Boozer,0.97975,8.580364107653411e-09,8.561477896253528e-09,6.2574707637708116e-09,3.8708036775858545e-10,3.8808838409322e-06,6.482977869996066e-06,1.1469882446085025e-08,1.1633749844337809e-08,7.624024660736204e-08,1.64303239310785e-07,1.1734194776256047e-08,1.198064605353814e-08,1.1468231300672003e-08,1.1700281370012742e-08,1.3068844528785206e-07,1.3132131593263097e-07,6.633574023418021e-08
E2_A20,chease_mars,4224,NEO_RT,0.05,,5.669397196000443e-09,1.2834532325811665e-08,,,,,,,,,,,,,,
E2_A20,chease_mars,4224,NEO_RT,0.13454545454545455,,1.3169647485942558e-09,2.8370927829257653e-10,,,,,,,,,,,,,,
E2_A20,chease_mars,4224,NEO_RT,0.21909090909090911,,2.353127292950798e-09,2.3423529782462538e-09,,,,,,,,,,,,,,
E2_A20,chease_mars,4224,NEO_RT,0.30363636363636365,,9.189215594048031e-09,5.157158478041879e-09,,,,,,,,,,,,,,
E2_A20,chease_mars,4224,NEO_RT,0.3881818181818182,,7.262955865639385e-09,5.692517568434141e-09,,,,,,,,,,,,,,
E2_A20,chease_mars,4224,NEO_RT,0.4727272727272728,,7.578981444551781e-09,5.343891884557195e-09,,,,,,,,,,,,,,
E2_A20,chease_mars,4224,NEO_RT,0.5572727272727274,,9.36808752743174e-09,4.617456750288795e-09,,,,,,,,,,,,,,
E2_A20,chease_mars,4224,NEO_RT,0.641818181818182,,4.652041206844474e-09,4.332823988484336e-09,,,,,,,,,,,,,,
E2_A20,chease_mars,4224,NEO_RT,0.7263636363636364,,8.125018355032413e-10,9.183598770334811e-09,,,,,,,,,,,,,,
E2_A20,chease_mars,4224,NEO_RT,0.810909090909091,,2.985847499406929e-09,5.426787907936159e-09,,,,,,,,,,,,,,
E2_A20,chease_mars,4224,NEO_RT,0.8954545454545456,,5.157341370458507e-09,2.948567612293118e-09,,,,,,,,,,,,,,
E2_A20,chease_mars,4224,NEO_RT,0.9800000000000001,,8.46955519703487e-09,3.953648852750291e-09,,,,,,,,,,,,,,
E2_A20,chease_mars,4224,NEO_2,0.05,,5.669396963650464e-09,1.2834535212391529e-08,,,,,,,,,,,,,,
E2_A20,chease_mars,4224,NEO_2,0.13454545454545455,,1.3169641584413608e-09,2.8370183979831154e-10,,,,,,,,,,,,,,
E2_A20,chease_mars,4224,NEO_2,0.21909090909090911,,2.353122305388121e-09,2.3423385453469336e-09,,,,,,,,,,,,,,
E2_A20,chease_mars,4224,NEO_2,0.30363636363636365,,9.189221588872439e-09,5.157158922131089e-09,,,,,,,,,,,,,,
E2_A20,chease_mars,4224,NEO_2,0.3881818181818182,,7.262965715560888e-09,5.692527671463665e-09,,,,,,,,,,,,,,
E2_A20,chease_mars,4224,NEO_2,0.4727272727272728,,7.578969091059626e-09,5.343890996378775e-09,,,,,,,,,,,,,,
E2_A20,chease_mars,4224,NEO_2,0.5572727272727274,,9.368090054895402e-09,4.617456417221888e-09,,,,,,,,,,,,,,
E2_A20,chease_mars,4224,NEO_2,0.641818181818182,,4.652045521959052e-09,4.3328155507893484e-09,,,,,,,,,,,,,,
E2_A20,chease_mars,4224,NEO_2,0.7263636363636364,,8.1249522241488e-10,9.183599214424021e-09,,,,,,,,,,,,,,
E2_A20,chease_mars,4224,NEO_2,0.810909090909091,,2.9858491288802833e-09,5.4267896842929986e-09,,,,,,,,,,,,,,
E2_A20,chease_mars,4224,NEO_2,0.8954545454545456,,5.1573457391289795e-09,2.9485671682039083e-09,,,,,,,,,,,,,,
E2_A20,chease_mars,4224,NEO_2,0.9800000000000001,,8.469562537963026e-09,3.953650185017921e-09,,,,,,,,,,,,,,
E2_A20,chease_mars,16640,libneo_Boozer,0.05025,4.2959961766206293e-10,4.187685052976002e-10,4.415785959110963e-09,2.2910184860336358e-10,3.446286739751552e-08,5.0415938660508576e-08,4.733238935319002e-09,4.892890299115787e-09,4.6132634450586744e-07,5.509860282642954e-07,5.86302130035186e-09,6.191525911227905e-09,4.7327452810078165e-09,4.91863496618045e-09,4.7740993165679146e-08,4.7293042169938015e-08,1.0548704348911642e-07
E2_A20,chease_mars,16640,libneo_Boozer,0.13475,5.0754442102990845e-09,5.075394608634241e-09,1.9528489936249116e-10,2.2910184860336358e-10,5.966723467991061e-08,9.159622404968689e-08,1.0015775962873494e-08,1.0022366610576937e-08,2.715419175468505e-07,3.136845616817365e-07,1.055500579936336e-08,1.0708040045636625e-08,1.0013187564820272e-08,9.983310293527358e-09,7.908595511807448e-08,7.862100850908327e-08,1.0708882774990158e-07
E2_A20,chease_mars,16640,libneo_Boozer,0.21925,4.428752677995171e-09,4.427346898385462e-09,1.1519752152189255e-08,2.2910184860336358e-10,2.293435064089426e-08,3.041030706076535e-08,5.619626416204335e-09,5.705542893088243e-09,6.51665250234803e-08,1.199199329697283e-07,5.710678872683809e-09,5.951025177488621e-09,5.616222624720955e-09,5.726372847583619e-09,2.382630606700964e-08,2.3903560852911454e-08,2.5524827529377347e-08
E2_A20,chease_mars,16640,libneo_Boozer,0.30375,8.962818809768744e-09,8.963704095805688e-09,6.250935324914053e-09,2.2910184860336358e-10,1.6450878771240347e-07,2.62430242004101e-07,1.7705520307429207e-09,2.227250542359564e-09,2.686193657080807e-07,3.432161265722813e-07,5.25026508229172e-09,6.30372480686955e-09,1.7632559016617063e-09,2.168983401180758e-09,1.8255919448373348e-07,1.8235910814734524e-07,1.6543956737891108e-07
E2_A20,chease_mars,16640,libneo_Boozer,0.38825,6.835899966354279e-09,6.829304454497261e-09,6.649453987428444e-09,2.2910184860336358e-10,9.132969174742328e-08,1.5805572735442178e-07,9.914590296511083e-09,9.751296376183901e-09,1.0451973776897857e-07,1.420664835921031e-07,1.0147792091261564e-08,1.004722876625413e-08,9.913771264196311e-09,9.781585120594929e-09,9.6435193830402e-08,9.623465485608662e-08,7.722283446032208e-08
E2_A20,chease_mars,16640,libneo_Boozer,0.47275,7.358317597056623e-09,7.3415393633923635e-09,5.381240564261702e-09,2.2910184860336358e-10,8.130206942886843e-08,1.1703588246380836e-07,5.130808418987473e-09,5.437499792093082e-09,6.50478494175541e-08,8.561104498875972e-08,5.341786444353795e-09,5.526506714596748e-09,5.135538917942172e-09,5.41474951160202e-09,6.164630084182221e-08,6.166206628632764e-08,4.484069371368804e-08
E2_A20,chease_mars,16640,libneo_Boozer,0.55725,9.035728056178598e-09,9.038243124681098e-09,4.854532331677319e-09,2.2910184860336358e-10,3.278392625322157e-07,5.128002053695534e-07,1.5872209091353084e-08,1.535371887348608e-08,1.8420058539585802e-07,2.1498710350491115e-07,1.651533311385399e-08,1.620760332679662e-08,1.5856547603065342e-08,1.5339828207205777e-08,2.265254681610429e-07,2.2667788035501957e-07,1.5182879775643698e-07
E2_A20,chease_mars,16640,libneo_Boozer,0.64175,5.299825344955376e-09,5.298856401814026e-09,5.394715230089275e-09,2.2910184860336358e-10,3.536863398753254e-07,5.005137442670628e-07,4.6059754602702384e-10,7.551521670360801e-10,1.4057932546388383e-07,1.50756660829574e-07,3.7772877421439965e-09,3.9629175555219615e-09,5.155916468111333e-10,8.51088006038158e-10,1.7883293101927933e-07,1.7909328364762445e-07,1.1178058945127134e-07
E2_A20,chease_mars,16640,libneo_Boozer,0.72625,9.825242426993312e-10,9.761353494700517e-10,6.848559053196368e-09,2.2910184860336358e-10,2.612595745674542e-07,4.260127393414088e-07,2.0580643012222557e-09,2.9956762813646645e-09,6.362205835604204e-08,7.031536504031094e-08,2.7359687258950798e-09,3.4683542992064265e-09,2.0717869764385157e-09,3.0406269826560627e-09,1.1627195273256064e-07,1.165224161603362e-07,6.836541122101636e-08
E2_A20,chease_mars,16640,libneo_Boozer,0.81075,3.2919957581501697e-09,3.2738341091929848e-09,5.6659843483686245e-09,2.2910184860336358e-10,2.045282697232039e-07,3.244797012411383e-07,4.6216832194371205e-09,5.082927592676188e-09,3.670186577502822e-08,5.999375005408114e-08,4.748440035855246e-09,5.364997453822782e-09,4.611445410005463e-09,5.023671887778574e-09,6.115465323031088e-08,6.126092244596038e-08,3.401809978154091e-08
E2_A20,chease_mars,16640,libneo_Boozer,0.89525,6.690423745196671e-09,6.691802876616312e-09,2.0169586001372863e-09,2.2910184860336358e-10,3.1816975345918466e-07,4.508255884427754e-07,7.977973185954247e-09,7.680422617264506e-09,2.655257608059873e-08,3.0967456357584516e-08,8.017586003742746e-09,7.730769413052018e-09,7.972175885821044e-09,7.643756636578496e-09,4.7045421447400315e-08,4.728572733370129e-08,2.49877941671528e-08
E2_A20,chease_mars,16640,libneo_Boozer,0.97975,8.57944372134533e-09,8.561011079834243e-09,6.2574707637708116e-09,2.2910184860336358e-10,3.986526047396064e-06,6.399598878641724e-06,1.146995943754094e-08,1.1596699570740069e-08,7.634684813106638e-08,1.6005904489036246e-07,1.1735018185482987e-08,1.1903726009602985e-08,1.1468246487896941e-08,1.165662930429839e-08,1.2901036494650242e-07,1.2962772899527408e-07,6.548024067409841e-08
E2_A20,chease_mars,16640,NEO_RT,0.05,,5.668908156707285e-09,3.5816727361748235e-09,,,,,,,,,,,,,,
E2_A20,chease_mars,16640,NEO_RT,0.13454545454545455,,1.3138198070348473e-09,2.8372082461203263e-10,,,,,,,,,,,,,,
E2_A20,chease_mars,16640,NEO_RT,0.21909090909090911,,2.352835285035446e-09,7.864853657224558e-09,,,,,,,,,,,,,,
E2_A20,chease_mars,16640,NEO_RT,0.30363636363636365,,9.189074046377657e-09,6.681998510060794e-09,,,,,,,,,,,,,,
E2_A20,chease_mars,16640,NEO_RT,0.3881818181818182,,7.262837152257933e-09,5.6820091964837616e-09,,,,,,,,,,,,,,
E2_A20,chease_mars,16640,NEO_RT,0.4727272727272728,,7.57885675062584e-09,5.343891884557195e-09,,,,,,,,,,,,,,
E2_A20,chease_mars,16640,NEO_RT,0.5572727272727274,,9.368023173880353e-09,4.617457083355703e-09,,,,,,,,,,,,,,
E2_A20,chease_mars,16640,NEO_RT,0.641818181818182,,4.6519862812495615e-09,4.322765145836627e-09,,,,,,,,,,,,,,
E2_A20,chease_mars,16640,NEO_RT,0.7263636363636364,,8.124533627678368e-10,4.351985993800156e-09,,,,,,,,,,,,,,
E2_A20,chease_mars,16640,NEO_RT,0.810909090909091,,2.985528198015673e-09,5.704414940410629e-09,,,,,,,,,,,,,,
E2_A20,chease_mars,16640,NEO_RT,0.8954545454545456,,5.157236077840893e-09,2.464427550918913e-09,,,,,,,,,,,,,,
E2_A20,chease_mars,16640,NEO_RT,0.9800000000000001,,8.46901323558304e-09,3.953649074794896e-09,,,,,,,,,,,,,,
E2_A20,chease_mars,16640,NEO_2,0.05,,5.668907672863252e-09,3.5816669630150955e-09,,,,,,,,,,,,,,
E2_A20,chease_mars,16640,NEO_2,0.13454545454545455,,1.3138206473970917e-09,2.8371549554151443e-10,,,,,,,,,,,,,,
E2_A20,chease_mars,16640,NEO_2,0.21909090909090911,,2.3528303273489234e-09,7.864863538209477e-09,,,,,,,,,,,,,,
E2_A20,chease_mars,16640,NEO_2,0.30363636363636365,,9.18908006278808e-09,6.68199562348093e-09,,,,,,,,,,,,,,
E2_A20,chease_mars,16640,NEO_2,0.3881818181818182,,7.262844323156256e-09,5.682015746799607e-09,,,,,,,,,,,,,,
E2_A20,chease_mars,16640,NEO_2,0.4727272727272728,,7.5788410661922e-09,5.3438869995758864e-09,,,,,,,,,,,,,,
E2_A20,chease_mars,16640,NEO_2,0.5572727272727274,,9.368025865872356e-09,4.6174589707348446e-09,,,,,,,,,,,,,,
E2_A20,chease_mars,16640,NEO_2,0.641818181818182,,4.651988593238303e-09,4.322760815966831e-09,,,,,,,,,,,,,,
E2_A20,chease_mars,16640,NEO_2,0.7263636363636364,,8.124459120619132e-10,4.351985105621736e-09,,,,,,,,,,,,,,
E2_A20,chease_mars,16640,NEO_2,0.810909090909091,,2.985533168842523e-09,5.704413608143e-09,,,,,,,,,,,,,,
E2_A20,chease_mars,16640,NEO_2,0.8954545454545456,,5.157235826044055e-09,2.4644248863836538e-09,,,,,,,,,,,,,,
E2_A20,chease_mars,16640,NEO_2,0.9800000000000001,,8.469020583326174e-09,3.9536518503524576e-09,,,,,,,,,,,,,,
E1_A10,chease_public,66048,libneo_Boozer,0.05025,8.745499241842564e-09,8.729955112109906e-09,6.22724893872828e-09,6.131750662774493e-10,8.423723348082882e-09,1.3992282368195724e-08,6.41250537386373e-09,7.647688341935144e-09,1.2682113955104977e-07,1.8812063025627136e-07,6.6840208070531115e-09,7.682790141834751e-09,6.414453894124304e-09,7.654254710006462e-09,1.3775165626228603e-08,1.3777695172245696e-08,3.0731133054962e-08
E1_A10,chease_public,66048,libneo_Boozer,0.13475,7.284694044813068e-09,7.2853989682102325e-09,3.8106016120309505e-09,6.131750662774493e-10,3.195201088667558e-08,4.877252769085659e-08,1.2550149321489138e-08,1.3007177140508266e-08,1.4315157450383404e-07,1.5653305258605905e-07,1.3022598274449808e-08,1.352131044738304e-08,1.2552421357426848e-08,1.3079054980859142e-08,4.174304521487038e-08,4.168327791265192e-08,5.677634717926594e-08
E1_A10,chease_public,66048,libneo_Boozer,0.21925,7.084219300992304e-10,5.545402758629084e-10,4.4901611317982315e-09,6.131750662774493e-10,3.581928797219387e-08,5.1896487088007627e-08,4.563981860960942e-09,4.734270554569311e-09,8.914828212268629e-08,9.460141895181202e-08,5.337559667294119e-09,5.4820039707018015e-09,4.552105433944926e-09,4.648390355702213e-09,4.009676127236794e-08,4.007773141134763e-08,4.2796013344226225e-08
E1_A10,chease_public,66048,libneo_Boozer,0.30375,9.10396036428093e-09,9.089074105544939e-09,5.003198300101985e-09,6.131750662774493e-10,1.5127279514695163e-08,2.894421234523036e-08,1.0354292835029815e-08,1.0126412585069345e-08,2.9769113525775912e-08,5.226169908902046e-08,1.0404509146676527e-08,1.0119926924440522e-08,1.0345701535614713e-08,1.0111300936092107e-08,1.9780872051455844e-08,1.9853937271996358e-08,1.8011857338962045e-08
E1_A10,chease_public,66048,libneo_Boozer,0.38825,2.5112185407909762e-09,2.475835493353725e-09,4.068060999173895e-09,6.131750662774493e-10,7.485734610623163e-08,1.119695648992252e-07,7.587883383782797e-09,7.676279041663857e-09,8.272639623311223e-08,8.551909741194679e-08,8.317354806135488e-09,8.392229208584204e-09,7.58202510487229e-09,7.524277371511631e-09,6.874890795538491e-08,6.862794604822753e-08,5.507002742710654e-08
E1_A10,chease_public,66048,libneo_Boozer,0.47275,3.011877716591109e-09,3.0105010764385356e-09,6.169480482043355e-10,6.131750662774493e-10,1.3572689116621244e-07,1.9538016989100433e-07,1.0259682196654609e-08,1.0775753364353508e-08,1.0435642790657142e-07,1.048546978969691e-07,1.130063885729365e-08,1.16561590785193e-08,1.025826819426851e-08,1.0946110465305213e-08,1.0262972005570248e-07,1.0271953160279068e-07,7.469770224588501e-08
E1_A10,chease_public,66048,libneo_Boozer,0.55725,3.482030955235029e-09,3.476427357764947e-09,1.3749195115764223e-09,6.131750662774493e-10,1.734912761779922e-07,2.46649240978022e-07,3.803191732375959e-09,3.9187135726163404e-09,9.732945839458149e-08,1.0350512080188025e-07,6.1364299548708845e-09,6.330404116825817e-09,3.796789642298534e-09,4.147191405389595e-09,1.092883524789201e-07,1.0920494630806132e-07,7.314544681058521e-08
E1_A10,chease_public,66048,libneo_Boozer,0.64175,6.205723053095395e-09,6.209315284701721e-09,3.05524716637251e-09,6.131750662774493e-10,1.5386517365539987e-07,2.3456707405631865e-07,1.1098827730322076e-08,1.0602767579934201e-08,6.01142304170978e-08,6.738461070418629e-08,1.1534127319869165e-08,1.1148943322185819e-08,1.1075715478340057e-08,1.0383304495386768e-08,8.409085527905091e-08,8.398903983408701e-08,5.24215305608422e-08
E1_A10,chease_public,66048,libneo_Boozer,0.72625,1.1971826332930175e-09,1.0240014416596814e-09,5.595899410515415e-09,6.131750662774493e-10,1.4716467185038997e-08,3.029400339985415e-08,1.051220234444175e-09,1.5786795014943094e-09,8.412934449154754e-09,1.3860885159526892e-08,1.15217864880866e-09,1.6730932841276925e-09,1.067864199945492e-09,1.594226893697005e-09,8.138545060099034e-09,8.344650304081824e-09,4.895928551462703e-09
E1_A10,chease_public,66048,libneo_Boozer,0.81075,1.3259756690071744e-09,1.3254510952923503e-09,5.284207738043278e-09,6.131750662774493e-10,5.369836927648193e-07,8.011716003971291e-07,6.800446388570956e-09,7.440273311507352e-09,9.063807798236972e-08,1.0974701869931876e-07,8.680479379794988e-09,9.768538079163669e-09,6.824520787827448e-09,7.78120882436903e-09,1.5123628493984853e-07,1.5175244427734214e-07,8.426790565341236e-08
E1_A10,chease_public,66048,libneo_Boozer,0.89525,9.172977833450004e-09,9.1916333736133e-09,1.9870647349762294e-09,6.131750662774493e-10,4.066275837981523e-07,6.307703993086468e-07,6.046052443559731e-09,5.844589292218009e-09,3.4741660347854354e-08,4.085790306943171e-08,6.415406371038062e-09,6.31857671232074e-09,6.055683996959248e-09,5.9705564880924475e-09,6.58806391662381e-08,6.635149041311905e-08,3.5062954983899886e-08
E1_A10,chease_public,66048,libneo_Boozer,0.97975,2.064705089410974e-09,1.924221406179258e-09,1.8780413557628606e-08,6.131750662774493e-10,1.235555706292353e-06,1.7987805114039241e-06,3.615110952506059e-09,4.38880536717881e-09,5.6887024947141e-08,1.756712232958575e-07,5.189810722334041e-09,1.178220504621614e-08,3.696674219322033e-09,4.617003886335662e-09,3.6331134434242074e-08,3.70638422175773e-08,1.872245536382877e-08
E1_A10,chease_public,66048,NEO_RT,0.05,,8.055314596350435e-09,4.829312505449934e-09,,,,,,,,,,,,,,
E1_A10,chease_public,66048,NEO_RT,0.13454545454545455,,1.3286724784465987e-09,9.368772424522831e-11,,,,,,,,,,,,,,
E1_A10,chease_public,66048,NEO_RT,0.21909090909090911,,3.9396279342879604e-09,4.574373324572889e-09,,,,,,,,,,,,,,
E1_A10,chease_public,66048,NEO_RT,0.30363636363636365,,6.429509550452018e-09,6.326287937952202e-09,,,,,,,,,,,,,,
E1_A10,chease_public,66048,NEO_RT,0.3881818181818182,,1.6484374638048627e-09,4.1715275678200214e-09,,,,,,,,,,,,,,
E1_A10,chease_public,66048,NEO_RT,0.4727272727272728,,3.3479870643875193e-09,9.070326711935195e-10,,,,,,,,,,,,,,
E1_A10,chease_public,66048,NEO_RT,0.5572727272727274,,3.141609381226696e-09,1.3372719598336857e-09,,,,,,,,,,,,,,
E1_A10,chease_public,66048,NEO_RT,0.641818181818182,,6.832124320450859e-09,2.3635201573668496e-09,,,,,,,,,,,,,,
E1_A10,chease_public,66048,NEO_RT,0.7263636363636364,,6.635152531604112e-10,5.509540934589552e-09,,,,,,,,,,,,,,
E1_A10,chease_public,66048,NEO_RT,0.810909090909091,,4.982634363660838e-09,5.900911759226801e-09,,,,,,,,,,,,,,
E1_A10,chease_public,66048,NEO_RT,0.8954545454545456,,3.2031341919532817e-09,6.702314259143805e-10,,,,,,,,,,,,,,
E1_A10,chease_public,66048,NEO_RT,0.9800000000000001,,7.237694200526078e-09,1.565970908501413e-08,,,,,,,,,,,,,,
E1_A10,chease_public,66048,NEO_2,0.05,,8.055286323398799e-09,4.829304844911064e-09,,,,,,,,,,,,,,
E1_A10,chease_public,66048,NEO_2,0.13454545454545455,,1.3287098825685465e-09,9.369038878048741e-11,,,,,,,,,,,,,,
E1_A10,chease_public,66048,NEO_2,0.21909090909090911,,3.939609512844792e-09,4.574377321375778e-09,,,,,,,,,,,,,,
E1_A10,chease_public,66048,NEO_2,0.30363636363636365,,6.429485900090932e-09,6.326296930758701e-09,,,,,,,,,,,,,,
E1_A10,chease_public,66048,NEO_2,0.3881818181818182,,1.6484291240925866e-09,4.171523126927923e-09,,,,,,,,,,,,,,
E1_A10,chease_public,66048,NEO_2,0.4727272727272728,,3.3479889839913844e-09,9.070293405244456e-10,,,,,,,,,,,,,,
E1_A10,chease_public,66048,NEO_2,0.5572727272727274,,3.141604185046838e-09,1.3372701834768463e-09,,,,,,,,,,,,,,
E1_A10,chease_public,66048,NEO_2,0.641818181818182,,6.8321296759833895e-09,2.3635150503409363e-09,,,,,,,,,,,,,,
E1_A10,chease_public,66048,NEO_2,0.7263636363636364,,6.63536122004533e-10,5.509541045611854e-09,,,,,,,,,,,,,,
E1_A10,chease_public,66048,NEO_2,0.810909090909091,,4.982631500766729e-09,5.9009137576282455e-09,,,,,,,,,,,,,,
E1_A10,chease_public,66048,NEO_2,0.8954545454545456,,3.203133292675679e-09,6.7023275818201e-10,,,,,,,,,,,,,,
E1_A10,chease_public,66048,NEO_2,0.9800000000000001,,7.237695728961443e-09,1.5659703200832098e-08,,,,,,,,,,,,,,
E2_A3p1,chease_public,66048,libneo_Boozer,0.05025,8.302200552463216e-09,5.996306064238663e-09,2.1821014328793353e-08,1.9973005471740635e-09,3.5072670407005125e-09,7.003466994296574e-09,3.6191887550313e-09,4.0642528502976704e-09,1.6337139944153774e-07,1.1191487794166462e-06,9.791469330004586e-09,6.095922785186497e-08,3.55998162520959e-09,5.22817261256217e-09,5.405105384104214e-09,1.6569663002785617e-08,3.695861458541394e-08
E2_A3p1,chease_public,66048,libneo_Boozer,0.13475,2.2019290860734387e-08,1.934782473360115e-08,3.103546086791198e-09,1.9973005471740635e-09,8.49130121222113e-09,1.393999615289895e-08,1.2173162853503443e-08,1.3285194777002414e-08,1.0508689582154867e-07,4.2310756297142257e-07,1.5294318777436383e-08,3.706299840747973e-08,1.2186494917659927e-08,1.5086494816718967e-08,1.0694617857964772e-08,4.128519787149898e-08,5.623413523725418e-08
E2_A3p1,chease_public,66048,libneo_Boozer,0.21925,1.8473171911478735e-08,1.4036632580191667e-08,1.2663916471034042e-08,1.9973005471740635e-09,1.563897654925799e-08,5.576703093589514e-08,9.706694347144867e-09,1.2945137742486606e-08,9.793207116778717e-08,3.1403955724804667e-07,1.446439514612998e-08,3.3793229622593456e-08,9.574820818283994e-09,1.2428630372168067e-08,4.080913634796346e-08,6.482318049005897e-08,6.921983675134413e-08
E2_A3p1,chease_public,66048,libneo_Boozer,0.30375,2.5541802455828555e-08,2.140644147440337e-08,2.8230883852842226e-08,1.9973005471740635e-09,3.116432081198398e-08,7.934906030511738e-08,5.534984685824707e-09,7.146046098099108e-09,8.889962249720097e-08,3.0220365759564863e-07,1.247257987014457e-08,3.499214124917383e-08,5.158090327615556e-09,7.065209052645025e-09,5.29455524977962e-08,1.1696164620156324e-07,1.0610977041469738e-07
E2_A3p1,chease_public,66048,libneo_Boozer,0.38825,2.3994604092716842e-08,1.9740479271655656e-08,2.435642831866147e-08,1.9973005471740635e-09,3.2582481775169e-08,6.305474282856507e-08,5.832029359643611e-09,9.89516929407944e-09,1.0746233173930072e-07,3.351897697026807e-07,1.5966294011002425e-08,4.2574825142226225e-08,5.882261586328191e-09,9.002129448980107e-09,3.50851080965775e-08,1.0605408079511491e-07,8.510237614611782e-08
E2_A3p1,chease_public,66048,libneo_Boozer,0.47275,3.24985786583075e-08,2.689712961088206e-08,3.8951601721848306e-08,1.9973005471740635e-09,5.0524283173467177e-08,9.369550698595457e-08,1.1767679310953681e-08,1.9064030525060266e-08,9.164121320209207e-08,2.8134370711301246e-07,1.7915903090789457e-08,3.918216998542524e-08,1.183536261095262e-08,2.071734436154163e-08,4.449411561413541e-08,1.1462132382122903e-07,8.33527018517799e-08
E2_A3p1,chease_public,66048,libneo_Boozer,0.55725,3.137129120493691e-08,2.576329814781689e-08,3.270305970470844e-08,1.9973005471740635e-09,6.771821179308222e-08,8.143084305821601e-08,8.475507668925789e-09,9.809219528568832e-09,6.122076073145971e-08,3.280682477132542e-07,1.2742705836320087e-08,4.596487861956478e-08,8.231701046086154e-09,1.1054793212472485e-08,3.187476060872996e-08,1.1121595888674563e-07,7.449242256374333e-08
E2_A3p1,chease_public,66048,libneo_Boozer,0.64175,2.3247016054241798e-08,1.9302511063132195e-08,3.4639888513154915e-08,1.9973005471740635e-09,1.0754162161568233e-07,1.986644998837853e-07,1.0871160273255577e-08,1.1492573487758067e-08,5.2913718950797014e-08,1.3424037636864709e-07,1.3787581127141132e-08,2.2158677399382314e-08,1.0337366918189334e-08,1.1908494649994447e-08,6.245941519544829e-08,7.86232674521159e-08,4.9072498176094825e-08
E2_A3p1,chease_public,66048,libneo_Boozer,0.72625,1.9550506321020523e-08,1.728325753077253e-08,3.367687895217131e-08,1.9973005471740635e-09,1.0555950664966913e-07,1.7867818515194259e-07,5.5180407419709e-09,8.303000258418268e-09,5.917395939297825e-08,3.8343981078499477e-07,1.1402480620175965e-08,5.7752195646690537e-08,5.2544800025854045e-09,1.4898985978440598e-08,4.21856776178231e-08,7.319832873164955e-08,4.294653277447935e-08
E2_A3p1,chease_public,66048,libneo_Boozer,0.81075,2.2934098599145586e-08,2.0162126637473753e-08,1.7933326046382092e-08,1.9973005471740635e-09,1.6571050399990767e-07,2.890062619641516e-07,9.03742683603758e-09,1.2140712771448981e-08,6.807734049614391e-08,3.199278118160657e-07,1.4813090880649237e-08,5.006293325783391e-08,8.743162738939011e-09,1.792414048849775e-08,4.69202470210206e-08,1.1669201538389018e-07,6.479890712896008e-08
E2_A3p1,chease_public,66048,libneo_Boozer,0.89525,1.8692611064783193e-08,1.738783410550563e-08,1.230708013277848e-08,1.9973005471740635e-09,3.217532713975636e-07,4.859691514634353e-07,1.6427828353699182e-08,2.347315029649763e-08,4.574010233365824e-08,1.8752109493668448e-07,1.8093497652316873e-08,3.1655753839983396e-08,1.5864741525959706e-08,2.3938060771849173e-08,4.264415265353705e-08,5.6012579241482285e-08,2.959943479208249e-08
E2_A3p1,chease_public,66048,libneo_Boozer,0.97975,8.989857814973455e-09,8.671664395781665e-09,3.197503906093857e-08,1.9973005471740635e-09,2.301438507458842e-06,5.6107307219234026e-06,3.1108377958727746e-09,7.139833827561582e-09,1.9438085463591382e-07,5.641985366370093e-07,3.5229279273531334e-08,8.828317342402701e-08,5.1691756650984016e-09,1.7552818673402125e-08,9.384760746300458e-08,1.2181265496291616e-07,6.153253262475289e-08
E2_A3p1,chease_public,66048,NEO_RT,0.05,,7.603847288014342e-09,1.3341201698935379e-08,,,,,,,,,,,,,,
E2_A3p1,chease_public,66048,NEO_RT,0.13454545454545455,,1.7627061475345684e-08,4.5002722659504e-09,,,,,,,,,,,,,,
E2_A3p1,chease_public,66048,NEO_RT,0.21909090909090911,,1.483728809058875e-08,1.486830347730006e-08,,,,,,,,,,,,,,
E2_A3p1,chease_public,66048,NEO_RT,0.30363636363636365,,2.0864954400805466e-08,2.7165797500394717e-08,,,,,,,,,,,,,,
E2_A3p1,chease_public,66048,NEO_RT,0.3881818181818182,,2.0012983150444758e-08,2.305851798389824e-08,,,,,,,,,,,,,,
E2_A3p1,chease_public,66048,NEO_RT,0.4727272727272728,,2.6872191376612086e-08,3.921642799387115e-08,,,,,,,,,,,,,,
E2_A3p1,chease_public,66048,NEO_RT,0.5572727272727274,,2.606082930771369e-08,3.307693852150351e-08,,,,,,,,,,,,,,
E2_A3p1,chease_public,66048,NEO_RT,0.641818181818182,,2.050681498869796e-08,3.386713776087902e-08,,,,,,,,,,,,,,
E2_A3p1,chease_public,66048,NEO_RT,0.7263636363636364,,1.719644283406743e-08,3.449532171018177e-08,,,,,,,,,,,,,,
E2_A3p1,chease_public,66048,NEO_RT,0.810909090909091,,1.871462156594641e-08,1.8107568222625048e-08,,,,,,,,,,,,,,
E2_A3p1,chease_public,66048,NEO_RT,0.8954545454545456,,1.9693437893546478e-08,1.737423027670104e-08,,,,,,,,,,,,,,
E2_A3p1,chease_public,66048,NEO_RT,0.9800000000000001,,1.328215139063444e-08,3.238148948980779e-08,,,,,,,,,,,,,,
E2_A3p1,chease_public,66048,NEO_2,0.05,,7.603993032602241e-09,1.3341208804362736e-08,,,,,,,,,,,,,,
E2_A3p1,chease_public,66048,NEO_2,0.13454545454545455,,1.7626801389663504e-08,4.500279371377758e-09,,,,,,,,,,,,,,
E2_A3p1,chease_public,66048,NEO_2,0.21909090909090911,,1.48372438475384e-08,1.4868308251259066e-08,,,,,,,,,,,,,,
E2_A3p1,chease_public,66048,NEO_2,0.30363636363636365,,2.0864900386806128e-08,2.7165795168926365e-08,,,,,,,,,,,,,,
E2_A3p1,chease_public,66048,NEO_2,0.3881818181818182,,2.001297655895614e-08,2.3058515430385285e-08,,,,,,,,,,,,,,
E2_A3p1,chease_public,66048,NEO_2,0.4727272727272728,,2.6872191465814793e-08,3.92164257734251e-08,,,,,,,,,,,,,,
E2_A3p1,chease_public,66048,NEO_2,0.5572727272727274,,2.6060976079688893e-08,3.3076933525499896e-08,,,,,,,,,,,,,,
E2_A3p1,chease_public,66048,NEO_2,0.641818181818182,,2.0506672406766947e-08,3.3867136650655993e-08,,,,,,,,,,,,,,
E2_A3p1,chease_public,66048,NEO_2,0.7263636363636364,,1.7196283483747777e-08,3.449531960075802e-08,,,,,,,,,,,,,,
E2_A3p1,chease_public,66048,NEO_2,0.810909090909091,,1.87145226764315e-08,1.8107567556491233e-08,,,,,,,,,,,,,,
E2_A3p1,chease_public,66048,NEO_2,0.8954545454545456,,1.9693396315757498e-08,1.7374230054656437e-08,,,,,,,,,,,,,,
E2_A3p1,chease_public,66048,NEO_2,0.9800000000000001,,1.3282134485038583e-08,3.2381493264566075e-08,,,,,,,,,,,,,,
E1_A10,chease_mars,1088,libneo_Boozer,0.05025,1.1699364716567456e-08,1.0921851712534245e-08,8.82388961898073e-09,3.818674265687605e-10,2.4801593442181353e-08,5.799005710781215e-08,1.2424721148745275e-08,1.2591355507278107e-08,3.2193846746314437e-06,8.499536227705057e-06,4.9514413931438184e-08,1.2650859933570707e-07,1.2421992308227308e-08,1.2344272948442134e-08,5.4878540149683186e-08,5.4848957077580085e-08,1.22340493180495e-07
E1_A10,chease_mars,1088,libneo_Boozer,0.13475,1.110091037764097e-08,9.390544195282222e-09,1.8867648332587805e-08,3.818674265687605e-10,6.332080503465771e-08,2.0580527237689172e-07,1.2668807640332014e-08,1.3329573028984894e-08,2.7341658927412584e-06,7.314831874348777e-06,6.783815782553517e-08,1.7711662538037023e-07,1.2670828808988024e-08,1.329150579645714e-08,1.7784290523570334e-07,1.7743293503902358e-07,2.416794428472535e-07
E1_A10,chease_mars,1088,libneo_Boozer,0.21925,9.173086836694592e-09,6.4941859004592124e-09,4.4901611317982315e-09,3.818674265687605e-10,9.407447153455067e-08,2.3666516386705788e-07,4.602600837850507e-09,6.82697214257211e-09,2.362277549726548e-06,6.337712118857088e-06,7.357695321948561e-08,1.9496300616633953e-07,4.602527565646079e-09,6.3527059195162955e-09,1.8483859037798922e-07,1.8454079156460246e-07,1.9705736614694658e-07
E1_A10,chease_mars,1088,libneo_Boozer,0.30375,1.3467952229185806e-08,1.1728835959592278e-08,1.0065704048045632e-08,3.818674265687605e-10,1.1829265862663232e-07,3.725562657773849e-07,8.352715000720761e-09,9.554565042698268e-09,2.0425693388597377e-06,5.521554877909886e-06,7.518443314666814e-08,1.9958379609618596e-07,8.33359645580474e-09,8.95460285400066e-09,2.590679744063351e-07,2.586360806078325e-07,2.3463936726919599e-07
E1_A10,chease_mars,1088,libneo_Boozer,0.38825,9.628947992886809e-09,7.029882555349447e-09,4.068060999173895e-09,3.818674265687605e-10,1.6481443275006667e-07,5.443248398548948e-07,7.738607028347186e-09,8.134812172687202e-09,1.7547115845164792e-06,4.763904806177835e-06,7.296634245835939e-08,1.9422198229189284e-07,7.725536130774292e-09,7.973928752796915e-09,3.3256510778567616e-07,3.320047163302142e-07,2.6641485217915317e-07
E1_A10,chease_mars,1088,libneo_Boozer,0.47275,9.37309925037798e-09,6.9676654939374295e-09,6.169480482043355e-10,3.818674265687605e-10,2.220002828189579e-07,7.529043933658409e-07,1.0376105160608534e-08,1.1488436682531605e-08,1.4863270788080625e-06,4.042527530622231e-06,6.859060513526733e-08,1.8175199711985107e-07,1.0372421023321049e-08,1.1675508113923751e-08,3.96423336768148e-07,3.959357641747374e-07,2.8792466966187646e-07
E1_A10,chease_mars,1088,libneo_Boozer,0.55725,9.167212891896828e-09,6.938445007422878e-09,1.3711867641319486e-08,3.818674265687605e-10,2.7222546496132417e-07,9.15410057667292e-07,3.883113734787955e-09,4.709750032927063e-09,1.2318077039041049e-06,3.348883013770172e-06,6.111827008022958e-08,1.6298716888645775e-07,3.9237343163428255e-09,5.248008174885721e-09,4.0467960149559445e-07,4.043028912770197e-07,2.708019167796394e-07
E1_A10,chease_mars,1088,libneo_Boozer,0.64175,9.74292008327734e-09,8.176344019609953e-09,1.2037528973607436e-08,3.818674265687605e-10,2.9332366766404143e-07,1.0046343558558386e-06,1.1179423453350631e-08,1.243361904103856e-08,9.89486614136838e-07,2.6795323423862747e-06,5.374115759382618e-08,1.4016691575572292e-07,1.1224391485758632e-08,1.3327746973361787e-08,3.5929678621204886e-07,3.591552450998847e-07,2.2416572942329793e-07
E1_A10,chease_mars,1088,libneo_Boozer,0.72625,6.973016098634276e-09,4.972736737708617e-09,9.502879150247168e-09,3.818674265687605e-10,2.7046787533803754e-07,9.074039946511412e-07,1.4599066416006523e-09,2.2942347843848522e-09,7.615717264621333e-07,2.026809201285716e-06,4.3057342979415405e-08,1.1226372307618114e-07,1.6338153816041395e-09,2.508801418562169e-09,2.47923701124364e-07,2.4793673591982923e-07,1.4546810256366172e-07
E1_A10,chease_mars,1088,libneo_Boozer,0.81075,6.830862150667433e-09,4.929141718584309e-09,9.82058678822284e-09,3.818674265687605e-10,5.377713996414563e-07,1.1533446525231394e-06,9.642276771335836e-09,9.530957457649811e-09,5.682527040194059e-07,1.4248002336508974e-06,3.525781296201364e-08,8.376017659755878e-08,9.711343027929004e-09,1.2382315279011381e-08,2.1789330983956745e-07,2.183865317473277e-07,1.2126972870341035e-07
E1_A10,chease_mars,1088,libneo_Boozer,0.89525,1.1082942625733447e-08,1.0193873604623708e-08,1.9870647349762294e-09,3.818674265687605e-10,3.4900360529760774e-07,9.854293939046106e-07,5.901497013698421e-09,6.539918461035335e-09,4.102762082645472e-07,9.73627595352341e-07,2.6393787664586884e-08,5.9811657137928e-08,6.0795650536003235e-09,7.640677478213496e-09,1.0302781883186896e-07,1.0356549129397763e-07,5.472842146136969e-08
E1_A10,chease_mars,1088,libneo_Boozer,0.97975,6.8586471443723946e-09,5.018526270989664e-09,3.663545689036596e-09,3.818674265687605e-10,5.458000597883502e-07,1.8922084399629688e-06,4.049849204720952e-09,4.23793845558891e-09,3.5589313324653214e-07,1.1498980371603691e-06,2.3689690624567975e-08,7.375887035277493e-08,4.318787337404205e-09,7.704673456869806e-09,3.82249769614873e-08,3.824001804098032e-08,1.931658966114469e-08
E1_A10,chease_mars,1088,NEO_RT,0.05,,5.342239748955849e-09,9.818517554549544e-09,,,,,,,,,,,,,,
E1_A10,chease_mars,1088,NEO_RT,0.13454545454545455,,6.051310066138677e-09,2.2387909526244698e-08,,,,,,,,,,,,,,
E1_A10,chease_mars,1088,NEO_RT,0.21909090909090911,,7.577576712091383e-09,4.405539710816697e-09,,,,,,,,,,,,,,
E1_A10,chease_mars,1088,NEO_RT,0.30363636363636365,,1.2380899877360862e-08,8.742595536403996e-09,,,,,,,,,,,,,,
E1_A10,chease_mars,1088,NEO_RT,0.3881818181818182,,6.780546572366338e-09,4.179490753486448e-09,,,,,,,,,,,,,,
E1_A10,chease_mars,1088,NEO_RT,0.4727272727272728,,7.121273452628834e-09,8.840495002715443e-10,,,,,,,,,,,,,,
E1_A10,chease_mars,1088,NEO_RT,0.5572727272727274,,6.806795668518999e-09,1.3671097587319991e-08,,,,,,,,,,,,,,
E1_A10,chease_mars,1088,NEO_RT,0.641818181818182,,8.65727075760065e-09,1.291108042700273e-08,,,,,,,,,,,,,,
E1_A10,chease_mars,1088,NEO_RT,0.7263636363636364,,4.908474236895939e-09,9.596469618955439e-09,,,,,,,,,,,,,,
E1_A10,chease_mars,1088,NEO_RT,0.810909090909091,,6.388320674455632e-09,6.481460590457289e-09,,,,,,,,,,,,,,
E1_A10,chease_mars,1088,NEO_RT,0.8954545454545456,,5.444386965208498e-09,4.251947904876374e-09,,,,,,,,,,,,,,
E1_A10,chease_mars,1088,NEO_RT,0.9800000000000001,,6.520565211696781e-09,1.0754424017989095e-09,,,,,,,,,,,,,,
E1_A10,chease_mars,1088,NEO_2,0.05,,5.3421026945903815e-09,9.818522883620062e-09,,,,,,,,,,,,,,
E1_A10,chease_mars,1088,NEO_2,0.13454545454545455,,6.051077180823464e-09,2.2387917519850475e-08,,,,,,,,,,,,,,
E1_A10,chease_mars,1088,NEO_2,0.21909090909090911,,7.577515453523973e-09,4.4055354919692036e-09,,,,,,,,,,,,,,
E1_A10,chease_mars,1088,NEO_2,0.30363636363636365,,1.2380894640566365e-08,8.742586876664404e-09,,,,,,,,,,,,,,
E1_A10,chease_mars,1088,NEO_2,0.3881818181818182,,6.7805342870182135e-09,4.179490531441843e-09,,,,,,,,,,,,,,
E1_A10,chease_mars,1088,NEO_2,0.4727272727272728,,7.121272591309251e-09,8.840543852528526e-10,,,,,,,,,,,,,,
E1_A10,chease_mars,1088,NEO_2,0.5572727272727274,,6.8067960980719236e-09,1.367109980776604e-08,,,,,,,,,,,,,,
E1_A10,chease_mars,1088,NEO_2,0.641818181818182,,8.657272365769256e-09,1.2911073987709187e-08,,,,,,,,,,,,,,
E1_A10,chease_mars,1088,NEO_2,0.7263636363636364,,4.908483190131565e-09,9.596471839401488e-09,,,,,,,,,,,,,,
E1_A10,chease_mars,1088,NEO_2,0.810909090909091,,6.388324085089957e-09,6.4814581479666344e-09,,,,,,,,,,,,,,
E1_A10,chease_mars,1088,NEO_2,0.8954545454545456,,5.4443897501217775e-09,4.251950791456238e-09,,,,,,,,,,,,,,
E1_A10,chease_mars,1088,NEO_2,0.9800000000000001,,6.520563042252048e-09,1.0754441781557489e-09,,,,,,,,,,,,,,
E2_A3p1,chease_mars,1088,libneo_Boozer,0.05025,8.567442895270704e-07,6.226668895761888e-07,2.2218492636838505e-06,1.2536089943893103e-09,1.6824770951237608e-06,4.141503767582405e-06,9.469365270511479e-09,1.936927248668335e-08,0.00014633699735578761,0.0002958084959494095,8.151418901633262e-06,1.6077969371841585e-05,7.806683087442365e-08,1.8528714596499778e-07,3.9114764377734534e-06,3.252995931221636e-06,7.255685718188243e-06
E2_A3p1,chease_mars,1088,libneo_Boozer,0.13475,9.111760973604308e-07,6.496788709363017e-07,1.0847000875280344e-07,1.2536089943893103e-09,3.7622207975396867e-06,9.107980630905693e-06,3.434916703759665e-09,8.135422661058524e-09,0.00011282153732769007,0.0002365961148734023,1.0007933581816728e-05,1.9907576570581512e-05,1.304296236379287e-07,2.78843177596912e-07,7.694468178026659e-06,6.8688079140066804e-06,9.356049772424324e-06
E2_A3p1,chease_mars,1088,libneo_Boozer,0.21925,8.624972295124864e-07,6.131370440274785e-07,1.4470158404833455e-08,1.2536089943893103e-09,5.429685001227814e-06,1.3592862152703705e-05,3.95594702863029e-09,6.568524970135238e-09,9.141531830874334e-05,0.0001922990837944623,1.0059692790078009e-05,1.9711933679926368e-05,1.4736447992589744e-07,3.281419018899751e-07,1.0164224080233542e-05,9.336388229280734e-06,9.969737628512387e-06
E2_A3p1,chease_mars,1088,libneo_Boozer,0.30375,8.28406291835055e-07,5.969883576952603e-07,1.3953471733607614e-07,1.2536089943893103e-09,6.8435184918921e-06,1.7595161844726585e-05,2.7313511830174075e-08,3.5708730903967755e-08,7.50490047384632e-05,0.0001581119546394497,9.45414360460815e-06,1.8300128561559965e-05,1.4553442565180587e-07,3.383496203198271e-07,1.1546518186966725e-05,1.0920948254999896e-05,9.907774512485368e-06
E2_A3p1,chease_mars,1088,libneo_Boozer,0.38825,7.567563426142003e-07,5.437115751266009e-07,3.990711747725584e-07,1.2536089943893103e-09,8.075232412972712e-06,2.1361965241052083e-05,7.722533117358479e-08,1.129177609689809e-07,6.163121222082322e-05,0.00013572216135670454,8.537094068329672e-06,1.7080417082761993e-05,1.476889781167366e-07,3.51333611041631e-07,1.2119057406445588e-05,1.1808852240779988e-05,9.476004602770871e-06
E2_A3p1,chease_mars,1088,libneo_Boozer,0.47275,7.217188876675787e-07,5.17651216372653e-07,5.888850569402138e-07,1.2536089943893103e-09,9.12290811142397e-06,2.421928715739135e-05,1.2258271690548866e-07,1.9145927074516857e-07,5.0110365884868416e-05,0.00010931237786858072,7.449681052000955e-06,1.4624775712416724e-05,1.7149516508923516e-07,3.578837044418238e-07,1.1650053310940933e-05,1.1710452879287736e-05,8.515901234962264e-06
E2_A3p1,chease_mars,1088,libneo_Boozer,0.55725,7.133158654039878e-07,5.124911171382769e-07,5.69411731321523e-07,1.2536089943893103e-09,1.004976605255764e-05,2.666741957120095e-05,1.320401461569483e-07,2.3445812461653254e-07,4.0107809713564055e-05,8.330450185775468e-05,6.295807740076967e-06,1.167082321146914e-05,2.1886631178266624e-07,4.777984244597746e-07,1.0595974046068157e-05,1.100213903770797e-05,7.369266090795357e-06
E2_A3p1,chease_mars,1088,libneo_Boozer,0.64175,7.103988331213846e-07,5.10231875010354e-07,3.195400778421842e-07,1.2536089943893103e-09,1.0906360084241057e-05,2.912645486666138e-05,1.0678934865470134e-07,1.9656854352547412e-07,3.1541060253209535e-05,6.229485212446516e-05,5.166229002154575e-06,9.040606961609833e-06,2.805619027086312e-07,6.206231305872445e-07,9.210631535472302e-06,9.889848859412353e-06,6.172745811716673e-06
E2_A3p1,chease_mars,1088,libneo_Boozer,0.72625,7.066385583444413e-07,5.10428860074532e-07,2.2783063235998213e-07,1.2536089943893103e-09,1.1735872003452742e-05,3.212082297765334e-05,7.017058533876342e-08,1.4244262530930717e-07,2.4263801276982554e-05,4.593836622164897e-05,4.1100356413741925e-06,6.8506417515298424e-06,3.5416786269436196e-07,8.04912665465688e-07,7.633754785407731e-06,8.477599029887983e-06,4.973946053254963e-06
E2_A3p1,chease_mars,1088,libneo_Boozer,0.81075,7.214418381433487e-07,5.283042775191782e-07,9.107597134239143e-07,1.2536089943893103e-09,1.2418520427109644e-05,3.476430852282522e-05,6.190131534483051e-08,7.707938015179712e-08,1.8646456022865205e-05,3.3825349184153145e-05,3.2440018115015952e-06,5.15014677175779e-06,4.4463253846237493e-07,9.622200067781546e-07,5.617064135154948e-06,6.457548049065842e-06,3.585874094658159e-06
E2_A3p1,chease_mars,1088,libneo_Boozer,0.89525,8.337752999418063e-07,6.034264999756876e-07,5.7503787953550045e-08,1.2536089943893103e-09,1.2914020274118883e-05,4.0101049897055876e-05,9.10664536782218e-08,1.2081674936546836e-07,1.5097952176059493e-05,3.3837619322193696e-05,2.683431671944136e-06,5.233499221046218e-06,5.336447154706504e-07,1.112640045764272e-06,3.5267137595829112e-06,4.171328983115785e-06,2.2043105964986154e-06
E2_A3p1,chease_mars,1088,libneo_Boozer,0.97975,1.0170868056154273e-06,7.523538043545566e-07,6.538561796443076e-07,1.2536089943893103e-09,2.104657379016516e-05,6.068261859116907e-05,1.1906217759039602e-07,1.5303168590442577e-07,1.4473063497019913e-05,3.8071204340411937e-05,2.6157865727844503e-06,5.955813699852665e-06,6.29578945144329e-07,1.3616434887188066e-06,1.014556617495721e-06,1.2302810021846966e-06,6.214652110703156e-07
E2_A3p1,chease_mars,1088,NEO_RT,0.05,,6.202953147680628e-07,2.253873567559239e-06,,,,,,,,,,,,,,
E2_A3p1,chease_mars,1088,NEO_RT,0.13454545454545455,,6.493381262344211e-07,8.935179407476568e-08,,,,,,,,,,,,,,
E2_A3p1,chease_mars,1088,NEO_RT,0.21909090909090911,,6.130688653839932e-07,1.2077148170419605e-09,,,,,,,,,,,,,,
E2_A3p1,chease_mars,1088,NEO_RT,0.30363636363636365,,5.973080166835694e-07,1.440900410099033e-07,,,,,,,,,,,,,,
E2_A3p1,chease_mars,1088,NEO_RT,0.3881818181818182,,5.435361084807666e-07,3.964618731089331e-07,,,,,,,,,,,,,,
E2_A3p1,chease_mars,1088,NEO_RT,0.4727272727272728,,5.176313832776508e-07,5.885373022262996e-07,,,,,,,,,,,,,,
E2_A3p1,chease_mars,1088,NEO_RT,0.5572727272727274,,5.125027194787888e-07,5.704751079305126e-07,,,,,,,,,,,,,,
E2_A3p1,chease_mars,1088,NEO_RT,0.641818181818182,,5.103861452141636e-07,3.2442785657949e-07,,,,,,,,,,,,,,
E2_A3p1,chease_mars,1088,NEO_RT,0.7263636363636364,,5.102007608043109e-07,2.2448979142275505e-07,,,,,,,,,,,,,,
E2_A3p1,chease_mars,1088,NEO_RT,0.810909090909091,,5.283547704135623e-07,9.084278311810579e-07,,,,,,,,,,,,,,
E2_A3p1,chease_mars,1088,NEO_RT,0.8954545454545456,,6.025529761315639e-07,7.588780515099813e-08,,,,,,,,,,,,,,
E2_A3p1,chease_mars,1088,NEO_RT,0.9800000000000001,,7.535157193130932e-07,6.37730237840195e-07,,,,,,,,,,,,,,
E2_A3p1,chease_mars,1088,NEO_2,0.05,,6.202945283414345e-07,2.253873566004927e-06,,,,,,,,,,,,,,
E2_A3p1,chease_mars,1088,NEO_2,0.13454545454545455,,6.493382091226297e-07,8.935179462987719e-08,,,,,,,,,,,,,,
E2_A3p1,chease_mars,1088,NEO_2,0.21909090909090911,,6.130687244877486e-07,1.2077185918002442e-09,,,,,,,,,,,,,,
E2_A3p1,chease_mars,1088,NEO_2,0.30363636363636365,,5.973080217483845e-07,1.4409004345239396e-07,,,,,,,,,,,,,,
E2_A3p1,chease_mars,1088,NEO_2,0.3881818181818182,,5.43536130409448e-07,3.9646189731179504e-07,,,,,,,,,,,,,,
E2_A3p1,chease_mars,1088,NEO_2,0.4727272727272728,,5.176313807403628e-07,5.885372931224708e-07,,,,,,,,,,,,,,
E2_A3p1,chease_mars,1088,NEO_2,0.5572727272727274,,5.125027280758007e-07,5.704751078194903e-07,,,,,,,,,,,,,,
E2_A3p1,chease_mars,1088,NEO_2,0.641818181818182,,5.103861338409053e-07,3.2442785380393246e-07,,,,,,,,,,,,,,
E2_A3p1,chease_mars,1088,NEO_2,0.7263636363636364,,5.102007409753962e-07,2.2448978764799676e-07,,,,,,,,,,,,,,
E2_A3p1,chease_mars,1088,NEO_2,0.810909090909091,,5.283548934210119e-07,9.084278285165226e-07,,,,,,,,,,,,,,
E2_A3p1,chease_mars,1088,NEO_2,0.8954545454545456,,6.025530496572027e-07,7.588780293055208e-08,,,,,,,,,,,,,,
E2_A3p1,chease_mars,1088,NEO_2,0.9800000000000001,,7.535157317513741e-07,6.377302353977043e-07,,,,,,,,,,,,,,
E1_A10,chease_mars,4224,libneo_Boozer,0.05025,8.749684439209376e-09,8.732052005885976e-09,6.22724893872828e-09,7.642479982195027e-10,8.415540400014687e-09,1.368076686153696e-08,6.412502101872904e-09,7.650265116263736e-09,1.2701240644091312e-07,1.944164708489475e-07,6.6848226284380605e-09,7.696443278282076e-09,6.4144526680063115e-09,7.659349879219782e-09,1.3605197177191108e-08,1.3663398350238776e-08,3.0476194123885136e-08
E1_A10,chease_mars,4224,libneo_Boozer,0.13475,7.2913157331830164e-09,7.2887116862659454e-09,3.8106016120309505e-09,7.642479982195027e-10,3.192737328313673e-08,4.8413072192830466e-08,1.2550115193207397e-08,1.2995967107521577e-08,1.4319192911002146e-07,1.545133905627671e-07,1.3022829000860687e-08,1.3495841895545406e-08,1.2552404633191953e-08,1.307642449713622e-08,4.1317485904857065e-08,4.116625820782538e-08,5.6072120224737176e-08
E1_A10,chease_mars,4224,libneo_Boozer,0.21925,7.360700707473112e-10,5.722723989351203e-10,4.4901611317982315e-09,7.642479982195027e-10,3.6367099149693194e-08,5.303418066308835e-08,4.563884784203732e-09,4.760718927893389e-09,8.916396338665151e-08,9.31709870811799e-08,5.337729848869662e-09,5.525141112402753e-09,4.5520467396553215e-09,4.668644975265852e-09,4.088113775280178e-08,4.070344869488984e-08,4.346417004086334e-08
E1_A10,chease_mars,4224,libneo_Boozer,0.30375,9.10832075079544e-09,9.09126062303396e-09,5.003198300101985e-09,7.642479982195027e-10,1.5114531600103976e-08,2.938293983668698e-08,1.0354291204850206e-08,1.013362978662001e-08,2.9790334606234217e-08,5.237251585033157e-08,1.0404588806003916e-08,1.012718095626873e-08,1.0345700501731985e-08,1.011968803829519e-08,1.9993908084714462e-08,1.987984227236339e-08,1.8035358873014218e-08
E1_A10,chease_mars,4224,libneo_Boozer,0.38825,2.5261294478376544e-09,2.4834202909723656e-09,4.068060999173895e-09,7.642479982195027e-10,7.255602461371248e-08,1.0756545607149056e-07,7.587784261241907e-09,7.552599436709901e-09,8.2751353713909e-08,8.651118166635011e-08,8.31768900310814e-09,8.317756776818913e-09,7.582113469908873e-09,7.403034220282271e-09,6.613814690359376e-08,6.624118759068764e-08,5.315478923684225e-08
E1_A10,chease_mars,4224,libneo_Boozer,0.47275,3.0210709121046237e-09,3.0151110548100287e-09,6.169480482043355e-10,7.642479982195027e-10,1.3185404501696746e-07,1.9264088282591007e-07,1.0283006246834988e-08,1.0571496258580627e-08,1.067920281115985e-07,1.2705142465795835e-07,1.1368938877444563e-08,1.2002300149764633e-08,1.0282274991955036e-08,1.0805286560395353e-08,1.0111722908989762e-07,1.0097087571603325e-07,7.342607866167583e-08
E1_A10,chease_mars,4224,libneo_Boozer,0.55725,3.4931094926422764e-09,3.48199344888238e-09,1.3749195115764223e-09,7.642479982195027e-10,1.7158733501253165e-07,2.452022849607293e-07,3.803085383169827e-09,3.9295205383150155e-09,9.741330707763187e-08,1.0842752046865755e-07,6.139625611948847e-09,6.526700236692281e-09,3.797039975288827e-09,4.1672902127554055e-09,1.0868913091766075e-07,1.0886295043199823e-07,7.291637804662798e-08
E1_A10,chease_mars,4224,libneo_Boozer,0.64175,6.209610200087196e-09,6.211263669436702e-09,3.05524716637251e-09,7.642479982195027e-10,1.5393900261785777e-07,2.3139271870536224e-07,1.1098728709637845e-08,1.0450197221416193e-08,6.007803643414786e-08,6.14812858266679e-08,1.1533500014273351e-08,1.0883025228208234e-08,1.107565074242073e-08,1.0264658443416571e-08,8.3002762107931e-08,8.318680366770081e-08,5.192081697913409e-08
E1_A10,chease_mars,4224,libneo_Boozer,0.72625,1.2870553976173698e-09,1.0773164421683543e-09,5.595899410515415e-09,7.642479982195027e-10,1.3882518245984128e-08,2.8115198598618543e-08,1.3258905808583117e-09,2.0154836879509424e-09,8.671468735388243e-09,1.4283512251233991e-08,1.411543559045646e-09,2.013170557326893e-09,1.3342100598017887e-09,2.0111561573136033e-09,7.506894328379587e-09,7.367285226322906e-09,4.322494251418618e-09
E1_A10,chease_mars,4224,libneo_Boozer,0.81075,1.3585308712193163e-09,1.341907458216685e-09,5.284207738043278e-09,7.642479982195027e-10,5.368918262533823e-07,8.045448410470745e-07,6.800451253517813e-09,7.454300153731892e-09,9.064584893508446e-08,1.095605244547066e-07,8.680772275539679e-09,9.753718454015361e-09,6.824560253533339e-09,7.794221090834373e-09,1.5184842294679868e-07,1.519684761364104e-07,8.438786780473606e-08
E1_A10,chease_mars,4224,libneo_Boozer,0.89525,9.177193339314191e-09,9.193746560285212e-09,1.9870647349762294e-09,7.642479982195027e-10,4.0891290921609017e-07,6.452387337830343e-07,6.045816198965852e-09,5.789676407663393e-09,3.477733290880285e-08,3.8928884164285336e-08,6.415944649490598e-09,6.2444826312568255e-09,6.0554257174253325e-09,5.915940178963836e-09,6.737915658749927e-08,6.743454616930933e-08,3.563528772065894e-08
E1_A10,chease_mars,4224,libneo_Boozer,0.97975,1.8281065099175288e-09,1.797211950113445e-09,3.663545689036596e-09,7.642479982195027e-10,1.2343700851803507e-06,2.1624593640204965e-06,3.6715242298815752e-09,3.391804569429852e-09,4.106156692340682e-08,8.66982339230688e-08,4.547002101628426e-09,6.487973841674331e-09,3.6830409475602846e-09,3.6006537749570374e-09,4.367598849253085e-08,4.3823872308834666e-08,2.2137221611373548e-08
E1_A10,chease_mars,4224,NEO_RT,0.05,,8.057134448511084e-09,5.34122579498586e-09,,,,,,,,,,,,,,
E1_A10,chease_mars,4224,NEO_RT,0.13454545454545455,,1.347114998883716e-09,7.869563445339622e-09,,,,,,,,,,,,,,
E1_A10,chease_mars,4224,NEO_RT,0.21909090909090911,,3.929326808683286e-09,3.114136948312307e-09,,,,,,,,,,,,,,
E1_A10,chease_mars,4224,NEO_RT,0.30363636363636365,,6.432535827786595e-09,2.7103504995906746e-09,,,,,,,,,,,,,,
E1_A10,chease_mars,4224,NEO_RT,0.3881818181818182,,1.6598051823326453e-09,4.178919210673371e-09,,,,,,,,,,,,,,
E1_A10,chease_mars,4224,NEO_RT,0.4727272727272728,,3.352134480697809e-09,1.043295894120888e-09,,,,,,,,,,,,,,
E1_A10,chease_mars,4224,NEO_RT,0.5572727272727274,,3.2003642487811932e-09,1.3372719598336857e-09,,,,,,,,,,,,,,
E1_A10,chease_mars,4224,NEO_RT,0.641818181818182,,6.833957097934265e-09,3.5147922350375893e-09,,,,,,,,,,,,,,
E1_A10,chease_mars,4224,NEO_RT,0.7263636363636364,,7.339114562155249e-10,5.500381483614092e-09,,,,,,,,,,,,,,
E1_A10,chease_mars,4224,NEO_RT,0.810909090909091,,4.9871192560516734e-09,3.78841935599894e-09,,,,,,,,,,,,,,
E1_A10,chease_mars,4224,NEO_RT,0.8954545454545456,,3.207013731026401e-09,6.585261558278432e-09,,,,,,,,,,,,,,
E1_A10,chease_mars,4224,NEO_RT,0.9800000000000001,,7.215593719626351e-09,9.397733702343203e-10,,,,,,,,,,,,,,
E1_A10,chease_mars,4224,NEO_2,0.05,,8.057103624842403e-09,5.34121769035778e-09,,,,,,,,,,,,,,
E1_A10,chease_mars,4224,NEO_2,0.13454545454545455,,1.347151783481167e-09,7.869566553964091e-09,,,,,,,,,,,,,,
E1_A10,chease_mars,4224,NEO_2,0.21909090909090911,,3.9293059332181216e-09,3.1141329515094185e-09,,,,,,,,,,,,,,
E1_A10,chease_mars,4224,NEO_2,0.30363636363636365,,6.432511184637736e-09,2.7103517208360017e-09,,,,,,,,,,,,,,
E1_A10,chease_mars,4224,NEO_2,0.3881818181818182,,1.6597929503301454e-09,4.178921209074815e-09,,,,,,,,,,,,,,
E1_A10,chease_mars,4224,NEO_2,0.4727272727272728,,3.3521344194773976e-09,1.0432927854964191e-09,,,,,,,,,,,,,,
E1_A10,chease_mars,4224,NEO_2,0.5572727272727274,,3.2003611715922945e-09,1.3372724039228956e-09,,,,,,,,,,,,,,
E1_A10,chease_mars,4224,NEO_2,0.641818181818182,,6.83396079007414e-09,3.514785906766349e-09,,,,,,,,,,,,,,
E1_A10,chease_mars,4224,NEO_2,0.7263636363636364,,7.339699516132134e-10,5.500385591439283e-09,,,,,,,,,,,,,,
E1_A10,chease_mars,4224,NEO_2,0.810909090909091,,4.9871200228303285e-09,3.788419133954335e-09,,,,,,,,,,,,,,
E1_A10,chease_mars,4224,NEO_2,0.8954545454545456,,3.207011318461161e-09,6.585260670100013e-09,,,,,,,,,,,,,,
E1_A10,chease_mars,4224,NEO_2,0.9800000000000001,,7.215596966319154e-09,9.397718159220858e-10,,,,,,,,,,,,,,
E2_A3p1,chease_mars,4224,libneo_Boozer,0.05025,1.5011963100298896e-08,1.0699194811582965e-08,3.461184827635577e-08,3.839908613301191e-09,2.4798308617205926e-08,6.780440726647803e-08,1.102079468963862e-08,2.1295410754769537e-08,5.26704283283619e-06,7.645332829325656e-06,2.935962662672472e-07,4.156072753745963e-07,3.561140843490583e-09,6.418125895837972e-09,6.106419297990939e-08,5.580327838011767e-08,1.244691735513559e-07
E2_A3p1,chease_mars,4224,libneo_Boozer,0.13475,1.9656474545407625e-08,1.8023032209616483e-08,8.212839519572412e-08,3.839908613301191e-09,3.475127425633036e-08,8.941264374816208e-08,4.476566377149313e-09,1.1981230470091196e-08,6.842067456183518e-07,1.3597996635485428e-06,6.085669629054844e-08,1.1442362789478116e-07,3.875063943121385e-09,8.330201639549612e-09,7.296101184328663e-08,7.119874945171745e-08,9.69790756588651e-08
E2_A3p1,chease_mars,4224,libneo_Boozer,0.21925,1.402230430170313e-08,1.1130882535972799e-08,2.623095340936743e-08,3.839908613301191e-09,4.5483045585991934e-08,1.1200536975014632e-07,9.009117339631506e-09,1.140974527040215e-08,3.0452563180879377e-07,8.632483590631972e-07,3.468686985958916e-08,8.855400742972357e-08,9.246836993948816e-09,1.3651114689040629e-08,8.169000037527852e-08,9.762126698675822e-08,1.0424246954521266e-07
E2_A3p1,chease_mars,4224,libneo_Boozer,0.30375,2.4316403787843132e-08,2.0671522631442917e-08,8.41527383332874e-08,3.839908613301191e-09,5.29649306491062e-08,1.1378672996170549e-07,1.3235004134592363e-08,2.0576550343356735e-08,2.4696130624663986e-07,7.471739206221419e-07,3.376739741595588e-08,8.648896071828296e-08,1.420908280257664e-08,2.4064935990711053e-08,7.284071423807603e-08,1.2238902696859455e-07,1.1103359121023004e-07
E2_A3p1,chease_mars,4224,libneo_Boozer,0.38825,2.3876511242223956e-08,1.9666962710262128e-08,3.876853904571931e-08,3.839908613301191e-09,8.338161778785089e-08,1.748941034824884e-07,4.3388326206293555e-09,5.951117208123453e-09,1.6222961434041997e-07,4.130822638574505e-07,2.28781404615006e-08,5.225331485317964e-08,4.929921117897275e-09,1.0791412521001308e-08,9.765433467423534e-08,1.3605427667817693e-07,1.0917583148639665e-07
E2_A3p1,chease_mars,4224,libneo_Boozer,0.47275,2.7594759814317325e-08,1.972972404470087e-08,2.0500700026460095e-08,3.839908613301191e-09,1.2007106621489974e-07,3.2440305781066293e-07,1.6165604808750612e-08,2.100510865925556e-08,3.5906745562412403e-07,7.375279160329461e-07,5.571644341600916e-08,9.88879342232303e-08,1.5229485567141666e-08,2.2933305462619815e-08,1.5475696502065261e-07,1.2788859687917764e-07,9.300067216333474e-08
E2_A3p1,chease_mars,4224,libneo_Boozer,0.55725,3.587075712460099e-08,2.863029907741064e-08,2.8635111171126937e-08,3.839908613301191e-09,1.261917406045469e-07,2.569488436406689e-07,2.3086169606337623e-08,4.662404803700137e-08,9.06621081516646e-07,1.9064154368301905e-06,1.4409891289366674e-07,2.682814428013841e-07,2.086605487461869e-08,3.355096778155823e-08,1.0100682257263571e-07,1.70850028680114e-07,1.1443531122701245e-07
E2_A3p1,chease_mars,4224,libneo_Boozer,0.64175,3.517779422219242e-08,2.7028821640720953e-08,1.8812095547993124e-08,3.839908613301191e-09,1.5041097760076548e-07,3.2512747573780064e-07,1.623287018487233e-08,2.4017422011143994e-08,1.2891376485170832e-06,3.2651339562371843e-06,2.1171531621998575e-07,4.7385347045410745e-07,8.366165464730188e-09,1.5345776155850282e-08,1.0195553279412906e-07,1.7733897927918463e-07,1.1068564498284417e-07
E2_A3p1,chease_mars,4224,libneo_Boozer,0.72625,5.0018568991277934e-08,4.198434180938304e-08,9.905373532514972e-08,3.839908613301191e-09,2.1268572972619838e-07,6.374315520676305e-07,1.032963276267401e-08,1.9491551337601282e-08,1.2764970524507182e-06,3.700838445501594e-06,2.164343139939933e-07,5.519757286401228e-07,5.5672429275715776e-09,1.441110836756122e-08,1.5087621152432007e-07,1.542785317276696e-07,9.05174792897867e-08
E2_A3p1,chease_mars,4224,libneo_Boozer,0.81075,3.584890461783528e-08,2.8221944921596472e-08,5.170394956621749e-08,3.839908613301191e-09,2.4241193350040296e-07,8.455906544625659e-07,8.157441864111878e-09,1.275472799516809e-08,9.746000436394076e-07,2.9461266263807683e-06,1.6971557426619135e-07,4.4870241357764805e-07,1.0274440583344083e-08,1.9282763647609173e-08,1.3715443669681804e-07,2.2068029303934367e-07,1.2254345116424759e-07
E2_A3p1,chease_mars,4224,libneo_Boozer,0.89525,3.239199327800876e-08,2.328344623299076e-08,9.240922582698374e-08,3.839908613301191e-09,3.4414668427561786e-07,9.914370828421155e-07,1.3450982649980041e-08,2.1440720587211996e-08,5.849874683539288e-07,1.675468696152305e-06,1.0475433650390657e-07,2.5978653313395884e-07,1.759927663979766e-08,3.2240928726546e-08,8.697076736563503e-08,8.733656420290004e-08,4.615236426364078e-08
E2_A3p1,chease_mars,4224,libneo_Boozer,0.97975,3.590180107601228e-08,3.0556080398345286e-08,5.82659644976502e-08,3.839908613301191e-09,1.3377312929101809e-06,2.9720835620663805e-06,5.368610327829248e-09,1.0027149005787123e-08,3.3684723447147175e-07,7.625373104769043e-07,6.104776804549187e-08,1.1969938032366177e-07,1.0417213310298615e-08,2.0358002652074305e-08,4.965262090372846e-08,5.062223595864168e-08,2.5571351813802323e-08
E2_A3p1,chease_mars,4224,NEO_RT,0.05,,1.2198323009005161e-08,4.6942999265553453e-08,,,,,,,,,,,,,,
E2_A3p1,chease_mars,4224,NEO_RT,0.13454545454545455,,2.286299251523934e-08,8.281978358670727e-08,,,,,,,,,,,,,,
E2_A3p1,chease_mars,4224,NEO_RT,0.21909090909090911,,1.205537808546205e-08,2.9807677215387685e-08,,,,,,,,,,,,,,
E2_A3p1,chease_mars,4224,NEO_RT,0.30363636363636365,,2.0177269697657392e-08,8.427485875817098e-08,,,,,,,,,,,,,,
E2_A3p1,chease_mars,4224,NEO_RT,0.3881818181818182,,2.041485206662847e-08,3.8629557885805355e-08,,,,,,,,,,,,,,
E2_A3p1,chease_mars,4224,NEO_RT,0.4727272727272728,,1.972673788604144e-08,2.0828432978348133e-08,,,,,,,,,,,,,,
E2_A3p1,chease_mars,4224,NEO_RT,0.5572727272727274,,2.8194676883965008e-08,2.8118773309770972e-08,,,,,,,,,,,,,,
E2_A3p1,chease_mars,4224,NEO_RT,0.641818181818182,,2.650317904031734e-08,1.638144786486606e-08,,,,,,,,,,,,,,
E2_A3p1,chease_mars,4224,NEO_RT,0.7263636363636364,,4.1757694397161226e-08,9.914644616415558e-08,,,,,,,,,,,,,,
E2_A3p1,chease_mars,4224,NEO_RT,0.810909090909091,,2.8504717534491146e-08,5.3493064311460614e-08,,,,,,,,,,,,,,
E2_A3p1,chease_mars,4224,NEO_RT,0.8954545454545456,,2.3763608912101665e-08,9.369519093915812e-08,,,,,,,,,,,,,,
E2_A3p1,chease_mars,4224,NEO_RT,0.9800000000000001,,3.0350230952724876e-08,6.013245323899241e-08,,,,,,,,,,,,,,
E2_A3p1,chease_mars,4224,NEO_2,0.05,,1.2198265572141493e-08,4.69430012639549e-08,,,,,,,,,,,,,,
E2_A3p1,chease_mars,4224,NEO_2,0.13454545454545455,,2.2863150631999303e-08,8.28197850299972e-08,,,,,,,,,,,,,,
E2_A3p1,chease_mars,4224,NEO_2,0.21909090909090911,,1.2055410524564686e-08,2.980768021298985e-08,,,,,,,,,,,,,,
E2_A3p1,chease_mars,4224,NEO_2,0.30363636363636365,,2.017725497083087e-08,8.427486020146091e-08,,,,,,,,,,,,,,
E2_A3p1,chease_mars,4224,NEO_2,0.3881818181818182,,2.0414876325441422e-08,3.86295690990579e-08,,,,,,,,,,,,,,
E2_A3p1,chease_mars,4224,NEO_2,0.4727272727272728,,1.9726743052059948e-08,2.0828422764296306e-08,,,,,,,,,,,,,,
E2_A3p1,chease_mars,4224,NEO_2,0.5572727272727274,,2.8194701343026654e-08,2.8118776640440046e-08,,,,,,,,,,,,,,
E2_A3p1,chease_mars,4224,NEO_2,0.641818181818182,,2.650331209129639e-08,1.6381444090107777e-08,,,,,,,,,,,,,,
E2_A3p1,chease_mars,4224,NEO_2,0.7263636363636364,,4.175764650494607e-08,9.914644583108867e-08,,,,,,,,,,,,,,
E2_A3p1,chease_mars,4224,NEO_2,0.810909090909091,,2.8504616066180623e-08,5.349306220203687e-08,,,,,,,,,,,,,,
E2_A3p1,chease_mars,4224,NEO_2,0.8954545454545456,,2.3763800883470117e-08,9.369518694235524e-08,,,,,,,,,,,,,,
E2_A3p1,chease_mars,4224,NEO_2,0.9800000000000001,,3.03501645233233e-08,6.01324525728586e-08,,,,,,,,,,,,,,
E2_A20,chease_mars,66048,libneo_Boozer,0.05025,4.3908631605661674e-10,4.2365985327146817e-10,4.415785959110963e-09,6.34308605640399e-10,3.468971653847821e-08,5.0590634479902486e-08,4.733241896299447e-09,4.893289907259156e-09,4.609839808804389e-07,5.673026510069984e-07,5.8615085748496805e-09,6.2117264923647906e-09,4.732744397294487e-09,4.919626325574609e-09,4.7454799985413576e-08,4.720202499003401e-08,1.052840298831903e-07
E2_A20,chease_mars,66048,libneo_Boozer,0.13475,5.0755414317287975e-09,5.075443218228152e-09,1.9528489936249116e-10,6.34308605640399e-10,5.961762750603873e-08,9.137442858222062e-08,1.0015807991458199e-08,1.0057421216077597e-08,2.717301159504774e-07,3.162092586262658e-07,1.055576576346059e-08,1.0688415654838067e-08,1.0013216235236226e-08,1.0015712711390528e-08,7.848247252084661e-08,7.817032393608869e-08,1.0647495524152006e-07
E2_A20,chease_mars,66048,libneo_Boozer,0.21925,4.429785460795585e-09,4.42786373499951e-09,3.440158158340978e-09,6.34308605640399e-10,2.3274032358608876e-08,3.005415114658226e-08,5.624456127410072e-09,5.721219422087146e-09,6.44440073660988e-08,1.006967342769502e-07,5.7134250356039664e-09,5.7669914295794876e-09,5.624663043688383e-09,5.7248969631138785e-09,2.353782008190919e-08,2.3526630560377626e-08,2.5122331825944144e-08
E2_A20,chease_mars,66048,libneo_Boozer,0.30375,8.96317291165147e-09,8.963881279120478e-09,6.250935324914053e-09,6.34308605640399e-10,1.635876146994263e-07,2.604536285911783e-07,1.7709233841426186e-09,2.2388978633143748e-09,2.6856643067849885e-07,3.351075812504202e-07,5.249473304955131e-09,6.17022412812396e-09,1.7635278419927847e-09,2.173987531725642e-09,1.8151591096859931e-07,1.8125351408659895e-07,1.6443655181941352e-07
E2_A20,chease_mars,66048,libneo_Boozer,0.38825,6.836399972938181e-09,6.829555024289488e-09,6.649453987428444e-09,6.34308605640399e-10,9.14524287865796e-08,1.5463137697001707e-07,9.914655913871454e-09,9.747219269723019e-09,1.0491912751635774e-07,1.3560284089297078e-07,1.0149637136766125e-08,9.977058423936957e-09,9.913843758035285e-09,9.778811807691197e-09,9.405332374035069e-08,9.391344474307672e-08,7.536019552834006e-08
E2_A20,chease_mars,66048,libneo_Boozer,0.47275,7.358737156754999e-09,7.341750090293002e-09,5.381240564261702e-09,6.34308605640399e-10,8.135278846836656e-08,1.1561511727638352e-07,5.130814166680371e-09,5.4186563216231655e-09,6.497722580066093e-08,8.484163272319213e-08,5.341340299073973e-09,5.5121117201159e-09,5.1355370979670425e-09,5.396355224796084e-09,6.093026072573338e-08,6.090891468968351e-08,4.429300137775982e-08
E2_A20,chease_mars,66048,libneo_Boozer,0.55725,9.036170357394868e-09,9.03846418327554e-09,4.854532331677319e-09,6.34308605640399e-10,3.2819918546108577e-07,5.131232875980113e-07,1.587219693179411e-08,1.537152368679256e-08,1.8420284044797728e-07,2.1403920006086e-07,1.6515336990732613e-08,1.6213121792403312e-08,1.5856533480658062e-08,1.5341449420683654e-08,2.268784061731921e-07,2.2699217638866287e-07,1.520393131393405e-07
E2_A20,chease_mars,66048,libneo_Boozer,0.64175,5.300821339438756e-09,5.299355334955463e-09,5.394715230089275e-09,6.34308605640399e-10,3.5369442016248213e-07,5.001961933982411e-07,4.605971328241069e-10,7.5522942844163e-10,1.4058017939107722e-07,1.5105092286719157e-07,3.7773102954171565e-09,3.95835241973725e-09,5.155925211229023e-10,8.51279809874494e-10,1.788895649390554e-07,1.791171264642344e-07,1.1179547088069341e-07
E2_A20,chease_mars,66048,libneo_Boozer,0.72625,9.865462356284692e-10,9.78163550688934e-10,6.848559053196368e-09,6.34308605640399e-10,2.611296300563015e-07,4.2547019363931127e-07,2.0580611229713927e-09,2.9950734017673586e-09,6.361395007780476e-08,6.865632462608925e-08,2.7358148000497274e-09,3.457729847697799e-09,2.0717848668203686e-09,3.038870986901974e-09,1.1625382356772462e-07,1.1649238162991793e-07,6.83477894281026e-08
E2_A20,chease_mars,66048,libneo_Boozer,0.81075,3.2930366227842422e-09,3.274357962241655e-09,5.6659843483686245e-09,6.34308605640399e-10,2.0440824620629292e-07,3.095658682683763e-07,4.621658064759655e-09,4.983810050541661e-09,3.660000080778361e-08,5.691521350237751e-08,4.747711083414018e-09,5.241962566523987e-09,4.611424888702357e-09,4.930189019281858e-09,5.825288473815249e-08,5.8364301058766443e-08,3.240961021777622e-08
E2_A20,chease_mars,66048,libneo_Boozer,0.89525,6.691034503294867e-09,6.692108628989398e-09,2.0169586001372863e-09,6.34308605640399e-10,3.177246890178572e-07,4.5145865901878544e-07,7.977978672142741e-09,7.689136188510948e-09,2.658059183903434e-08,3.126903290020517e-08,8.017683164716255e-09,7.739910891707491e-09,7.972182285407229e-09,7.652923804863534e-09,4.716113244374043e-08,4.738690873029583e-08,2.5041262730063352e-08
E2_A20,chease_mars,66048,libneo_Boozer,0.97975,8.579618863237798e-09,8.561107514096714e-09,6.2574707637708116e-09,6.34308605640399e-10,3.986588481661066e-06,6.400518569834206e-06,1.1469958851556859e-08,1.1596590296225649e-08,7.63386317012094e-08,1.599167304399881e-07,1.1734959906969886e-08,1.1903029617527173e-08,1.146824599905994e-08,1.1656398600452415e-08,1.2901930757092117e-07,1.2963814643995875e-07,6.548550290919053e-08
E2_A20,chease_mars,66048,NEO_RT,0.05,,5.6691467660503436e-09,3.5799273545578103e-09,,,,,,,,,,,,,,
E2_A20,chease_mars,66048,NEO_RT,0.13454545454545455,,1.3139757879371992e-09,2.8370861215876175e-10,,,,,,,,,,,,,,
E2_A20,chease_mars,66048,NEO_RT,0.21909090909090911,,2.3539127964200755e-09,2.8736717450073e-09,,,,,,,,,,,,,,
E2_A20,chease_mars,66048,NEO_RT,0.30363636363636365,,9.189237319617501e-09,6.681998510060794e-09,,,,,,,,,,,,,,
E2_A20,chease_mars,66048,NEO_RT,0.3881818181818182,,7.263068431115051e-09,5.692517568434141e-09,,,,,,,,,,,,,,
E2_A20,chease_mars,66048,NEO_RT,0.4727272727272728,,7.579061761173002e-09,5.343891884557195e-09,,,,,,,,,,,,,,
E2_A20,chease_mars,66048,NEO_RT,0.5572727272727274,,9.36823597346781e-09,4.617457083355703e-09,,,,,,,,,,,,,,
E2_A20,chease_mars,66048,NEO_RT,0.641818181818182,,4.65255124565048e-09,4.322765145836627e-09,,,,,,,,,,,,,,
E2_A20,chease_mars,66048,NEO_RT,0.7263636363636364,,8.148721526507015e-10,4.351985993800156e-09,,,,,,,,,,,,,,
E2_A20,chease_mars,66048,NEO_RT,0.810909090909091,,2.9860935195141604e-09,5.704414940410629e-09,,,,,,,,,,,,,,
E2_A20,chease_mars,66048,NEO_RT,0.8954545454545456,,5.157691654638723e-09,2.464427550918913e-09,,,,,,,,,,,,,,
E2_A20,chease_mars,66048,NEO_RT,0.9800000000000001,,8.469095972943287e-09,3.953649074794896e-09,,,,,,,,,,,,,,
E2_A20,chease_mars,66048,NEO_2,0.05,,5.669143254267806e-09,3.5799259112678783e-09,,,,,,,,,,,,,,
E2_A20,chease_mars,66048,NEO_2,0.13454545454545455,,1.313975993102098e-09,2.837085011364593e-10,,,,,,,,,,,,,,
E2_A20,chease_mars,66048,NEO_2,0.21909090909090911,,2.353907834662408e-09,2.8736686363828312e-09,,,,,,,,,,,,,,
E2_A20,chease_mars,66048,NEO_2,0.30363636363636365,,9.189242997247098e-09,6.6819942912133e-09,,,,,,,,,,,,,,
E2_A20,chease_mars,66048,NEO_2,0.3881818181818182,,7.263079445829184e-09,5.692528670664387e-09,,,,,,,,,,,,,,
E2_A20,chease_mars,66048,NEO_2,0.4727272727272728,,7.579047747035792e-09,5.343879228014714e-09,,,,,,,,,,,,,,
E2_A20,chease_mars,66048,NEO_2,0.5572727272727274,,9.368237665269162e-09,4.617450866106765e-09,,,,,,,,,,,,,,
E2_A20,chease_mars,66048,NEO_2,0.641818181818182,,4.652550211093274e-09,4.322762259256763e-09,,,,,,,,,,,,,,
E2_A20,chease_mars,66048,NEO_2,0.7263636363636364,,8.148662185407629e-10,4.351989657536137e-09,,,,,,,,,,,,,,
E2_A20,chease_mars,66048,NEO_2,0.810909090909091,,2.986095667030435e-09,5.704416050633654e-09,,,,,,,,,,,,,,
E2_A20,chease_mars,66048,NEO_2,0.8954545454545456,,5.157699690061182e-09,2.464420889580765e-09,,,,,,,,,,,,,,
E2_A20,chease_mars,66048,NEO_2,0.9800000000000001,,8.469103314335458e-09,3.9536518503524576e-09,,,,,,,,,,,,,,
E1_A10,chease_mars,16640,libneo_Boozer,0.05025,8.745193701057344e-09,8.729802049792826e-09,6.22724893872828e-09,5.238303124599497e-10,8.487310974721265e-09,1.4025457383926999e-08,6.41256080814334e-09,7.652844341372837e-09,1.2693673072879564e-07,1.9309169481022393e-07,6.684560313565332e-09,7.687445953957854e-09,6.414485823113316e-09,7.660549444414965e-09,1.3986435232204997e-08,1.3889762402741201e-08,3.098109890853351e-08
E1_A10,chease_mars,16640,libneo_Boozer,0.13475,7.284713836747173e-09,7.285408969463191e-09,3.8106016120309505e-09,5.238303124599497e-10,3.217476858689663e-08,4.8935230823919994e-08,1.2550195937504502e-08,1.301323382046827e-08,1.4314390046770662e-07,1.5430252772340532e-07,1.3022593053739161e-08,1.3533377302089517e-08,1.25524421614382e-08,1.309575591897204e-08,4.1720040450110574e-08,4.1712470477683894e-08,5.6816110038937495e-08
E1_A10,chease_mars,16640,libneo_Boozer,0.21925,7.027148257265227e-10,5.508895657366445e-10,4.4901611317982315e-09,5.238303124599497e-10,3.5878213683295685e-08,5.2082857326964625e-08,4.56388376155794e-09,4.744551004854809e-09,8.914686921804366e-08,9.808882715596829e-08,5.337453062997941e-09,5.620095325256589e-09,4.5520251726056605e-09,4.648415042592298e-09,4.009447576724945e-08,4.0096717390802894e-08,4.28162870158566e-08
E1_A10,chease_mars,16640,libneo_Boozer,0.30375,9.10379326908404e-09,9.088990363698398e-09,5.003198300101985e-09,5.238303124599497e-10,1.511314412165621e-08,2.914085296649638e-08,1.0354218152848068e-08,1.0099547556343804e-08,2.9743470548505934e-08,5.120879604948746e-08,1.0404336784247771e-08,1.0092969881225574e-08,1.034560613045491e-08,1.008757334912548e-08,1.978597996554754e-08,1.9818418794947945e-08,1.7979634336917627e-08
E1_A10,chease_mars,16640,libneo_Boozer,0.38825,2.511221041892195e-09,2.475837145071371e-09,4.068060999173895e-09,5.238303124599497e-10,7.488631379266733e-08,1.1114482841602642e-07,7.587762416117042e-09,7.645425718906439e-09,8.275011202561451e-08,8.778892556292589e-08,8.317647988011174e-09,8.389978442690597e-09,7.58194087183666e-09,7.494313774663347e-09,6.836053245695695e-08,6.833361015923245e-08,5.4833839580048505e-08
E1_A10,chease_mars,16640,libneo_Boozer,0.47275,3.0112260794035664e-09,3.0101738123983692e-09,6.169480482043355e-10,5.238303124599497e-10,1.3487732932050906e-07,1.9601375127372076e-07,1.028347021247121e-08,1.0704304540044353e-08,1.0678586484099711e-07,1.2339557477684885e-07,1.1369237186584315e-08,1.2018158793333242e-08,1.0282480434816153e-08,1.0928709194693342e-08,1.0286370855094873e-07,1.0282098955594066e-07,7.477148245005338e-08
E1_A10,chease_mars,16640,libneo_Boozer,0.55725,3.481325034885012e-09,3.476073742354738e-09,1.3749195115764223e-09,5.238303124599497e-10,1.7349806312980491e-07,2.454812203198698e-07,3.803073324269511e-09,3.900870759241159e-09,9.7318447135159e-08,1.0316905252373096e-07,6.1359285310826655e-09,6.3106370863247676e-09,3.796660679292273e-09,4.130561963326295e-09,1.0860986787708526e-07,1.0870501498949636e-07,7.281059288821723e-08
E1_A10,chease_mars,16640,libneo_Boozer,0.64175,6.204940320593446e-09,6.208923727848014e-09,3.05524716637251e-09,5.238303124599497e-10,1.5387376577950072e-07,2.3239218839622153e-07,1.1098675287181753e-08,1.0500907721506236e-08,6.007788053777476e-08,6.19392511775986e-08,1.1533446458684775e-08,1.0950923321695154e-08,1.1075623281558624e-08,1.0300520552186292e-08,8.338058921086855e-08,8.351084335167513e-08,5.212306541935163e-08
E1_A10,chease_mars,16640,libneo_Boozer,0.72625,1.1988635912294021e-09,1.0249881425187862e-09,5.595899410515415e-09,5.238303124599497e-10,1.5028667592816726e-08,3.317560655477029e-08,1.0511348575763995e-09,1.5513079965406342e-09,8.62303080674623e-09,1.512665113975482e-08,1.1570498924337142e-09,1.6932005478883842e-09,1.0678468596128125e-09,1.5679945643643455e-09,8.874307400041914e-09,8.809911689056094e-09,5.168904304575506e-09
E1_A10,chease_mars,16640,libneo_Boozer,0.81075,1.3259632113806985e-09,1.3254427856371506e-09,5.284207738043278e-09,5.238303124599497e-10,5.368943444369018e-07,8.031468741058622e-07,6.800440325737652e-09,7.433215236343541e-09,9.06286405992457e-08,1.0866120485307722e-07,8.680123573788796e-09,9.760480290025698e-09,6.82451026509499e-09,7.775444308269557e-09,1.5157363841833416e-07,1.5176514167603017e-07,8.427495656881945e-08
E1_A10,chease_mars,16640,libneo_Boozer,0.89525,9.172938410345954e-09,9.191613708678471e-09,1.9870647349762294e-09,5.238303124599497e-10,4.063571416492733e-07,6.263542571375859e-07,6.046043021429699e-09,5.847425631123305e-09,3.4707985041482897e-08,4.022005714651197e-08,6.414680691439442e-09,6.31740144415582e-09,6.055668498596953e-09,5.977447167475639e-09,6.539923347315124e-08,6.5490140532809e-08,3.460778097430506e-08
E1_A10,chease_mars,16640,libneo_Boozer,0.97975,1.8845849829680514e-09,1.8262624784432313e-09,3.663545689036596e-09,5.238303124599497e-10,1.229723072212105e-06,2.145980899507165e-06,3.6716019910623046e-09,3.403555496050741e-09,4.1017570665430684e-08,8.615595208688965e-08,4.5453560882832394e-09,6.451365158504075e-09,3.683216579968865e-09,3.605665778056556e-09,4.334192116317581e-08,4.350264026786732e-08,2.19749543006742e-08
E1_A10,chease_mars,16640,NEO_RT,0.05,,8.05518213139607e-09,6.744438008077225e-09,,,,,,,,,,,,,,
E1_A10,chease_mars,16640,NEO_RT,0.13454545454545455,,1.3286975318397226e-09,9.368461562075936e-11,,,,,,,,,,,,,,
E1_A10,chease_mars,16640,NEO_RT,0.21909090909090911,,3.926210254391683e-09,3.1142062262290438e-09,,,,,,,,,,,,,,
E1_A10,chease_mars,16640,NEO_RT,0.30363636363636365,,6.429397376508618e-09,2.701209145250516e-09,,,,,,,,,,,,,,
E1_A10,chease_mars,16640,NEO_RT,0.3881818181818182,,1.6484711334170443e-09,4.1816243800951725e-09,,,,,,,,,,,,,,
E1_A10,chease_mars,16640,NEO_RT,0.4727272727272728,,3.347693607756368e-09,9.070326711935195e-10,,,,,,,,,,,,,,
E1_A10,chease_mars,16640,NEO_RT,0.5572727272727274,,3.1936552090271126e-09,1.3372719598336857e-09,,,,,,,,,,,,,,
E1_A10,chease_mars,16640,NEO_RT,0.641818181818182,,6.831763457718184e-09,2.363520046344547e-09,,,,,,,,,,,,,,
E1_A10,chease_mars,16640,NEO_RT,0.7263636363636364,,6.650054863719262e-10,5.509540934589552e-09,,,,,,,,,,,,,,
E1_A10,chease_mars,16640,NEO_RT,0.810909090909091,,4.982644957042308e-09,5.900911759226801e-09,,,,,,,,,,,,,,
E1_A10,chease_mars,16640,NEO_RT,0.8954545454545456,,3.2030679404252115e-09,6.702314259143805e-10,,,,,,,,,,,,,,
E1_A10,chease_mars,16640,NEO_RT,0.9800000000000001,,7.22230962680158e-09,9.397733702343203e-10,,,,,,,,,,,,,,
E1_A10,chease_mars,16640,NEO_2,0.05,,8.055150000116732e-09,6.744434899452756e-09,,,,,,,,,,,,,,
E1_A10,chease_mars,16640,NEO_2,0.13454545454545455,,1.3287379177456573e-09,9.368816833443816e-11,,,,,,,,,,,,,,
E1_A10,chease_mars,16640,NEO_2,0.21909090909090911,,3.926188573708306e-09,3.1141988987570812e-09,,,,,,,,,,,,,,
E1_A10,chease_mars,16640,NEO_2,0.30363636363636365,,6.429369259837041e-09,2.7012116987634727e-09,,,,,,,,,,,,,,
E1_A10,chease_mars,16640,NEO_2,0.3881818181818182,,1.648466462113201e-09,4.181615942400185e-09,,,,,,,,,,,,,,
E1_A10,chease_mars,16640,NEO_2,0.4727272727272728,,3.347694695708134e-09,9.070235673647176e-10,,,,,,,,,,,,,,
E1_A10,chease_mars,16640,NEO_2,0.5572727272727274,,3.1936521409678808e-09,1.3372689622315193e-09,,,,,,,,,,,,,,
E1_A10,chease_mars,16640,NEO_2,0.641818181818182,,6.831768818828258e-09,2.3635181589654053e-09,,,,,,,,,,,,,,
E1_A10,chease_mars,16640,NEO_2,0.7263636363636364,,6.65026611474345e-10,5.509546152637768e-09,,,,,,,,,,,,,,
E1_A10,chease_mars,16640,NEO_2,0.810909090909091,,4.982642088409086e-09,5.900912425360616e-09,,,,,,,,,,,,,,
E1_A10,chease_mars,16640,NEO_2,0.8954545454545456,,3.203067040762631e-09,6.702369770295036e-10,,,,,,,,,,,,,,
E1_A10,chease_mars,16640,NEO_2,0.9800000000000001,,7.222312863918333e-09,9.397722600112957e-10,,,,,,,,,,,,,,
E2_A3p1,chease_mars,16640,libneo_Boozer,0.05025,8.317404853210472e-09,6.007029907748661e-09,2.1821014328793353e-08,7.1587415995111314e-09,7.67189147819271e-09,1.561503119651096e-08,4.016578784745706e-09,8.060081060661282e-09,2.5109105364349703e-07,1.1035841854206156e-06,1.4550106381713949e-08,6.01123997110647e-08,3.93154886057238e-09,7.653223131826506e-09,8.253547463532573e-09,2.031386772682886e-08,4.5310059815228954e-08
E2_A3p1,chease_mars,16640,libneo_Boozer,0.13475,2.0770499454917163e-08,1.864120992845979e-08,3.103546086791198e-09,7.1587415995111314e-09,1.2460491074225667e-08,5.1359440362729986e-08,1.2273047004159901e-08,2.723322775682827e-08,2.12375187319806e-07,8.903459128893233e-07,2.245767573678905e-08,7.6445682289268e-08,1.2244442779574926e-08,2.6692837559836498e-08,4.9078639013933056e-08,7.758235121002599e-08,1.0567411440343122e-07
E2_A3p1,chease_mars,16640,libneo_Boozer,0.21925,1.8538290601755367e-08,1.4078526839026813e-08,1.2663916471034042e-08,7.1587415995111314e-09,1.3051245449897913e-08,3.8798093627834017e-08,9.953012991253706e-09,1.0904935085642464e-08,1.4982675680930821e-07,6.009145414549212e-07,1.922760192696841e-08,6.162447325294682e-08,9.86359297196339e-09,1.1199266577274398e-08,3.3218771067211605e-08,8.275678925473429e-08,8.836980097681746e-08
E2_A3p1,chease_mars,16640,libneo_Boozer,0.30375,2.5442517937846433e-08,2.1346952171696616e-08,2.8230883852842226e-08,7.1587415995111314e-09,3.039491492044266e-08,6.899367074889076e-08,5.407915471942637e-09,5.786358468072614e-09,7.787801552397318e-08,3.186291558330831e-07,1.1181547162931696e-08,3.689465520683267e-08,4.991454791449055e-09,7.094021493224702e-09,4.981123036262858e-08,1.142331774173222e-07,1.0363445279715222e-07
E2_A3p1,chease_mars,16640,libneo_Boozer,0.38825,2.395317972966824e-08,1.9720101470804275e-08,3.876853904571931e-08,7.1587415995111314e-09,5.0168766308020814e-08,1.1860688492726693e-07,7.249162853112859e-09,1.2972398022590895e-08,9.510465429132917e-08,2.833667495517509e-07,1.500257419653817e-08,3.585755534684733e-08,6.986430016731998e-09,1.3882071292657026e-08,7.122272982496014e-08,1.4790544783371828e-07,1.1868572424855728e-07
E2_A3p1,chease_mars,16640,libneo_Boozer,0.47275,3.25620848825102e-08,2.6933975541773172e-08,2.408852695090502e-08,7.1587415995111314e-09,4.975304061436913e-08,1.0672680893173173e-07,1.1759022711268508e-08,1.7884141897582026e-08,9.844318534797176e-08,2.966784263525082e-07,1.8690876411023034e-08,4.047782023476112e-08,1.1924970420055975e-08,1.9547689173811688e-08,5.4664901494305695e-08,1.4111688650952914e-07,1.026202938181342e-07
E2_A3p1,chease_mars,16640,libneo_Boozer,0.55725,3.11329021378742e-08,2.561615663466982e-08,3.270305970470844e-08,7.1587415995111314e-09,7.268790090265424e-08,8.97575301318403e-08,8.365045272547663e-09,1.120746158728701e-08,5.6415533869746136e-08,3.274180724965579e-07,1.210948910874762e-08,4.591521109070487e-08,8.06814530136764e-09,1.1581429832079263e-08,3.296535489027974e-08,8.821532659908371e-08,5.908660394293719e-08
E2_A3p1,chease_mars,16640,libneo_Boozer,0.64175,2.3251341396154302e-08,1.9303342081913625e-08,3.4639888513154915e-08,7.1587415995111314e-09,1.2308255573591212e-07,2.826779813517591e-07,1.0859719404024426e-08,1.1825833350258392e-08,5.8677335406825737e-08,1.3767625550133982e-07,1.4391088843388745e-08,2.1144503933210912e-08,1.0316262029713603e-08,1.1817664789511983e-08,8.727459566149065e-08,7.890983133584939e-08,4.925135621558496e-08
E2_A3p1,chease_mars,16640,libneo_Boozer,0.72625,1.9579315009704096e-08,1.7299042425352856e-08,3.367687895217131e-08,7.1587415995111314e-09,1.0739140855289804e-07,2.1838754966264355e-07,6.0728842338642245e-09,1.1849635424991965e-08,6.77028511992483e-08,3.955082559068631e-07,1.2934585744452203e-08,5.995406754779233e-08,5.802531852421739e-09,1.7793068097859183e-08,5.02998526163978e-08,1.0657188886931124e-07,6.252729056743789e-08
E2_A3p1,chease_mars,16640,libneo_Boozer,0.81075,2.317213663812212e-08,2.0300907148758988e-08,3.481863819487785e-08,7.1587415995111314e-09,1.6460282860877679e-07,2.7734281578368014e-07,8.701583463452444e-09,1.3662787493916114e-08,6.827929625936796e-08,3.3395069929613817e-07,1.464525810500045e-08,5.2293384635176885e-08,8.876345955029404e-09,1.8887419401748687e-08,4.5937451620403635e-08,1.1604760463690411e-07,6.444106681602335e-08
E2_A3p1,chease_mars,16640,libneo_Boozer,0.89525,1.855615475515829e-08,1.731413214766336e-08,1.230708013277848e-08,7.1587415995111314e-09,3.518888172171642e-07,4.64801761953002e-07,1.6255089904262627e-08,2.2256198129147727e-08,4.539683905426261e-08,1.9722495634824298e-07,1.7914241738897755e-08,3.2900095736564086e-08,1.5814171184713795e-08,2.2607076604133726e-08,4.0290635716644374e-08,2.829313194840921e-08,1.4951296978260586e-08
E2_A3p1,chease_mars,16640,libneo_Boozer,0.97975,7.90723515274977e-09,8.190696604249661e-09,3.197503906093857e-08,7.1587415995111314e-09,1.71815620874208e-06,4.272922186404708e-06,2.281753015985944e-09,4.958543583202733e-09,1.8834878770811704e-07,5.081354393188025e-07,3.408101944610591e-08,7.950046054036917e-08,4.737200055418272e-09,1.5028774537492012e-08,7.156911252526044e-08,9.546518997538556e-08,4.822335475385131e-08
E2_A3p1,chease_mars,16640,NEO_RT,0.05,,7.584440021958391e-09,1.4521275071288642e-08,,,,,,,,,,,,,,
E2_A3p1,chease_mars,16640,NEO_RT,0.13454545454545455,,1.5063449996445226e-08,4.187382995901601e-09,,,,,,,,,,,,,,
E2_A3p1,chease_mars,16640,NEO_RT,0.21909090909090911,,1.4877104970708163e-08,1.4878180798483243e-08,,,,,,,,,,,,,,
E2_A3p1,chease_mars,16640,NEO_RT,0.30363636363636365,,2.0968215913252102e-08,2.8022971498842253e-08,,,,,,,,,,,,,,
E2_A3p1,chease_mars,16640,NEO_RT,0.3881818181818182,,2.0020573034168535e-08,3.927042935281122e-08,,,,,,,,,,,,,,
E2_A3p1,chease_mars,16640,NEO_RT,0.4727272727272728,,2.69156717838292e-08,2.3884057953615923e-08,,,,,,,,,,,,,,
E2_A3p1,chease_mars,16640,NEO_RT,0.5572727272727274,,2.5628828478432553e-08,3.247424174013247e-08,,,,,,,,,,,,,,
E2_A3p1,chease_mars,16640,NEO_RT,0.641818181818182,,2.050982931646536e-08,3.3993740156113006e-08,,,,,,,,,,,,,,
E2_A3p1,chease_mars,16640,NEO_RT,0.7263636363636364,,1.7126867400826985e-08,3.449509144992646e-08,,,,,,,,,,,,,,
E2_A3p1,chease_mars,16640,NEO_RT,0.810909090909091,,1.906774389785037e-08,3.189770092504318e-08,,,,,,,,,,,,,,
E2_A3p1,chease_mars,16640,NEO_RT,0.8954545454545456,,1.9620032460961405e-08,9.006807411005013e-09,,,,,,,,,,,,,,
E2_A3p1,chease_mars,16640,NEO_RT,0.9800000000000001,,6.415696075406387e-09,3.0200194567342464e-08,,,,,,,,,,,,,,
E2_A3p1,chease_mars,16640,NEO_2,0.05,,7.58498706901588e-09,1.4521277513779296e-08,,,,,,,,,,,,,,
E2_A3p1,chease_mars,16640,NEO_2,0.13454545454545455,,1.5063854820272643e-08,4.187387214749094e-09,,,,,,,,,,,,,,
E2_A3p1,chease_mars,16640,NEO_2,0.21909090909090911,,1.4877075938595323e-08,1.48781789111041e-08,,,,,,,,,,,,,,
E2_A3p1,chease_mars,16640,NEO_2,0.30363636363636365,,2.0968246852658777e-08,2.8022970832708438e-08,,,,,,,,,,,,,,
E2_A3p1,chease_mars,16640,NEO_2,0.3881818181818182,,2.002060377716849e-08,3.9270439455840744e-08,,,,,,,,,,,,,,
E2_A3p1,chease_mars,16640,NEO_2,0.4727272727272728,,2.691567106493469e-08,2.388406228348572e-08,,,,,,,,,,,,,,
E2_A3p1,chease_mars,16640,NEO_2,0.5572727272727274,,2.5628844720890604e-08,3.247423141505834e-08,,,,,,,,,,,,,,
E2_A3p1,chease_mars,16640,NEO_2,0.641818181818182,,2.05096910987493e-08,3.3993745485183524e-08,,,,,,,,,,,,,,
E2_A3p1,chease_mars,16640,NEO_2,0.7263636363636364,,1.7126685533204458e-08,3.449509444752863e-08,,,,,,,,,,,,,,
E2_A3p1,chease_mars,16640,NEO_2,0.810909090909091,,1.906783609039226e-08,3.1897692931437405e-08,,,,,,,,,,,,,,
E2_A3p1,chease_mars,16640,NEO_2,0.8954545454545456,,1.961999569779161e-08,9.006802637046007e-09,,,,,,,,,,,,,,
E2_A3p1,chease_mars,16640,NEO_2,0.9800000000000001,,6.415749141302382e-09,3.020019434529786e-08,,,,,,,,,,,,,,
E1_A10,chease_mars,66048,libneo_Boozer,0.05025,8.746068641737998e-09,8.730240287630143e-09,6.22724893872828e-09,3.7079828096864276e-10,8.357284245150042e-09,1.4055930761561603e-08,6.412455619312191e-09,7.64397802156618e-09,1.270535472669437e-07,1.8501989207758195e-07,6.684951340315668e-09,7.681328740779278e-09,6.414426070306289e-09,7.653528764984969e-09,1.3878638550901545e-08,1.3713414744043195e-08,3.058775563391514e-08
E1_A10,chease_mars,66048,libneo_Boozer,0.13475,7.284687529654157e-09,7.285396011440409e-09,3.8106016120309505e-09,3.7079828096864276e-10,3.2144884417014156e-08,4.8750678894423164e-08,1.255018263052315e-08,1.2995230890149431e-08,1.4317832394319376e-07,1.5495271695688047e-07,1.302280507520551e-08,1.3468616242403998e-08,1.2552432751339646e-08,1.3072505807905369e-08,4.168495257306226e-08,4.170017570137574e-08,5.67993634903452e-08
E1_A10,chease_mars,66048,libneo_Boozer,0.21925,7.128104944668377e-10,5.573526196140709e-10,4.4901611317982315e-09,3.7079828096864276e-10,3.567045339890289e-08,5.1576561067296736e-08,4.563966708485537e-09,4.7345661392446616e-09,8.912747492545066e-08,9.704152134532226e-08,5.3372109328436185e-09,5.55886828197583e-09,4.552085759983437e-09,4.645073090846586e-09,3.9811747953866217e-08,3.982137494751292e-08,4.2522269427802684e-08
E1_A10,chease_mars,66048,libneo_Boozer,0.30375,9.103767496249618e-09,9.088977619982464e-09,5.003198300101985e-09,3.7079828096864276e-10,1.5114178845223254e-08,2.9232333945997015e-08,1.035429283776052e-08,1.0126702676080577e-08,2.9763732097547476e-08,5.138614096955155e-08,1.0404488546936592e-08,1.0120749920406542e-08,1.0345701804294483e-08,1.0111550415839154e-08,1.9949807972263756e-08,1.998838417005544e-08,1.8133830104183346e-08
E1_A10,chease_mars,66048,libneo_Boozer,0.38825,2.5106886578625566e-09,2.475566454897335e-09,4.068060999173895e-09,3.7079828096864276e-10,7.480214396554985e-08,1.1101589143823523e-07,7.58776450958686e-09,7.637388904738837e-09,8.272818998416583e-08,8.846456331633972e-08,8.317277047560966e-09,8.382722556420018e-09,7.581939955838457e-09,7.4941641163013e-09,6.81937229463081e-08,6.816136205456402e-08,5.469562025517405e-08
E1_A10,chease_mars,66048,libneo_Boozer,0.47275,3.0112958121748153e-09,3.010210251839511e-09,6.169480482043355e-10,3.7079828096864276e-10,1.3428321599904338e-07,1.9582435825585363e-07,1.025950743915204e-08,1.0765190356203239e-08,1.0436476528259568e-07,1.059492765622366e-07,1.1300640754247808e-08,1.1675732466196476e-08,1.0258337159010104e-08,1.0946847762360089e-08,1.0283979479108751e-07,1.0280170814613854e-07,7.475746099938618e-08
E1_A10,chease_mars,66048,libneo_Boozer,0.55725,3.4816442593527237e-09,3.4762361342256115e-09,1.3749195115764223e-09,3.7079828096864276e-10,1.7348608788122287e-07,2.452471141843365e-07,3.803079817701469e-09,3.89533425286873e-09,9.732142013994035e-08,1.027518135896133e-07,6.136048161541021e-09,6.295904910232717e-09,3.796666408418527e-09,4.124251523765126e-09,1.0838385700040476e-07,1.0847494180676875e-07,7.265648993559637e-08
E1_A10,chease_mars,66048,libneo_Boozer,0.64175,6.204888325523727e-09,6.2088978617010414e-09,3.05524716637251e-09,3.7079828096864276e-10,1.5398081423466213e-07,2.3093816834667796e-07,1.10986706852094e-08,1.0437780756073168e-08,6.008662253372275e-08,6.113996438179706e-08,1.1533570581048817e-08,1.0860233679026956e-08,1.107561902033105e-08,1.0272208078001313e-08,8.28089644633323e-08,8.293560072036854e-08,5.176402928519508e-08
E1_A10,chease_mars,66048,libneo_Boozer,0.72625,1.1977777679493648e-09,1.024350739992444e-09,5.595899410515415e-09,3.7079828096864276e-10,1.5451572039295477e-08,3.309044675177279e-08,1.050969286193146e-09,1.5483444605422955e-09,8.562004641926418e-09,1.513299163600481e-08,1.1554518966217108e-09,1.696006554269772e-09,1.067767046422011e-09,1.5663973111626798e-09,8.890383984549999e-09,8.820932206887733e-09,5.17537013244862e-09
E1_A10,chease_mars,66048,libneo_Boozer,0.81075,1.3293368766222827e-09,1.327134128123916e-09,5.284207738043278e-09,3.7079828096864276e-10,5.425065889351829e-07,8.021057666014178e-07,6.800818072688285e-09,7.425639753991262e-09,9.063036288846128e-08,1.0554749442215676e-07,8.680482533953392e-09,9.614457536406857e-09,6.824297478100805e-09,7.749783851513595e-09,1.5140418130332733e-07,1.5160469279962285e-07,8.418585950575874e-08
E1_A10,chease_mars,66048,libneo_Boozer,0.89525,9.172978532604366e-09,9.191633691338267e-09,1.9870647349762294e-09,3.7079828096864276e-10,4.065420158941287e-07,6.249078603493269e-07,6.0460422592836335e-09,5.867168824261015e-09,3.4712141961532686e-08,4.009189704986663e-08,6.414768429599504e-09,6.313086176128235e-09,6.055668536389271e-09,5.99204330840952e-09,6.52630929298681e-08,6.535469510016156e-08,3.4536205784085894e-08
E1_A10,chease_mars,66048,libneo_Boozer,0.97975,1.9034333716526236e-09,1.8360449127441053e-09,3.663545689036596e-09,3.7079828096864276e-10,1.2281711522464566e-06,2.1343966275845264e-06,3.6715781851278357e-09,3.4019869242868136e-09,4.1055906805572614e-08,8.622125762224138e-08,4.546825610776444e-09,6.460299864255086e-09,3.6831758495315135e-09,3.6113701258417127e-09,4.311078916074962e-08,4.327116920332941e-08,2.185802883136745e-08
E1_A10,chease_mars,66048,NEO_RT,0.05,,8.055873901372412e-09,6.744957592452749e-09,,,,,,,,,,,,,,
E1_A10,chease_mars,66048,NEO_RT,0.13454545454545455,,1.3287375579156368e-09,6.428864107732579e-10,,,,,,,,,,,,,,
E1_A10,chease_mars,66048,NEO_RT,0.21909090909090911,,3.927222127269438e-09,3.2586737752637873e-09,,,,,,,,,,,,,,
E1_A10,chease_mars,66048,NEO_RT,0.30363636363636365,,6.429374402374056e-09,2.701205814581442e-09,,,,,,,,,,,,,,
E1_A10,chease_mars,66048,NEO_RT,0.3881818181818182,,1.6480459841990713e-09,4.1816243800951725e-09,,,,,,,,,,,,,,
E1_A10,chease_mars,66048,NEO_RT,0.4727272727272728,,3.3477248095097398e-09,1.0432799069093335e-09,,,,,,,,,,,,,,
E1_A10,chease_mars,66048,NEO_RT,0.5572727272727274,,3.1938278480915174e-09,1.3372719598336857e-09,,,,,,,,,,,,,,
E1_A10,chease_mars,66048,NEO_RT,0.641818181818182,,6.831733786014368e-09,2.363520046344547e-09,,,,,,,,,,,,,,
E1_A10,chease_mars,66048,NEO_RT,0.7263636363636364,,6.639924949403347e-10,5.509540934589552e-09,,,,,,,,,,,,,,
E1_A10,chease_mars,66048,NEO_RT,0.810909090909091,,4.983107875209763e-09,5.806186420542758e-09,,,,,,,,,,,,,,
E1_A10,chease_mars,66048,NEO_RT,0.8954545454545456,,3.2031377807698464e-09,6.702314259143805e-10,,,,,,,,,,,,,,
E1_A10,chease_mars,66048,NEO_RT,0.9800000000000001,,7.224693210175889e-09,9.397733702343203e-10,,,,,,,,,,,,,,
E1_A10,chease_mars,66048,NEO_2,0.05,,8.055841793818913e-09,6.744952929516046e-09,,,,,,,,,,,,,,
E1_A10,chease_mars,66048,NEO_2,0.13454545454545455,,1.328774303472357e-09,6.428892973531219e-10,,,,,,,,,,,,,,
E1_A10,chease_mars,66048,NEO_2,0.21909090909090911,,3.9272027390576614e-09,3.25866578165801e-09,,,,,,,,,,,,,,
E1_A10,chease_mars,66048,NEO_2,0.30363636363636365,,6.42935107221584e-09,2.7012131420534047e-09,,,,,,,,,,,,,,
E1_A10,chease_mars,66048,NEO_2,0.3881818181818182,,1.648035100570614e-09,4.181617274667815e-09,,,,,,,,,,,,,,
E1_A10,chease_mars,66048,NEO_2,0.4727272727272728,,3.347730551939942e-09,1.0432823493999877e-09,,,,,,,,,,,,,,
E1_A10,chease_mars,66048,NEO_2,0.5572727272727274,,3.1938247695450163e-09,1.3372715157444759e-09,,,,,,,,,,,,,,
E1_A10,chease_mars,66048,NEO_2,0.641818181818182,,6.831739163618725e-09,2.3635201573668496e-09,,,,,,,,,,,,,,
E1_A10,chease_mars,66048,NEO_2,0.7263636363636364,,6.640137419336498e-10,5.509544598325533e-09,,,,,,,,,,,,,,
E1_A10,chease_mars,66048,NEO_2,0.810909090909091,,4.9831050059906135e-09,5.806189529167227e-09,,,,,,,,,,,,,,
E1_A10,chease_mars,66048,NEO_2,0.8954545454545456,,3.203136880226075e-09,6.702371990741085e-10,,,,,,,,,,,,,,
E1_A10,chease_mars,66048,NEO_2,0.9800000000000001,,7.224696469022985e-09,9.397722600112957e-10,,,,,,,,,,,,,,
E2_A3p1,chease_mars,66048,libneo_Boozer,0.05025,8.350359942461743e-09,6.030792165925358e-09,9.030180825320144e-09,1.2534608906378253e-09,2.870603977021356e-09,5.504802032179873e-09,3.578042235974795e-09,4.152040874046771e-09,1.6380862050209223e-07,1.0721681908082182e-06,9.799056486919553e-09,5.841521313461435e-08,3.556714188248864e-09,5.676513630910789e-09,4.200245463936714e-09,1.6170833928852435e-08,3.606902670982848e-08
E2_A3p1,chease_mars,66048,libneo_Boozer,0.13475,2.2011491257650467e-08,1.9343339178507385e-08,3.103546086791198e-09,1.2534608906378253e-09,8.439008388401028e-09,1.3584391342342141e-08,1.2212360206779309e-08,1.3114006115546163e-08,1.2530780489600114e-07,4.2411432125099784e-07,1.6477962461935722e-08,3.71588895962381e-08,1.2227373415736867e-08,1.4884537214548905e-08,1.0578454945342486e-08,4.3402060695418854e-08,5.91174921238391e-08
E2_A3p1,chease_mars,66048,libneo_Boozer,0.21925,2.024249223740863e-08,1.5219706499227053e-08,1.2663916471034042e-08,1.2534608906378253e-09,1.9335576803603857e-08,7.767563384925733e-08,9.80030015312163e-09,1.7993549359976036e-08,1.3322326172520144e-07,5.052075766706734e-07,1.7601418612481263e-08,5.272773868090319e-08,9.669112994710061e-09,1.8048893064035586e-08,5.737437819286484e-08,6.521727974329039e-08,6.964066595616103e-08
E2_A3p1,chease_mars,66048,libneo_Boozer,0.30375,2.555306425086886e-08,2.1413301313549724e-08,2.8230883852842226e-08,1.2534608906378253e-09,3.1493040797680496e-08,8.739835563205187e-08,5.735212222811543e-09,8.575148381676896e-09,1.1248176333250097e-07,3.938243681857607e-07,1.526919187848077e-08,4.558929992380335e-08,5.354433713063075e-09,7.359628627209953e-09,5.808954484098905e-08,1.21743212400105e-07,1.1044769621104678e-07
E2_A3p1,chease_mars,66048,libneo_Boozer,0.38825,2.4358942648627812e-08,1.996361014334662e-08,2.435642831866147e-08,1.2534608906378253e-09,4.2694437846174296e-08,1.652791138777855e-07,6.7919237541101846e-09,1.2435183840108725e-08,1.7364688381837922e-07,6.764986706305443e-07,2.4975276005445054e-08,8.524840067539728e-08,6.975497931439182e-09,1.1915008353431972e-08,9.44270084346499e-08,1.6994071833087432e-07,1.363677796240026e-07
E2_A3p1,chease_mars,66048,libneo_Boozer,0.47275,3.248532610039795e-08,2.6888235082027916e-08,3.8951601721848306e-08,1.2534608906378253e-09,4.8654958053413065e-08,9.189173016833076e-08,1.1729750111717845e-08,1.8430559065347394e-08,8.212327285435978e-08,2.788767321912288e-07,1.683937697855225e-08,3.904071144229926e-08,1.1803868309251256e-08,2.0159681586940358e-08,4.373074513619457e-08,1.1419300849357938e-07,8.304123055857815e-08
E2_A3p1,chease_mars,66048,libneo_Boozer,0.55725,3.1393873302371855e-08,2.5776643326017868e-08,3.270305970470844e-08,1.2534608906378253e-09,6.672012926655258e-08,8.147252829894466e-08,8.45359693046461e-09,9.703572152870461e-09,5.570320887669134e-08,3.25852410945439e-07,1.2088230429841074e-08,4.5652092430323926e-08,8.191048211057169e-09,1.0515377639581452e-08,3.19779438484602e-08,8.873172685497366e-08,5.943248881923324e-08
E2_A3p1,chease_mars,66048,libneo_Boozer,0.64175,2.33203446481781e-08,1.934888217089046e-08,3.4639888513154915e-08,1.2534608906378253e-09,9.873881804385413e-08,1.9192554748014737e-07,1.0962049644672935e-08,1.1444810457629883e-08,5.5051096341320044e-08,1.374415069366898e-07,1.4078954988355236e-08,2.2506347191410048e-08,1.0411993636390285e-08,1.1969128426536777e-08,6.039614275366034e-08,7.838308546670447e-08,4.892258920197179e-08
E2_A3p1,chease_mars,66048,libneo_Boozer,0.72625,1.9501498390878114e-08,1.7253444880632185e-08,3.367687895217131e-08,1.2534608906378253e-09,1.043326380789506e-07,1.7972812672010245e-07,5.517475611421213e-09,8.490492641577703e-09,5.9166008256307714e-08,3.812092240020905e-07,1.1401031362097136e-08,5.745467997385578e-08,5.260505821168116e-09,1.5053090042766053e-08,4.248712326404558e-08,7.184159600548412e-08,4.2150517742811644e-08
E2_A3p1,chease_mars,66048,libneo_Boozer,0.81075,2.292487575234849e-08,2.015646008739969e-08,1.7933326046382092e-08,1.2534608906378253e-09,1.6574471327259574e-07,2.878540748545943e-07,9.035592694565738e-09,1.2104732750788209e-08,6.800128594680062e-08,3.2027908156579944e-07,1.4801431719171946e-08,5.008731554928614e-08,8.742512103313534e-09,1.7818413877220537e-08,4.669878461704968e-08,1.1674919409010442e-07,6.483065839724134e-08
E2_A3p1,chease_mars,66048,libneo_Boozer,0.89525,1.8742246483398522e-08,1.7416277862697032e-08,1.230708013277848e-08,1.2534608906378253e-09,3.2355833109892006e-07,4.895432744647521e-07,1.6429860245553264e-08,2.367242512385896e-08,4.588166376158395e-08,1.8793023468250378e-07,1.8106589359797185e-08,3.176122484607912e-08,1.5863817308993182e-08,2.411962576364198e-08,4.2977764236340477e-08,5.5289217093523746e-08,2.9217179342566624e-08
E2_A3p1,chease_mars,66048,libneo_Boozer,0.97975,8.060964882350367e-09,8.279830963801891e-09,3.197503906093857e-08,1.2534608906378253e-09,2.2477343179044346e-06,5.440326494447642e-06,2.5969728316155023e-09,5.915442883184258e-09,1.8867680183898958e-07,5.180218871493455e-07,3.4161896897299553e-08,8.10466681991269e-08,4.604240033629274e-09,1.6242184068948766e-08,9.099433218029418e-08,1.1889094231332109e-07,6.005665653674441e-08
E2_A3p1,chease_mars,66048,NEO_RT,0.05,,7.629983872461132e-09,7.1905250642601e-09,,,,,,,,,,,,,,
E2_A3p1,chease_mars,66048,NEO_RT,0.13454545454545455,,1.7620586768665747e-08,4.500272043905795e-09,,,,,,,,,,,,,,
E2_A3p1,chease_mars,66048,NEO_RT,0.21909090909090911,,1.5612862997406628e-08,1.490321632768854e-08,,,,,,,,,,,,,,
E2_A3p1,chease_mars,66048,NEO_RT,0.30363636363636365,,2.0868399603762372e-08,2.7157317727954933e-08,,,,,,,,,,,,,,
E2_A3p1,chease_mars,66048,NEO_RT,0.3881818181818182,,2.0235809317523014e-08,2.479475502692452e-08,,,,,,,,,,,,,,
E2_A3p1,chease_mars,66048,NEO_RT,0.4727272727272728,,2.6869115310075304e-08,3.9216428215915755e-08,,,,,,,,,,,,,,
E2_A3p1,chease_mars,66048,NEO_RT,0.5572727272727274,,2.6071834765116017e-08,3.308361173903762e-08,,,,,,,,,,,,,,
E2_A3p1,chease_mars,66048,NEO_RT,0.641818181818182,,2.055546851162574e-08,3.386713776087902e-08,,,,,,,,,,,,,,
E2_A3p1,chease_mars,66048,NEO_RT,0.7263636363636364,,1.716636991402161e-08,3.44953727804409e-08,,,,,,,,,,,,,,
E2_A3p1,chease_mars,66048,NEO_RT,0.810909090909091,,1.8706450332245017e-08,1.8107568222625048e-08,,,,,,,,,,,,,,
E2_A3p1,chease_mars,66048,NEO_RT,0.8954545454545456,,1.970987302087281e-08,1.737423027670104e-08,,,,,,,,,,,,,,
E2_A3p1,chease_mars,66048,NEO_RT,0.9800000000000001,,1.459828909898347e-08,3.189232145039966e-08,,,,,,,,,,,,,,
E2_A3p1,chease_mars,66048,NEO_2,0.05,,7.630118507057708e-09,7.190523509947866e-09,,,,,,,,,,,,,,
E2_A3p1,chease_mars,66048,NEO_2,0.13454545454545455,,1.7620282682432812e-08,4.50027271003961e-09,,,,,,,,,,,,,,
E2_A3p1,chease_mars,66048,NEO_2,0.21909090909090911,,1.561273711161849e-08,1.4903212885997164e-08,,,,,,,,,,,,,,
E2_A3p1,chease_mars,66048,NEO_2,0.30363636363636365,,2.0868344591667045e-08,2.7157322834980846e-08,,,,,,,,,,,,,,
E2_A3p1,chease_mars,66048,NEO_2,0.3881818181818182,,2.023580392124604e-08,2.4794752473411563e-08,,,,,,,,,,,,,,
E2_A3p1,chease_mars,66048,NEO_2,0.4727272727272728,,2.6869110952400212e-08,3.9216424996268984e-08,,,,,,,,,,,,,,
E2_A3p1,chease_mars,66048,NEO_2,0.5572727272727274,,2.6071984655510584e-08,3.3083613293349856e-08,,,,,,,,,,,,,,
E2_A3p1,chease_mars,66048,NEO_2,0.641818181818182,,2.055533265903298e-08,3.386713509634376e-08,,,,,,,,,,,,,,
E2_A3p1,chease_mars,66048,NEO_2,0.7263636363636364,,1.71662102540842e-08,3.449537133715097e-08,,,,,,,,,,,,,,
E2_A3p1,chease_mars,66048,NEO_2,0.810909090909091,,1.8706351938544443e-08,1.8107568222625048e-08,,,,,,,,,,,,,,
E2_A3p1,chease_mars,66048,NEO_2,0.8954545454545456,,1.9709839556443866e-08,1.7374228722388807e-08,,,,,,,,,,,,,,
E2_A3p1,chease_mars,66048,NEO_2,0.9800000000000001,,1.4598313808017468e-08,3.189231989608743e-08,,,,,,,,,,,,,,
E1_A3p1,chease_public,1088,libneo_Boozer,0.05025,1.3416185591221942e-07,9.504062623855168e-08,8.007192864312174e-08,2.1896612301119944e-09,1.755969485967651e-07,4.6638880502178287e-07,7.3997510533478325e-09,1.655968768830924e-08,2.322798920212902e-05,5.4941761200420385e-05,1.0801140816184854e-06,2.5239642835582515e-06,2.461127745997363e-09,3.5935641350921228e-09,4.4327242520320054e-07,4.3578485831724523e-07,9.720154454384566e-07
E1_A3p1,chease_public,1088,libneo_Boozer,0.13475,2.112697504177188e-07,1.5201709057403676e-07,1.5093501382068553e-07,2.1896612301119944e-09,4.6045075572407755e-07,1.3158244749446783e-06,1.7541676424693322e-08,4.8678693600871435e-08,2.1074044348378795e-05,5.1501244812107476e-05,1.6011208303114512e-06,3.8257669812325404e-06,4.3791403448724025e-09,9.384452219247216e-09,1.1351805479509203e-06,1.1137886330447877e-06,1.5170765707561706e-06
E1_A3p1,chease_public,1088,libneo_Boozer,0.21925,2.6691497241708467e-07,1.8999399247348453e-07,5.3559598423014165e-08,2.1896612301119944e-09,7.419710870508362e-07,2.249748980944826e-06,2.719540726204275e-08,8.19305316725912e-08,1.9174382508114446e-05,4.838557460109589e-05,1.8540212899245178e-06,4.541908634353565e-06,1.2250760704123867e-08,2.8790509323146423e-08,1.7467153402006552e-06,1.7208439694049726e-06,1.8375571092521525e-06
E1_A3p1,chease_public,1088,libneo_Boozer,0.30375,3.0097215738875987e-07,2.1651104442609336e-07,1.39650209840525e-07,2.1896612301119944e-09,1.036001076132497e-06,3.2963948859097264e-06,3.692465736541847e-08,7.900812058527695e-08,1.7386105937854944e-05,4.495687688870369e-05,1.974189098725808e-06,4.927350026928395e-06,2.322261599483449e-08,4.3222161957633047e-08,2.276630719943995e-06,2.2497287833767032e-06,2.0409916204888745e-06
E1_A3p1,chease_public,1088,libneo_Boozer,0.38825,3.328193111964646e-07,2.413466494298869e-07,1.3855916014549052e-07,2.1896612301119944e-09,1.3383340692467619e-06,4.355100938377962e-06,3.941936784203432e-08,1.1446711887583481e-07,1.5583169883299837e-05,4.084573518742632e-05,1.9957606721629654e-06,5.024970997910972e-06,2.413970282839126e-08,5.080518338911742e-08,2.6362615256347866e-06,2.6134271650657404e-06,2.0971231881050656e-06
E1_A3p1,chease_public,1088,libneo_Boozer,0.47275,3.5365489487226835e-07,2.568861342207565e-07,1.11768473365359e-07,2.1896612301119944e-09,1.6396353418484444e-06,5.469904959625156e-06,4.438060597001949e-08,1.3337828834768085e-07,1.3737797815158468e-05,3.622138171846024e-05,1.9368781769930776e-06,4.8841552236593614e-06,3.6703646345680454e-08,9.359768651003496e-08,2.8466855557796045e-06,2.8326824442759246e-06,2.0599253207631563e-06
E1_A3p1,chease_public,1088,libneo_Boozer,0.55725,3.622964819343259e-07,2.616929014773458e-07,1.349100082759236e-07,2.1896612301119944e-09,1.9615424548660707e-06,6.63248624468931e-06,4.5386353709386775e-08,1.346375125470444e-07,1.1842206926838279e-05,3.200409354812526e-05,1.8083239760567182e-06,4.655701460032153e-06,4.913647435761411e-08,1.265938758781494e-07,2.891334205723517e-06,2.8889413230537286e-06,1.9350095996628625e-06
E1_A3p1,chease_public,1088,libneo_Boozer,0.64175,3.6283610767779894e-07,2.616452249100265e-07,1.594757996770113e-07,2.1896612301119944e-09,2.281588368032517e-06,7.915501323284682e-06,4.190557442824724e-08,1.235386901969487e-07,9.886404151218383e-06,2.70488574684952e-05,1.6160632035457479e-06,4.197048344104514e-06,6.383870671507939e-08,1.6256630661513883e-07,2.7850839242615777e-06,2.7956893106084735e-06,1.7449199120056491e-06
E1_A3p1,chease_public,1088,libneo_Boozer,0.72625,3.688474656461988e-07,2.6541759796694764e-07,7.888409792045081e-08,2.1896612301119944e-09,2.6486334773562707e-06,9.32596236924832e-06,3.9775745629070326e-08,1.2668617019097412e-07,7.91205129088583e-06,2.1597804478214256e-05,1.372448716281217e-06,3.54431096168815e-06,8.530261295568733e-08,2.416105239092709e-07,2.5010406683456665e-06,2.5231391768132383e-06,1.480361430439281e-06
E1_A3p1,chease_public,1088,libneo_Boozer,0.81075,3.913916326393068e-07,2.8381976373302856e-07,1.351786789172138e-07,2.1896612301119944e-09,3.0404218374252716e-06,1.1061065412229356e-05,2.9611842717719074e-08,9.320572965279936e-08,6.069318699322457e-06,1.5687740651349205e-05,1.1094140563760963e-06,2.704496174168819e-06,1.099639308010176e-07,3.2380992371443743e-07,2.045466691025233e-06,2.0740692330267763e-06,1.1517268646565881e-06
E1_A3p1,chease_public,1088,libneo_Boozer,0.89525,3.905750708168291e-07,2.8555342976085207e-07,1.182088261719727e-07,2.1896612301119944e-09,3.5145367356128164e-06,1.3270210751037315e-05,2.0306396167766612e-08,5.91159080799075e-08,4.624176187864374e-06,1.067339089319509e-05,8.85791986781275e-07,1.9236164051474487e-06,1.377916645263031e-07,4.0356706218837874e-07,1.3547687224280125e-06,1.3760667524342907e-06,7.271720444679275e-07
E1_A3p1,chease_public,1088,libneo_Boozer,0.97975,3.883921809322004e-07,2.8879602701477366e-07,4.428847966142513e-08,2.1896612301119944e-09,4.5610355476536286e-06,1.4599757480644324e-05,7.15501032425348e-09,1.9257535498251455e-08,4.361881277779215e-06,1.384807317499888e-05,8.715568233323996e-07,2.5954898488219044e-06,1.6906548136541092e-07,5.050208664091984e-07,2.873865296848521e-07,2.925331867853487e-07,1.4777041001945435e-07
E1_A3p1,chease_public,1088,NEO_RT,0.05,,9.481104522994556e-08,6.66529575976682e-08,,,,,,,,,,,,,,
E1_A3p1,chease_public,1088,NEO_RT,0.13454545454545455,,1.5154551625774664e-07,1.512496827782428e-07,,,,,,,,,,,,,,
E1_A3p1,chease_public,1088,NEO_RT,0.21909090909090911,,1.8988352594232636e-07,5.89003767981211e-08,,,,,,,,,,,,,,
E1_A3p1,chease_public,1088,NEO_RT,0.30363636363636365,,2.1673874947233753e-07,1.3876776416843484e-07,,,,,,,,,,,,,,
E1_A3p1,chease_public,1088,NEO_RT,0.3881818181818182,,2.4144526765795155e-07,1.3788632458044958e-07,,,,,,,,,,,,,,
E1_A3p1,chease_public,1088,NEO_RT,0.4727272727272728,,2.5689412610505745e-07,1.1169290115020658e-07,,,,,,,,,,,,,,
E1_A3p1,chease_public,1088,NEO_RT,0.5572727272727274,,2.6175362380127097e-07,1.348645048970809e-07,,,,,,,,,,,,,,
E1_A3p1,chease_public,1088,NEO_RT,0.641818181818182,,2.617495230186067e-07,1.6021210536010244e-07,,,,,,,,,,,,,,
E1_A3p1,chease_public,1088,NEO_RT,0.7263636363636364,,2.65347441497364e-07,8.23536701055616e-08,,,,,,,,,,,,,,
E1_A3p1,chease_public,1088,NEO_RT,0.810909090909091,,2.840437080511832e-07,1.3394578091130427e-07,,,,,,,,,,,,,,
E1_A3p1,chease_public,1088,NEO_RT,0.8954545454545456,,2.866533904963072e-07,1.1730528948206143e-07,,,,,,,,,,,,,,
E1_A3p1,chease_public,1088,NEO_RT,0.9800000000000001,,2.904123503321222e-07,4.3277760930493514e-08,,,,,,,,,,,,,,
E1_A3p1,chease_public,1088,NEO_2,0.05,,9.481062616158872e-08,6.665295804175742e-08,,,,,,,,,,,,,,
E1_A3p1,chease_public,1088,NEO_2,0.13454545454545455,,1.515454384665522e-07,1.512496869970903e-07,,,,,,,,,,,,,,
E1_A3p1,chease_public,1088,NEO_2,0.21909090909090911,,1.8988335212969013e-07,5.890037946265636e-08,,,,,,,,,,,,,,
E1_A3p1,chease_public,1088,NEO_2,0.30363636363636365,,2.1673867685309062e-07,1.3876776061572116e-07,,,,,,,,,,,,,,
E1_A3p1,chease_public,1088,NEO_2,0.3881818181818182,,2.414452574622586e-07,1.378863212497805e-07,,,,,,,,,,,,,,
E1_A3p1,chease_public,1088,NEO_2,0.4727272727272728,,2.5689412824442556e-07,1.1169290048407277e-07,,,,,,,,,,,,,,
E1_A3p1,chease_public,1088,NEO_2,0.5572727272727274,,2.617536563478681e-07,1.3486450778366077e-07,,,,,,,,,,,,,,
E1_A3p1,chease_public,1088,NEO_2,0.641818181818182,,2.617495649383258e-07,1.6021210602623626e-07,,,,,,,,,,,,,,
E1_A3p1,chease_public,1088,NEO_2,0.7263636363636364,,2.6534746531435245e-07,8.235366766307095e-08,,,,,,,,,,,,,,
E1_A3p1,chease_public,1088,NEO_2,0.810909090909091,,2.840437201012298e-07,1.3394577547121145e-07,,,,,,,,,,,,,,
E1_A3p1,chease_public,1088,NEO_2,0.8954545454545456,,2.8665333330367323e-07,1.173052928127305e-07,,,,,,,,,,,,,,
E1_A3p1,chease_public,1088,NEO_2,0.9800000000000001,,2.904123003208331e-07,4.327776381707338e-08,,,,,,,,,,,,,,
E1_A3p1,chease_public,4224,libneo_Boozer,0.05025,5.233028880128922e-09,4.863490719023588e-09,2.5340525233730204e-09,2.1747548206718648e-09,8.416674133197311e-09,1.5596944695747333e-08,2.3895669107887913e-09,3.3959499713151904e-09,1.0501499778753991e-07,1.8577210411004531e-07,5.435323227514112e-09,9.16685189129848e-09,2.442924246358387e-09,3.7116199776609028e-09,1.2808384242113391e-08,1.2073160471359756e-08,2.6929166896394463e-08
E1_A3p1,chease_public,4224,libneo_Boozer,0.13475,5.186331422149856e-10,4.016671101705452e-10,4.806154807468488e-09,2.1747548206718648e-09,1.4326970047328102e-08,2.3428090615283736e-08,6.128869809771513e-09,6.513093310617692e-09,6.67214416777388e-08,1.7828763624859424e-07,7.939787632921412e-09,1.423038345492722e-08,6.136038279244721e-09,6.754679610281822e-09,1.8392903172737007e-08,1.673442034944017e-08,2.2793776088825268e-08
E1_A3p1,chease_public,4224,libneo_Boozer,0.21925,5.305190444996914e-09,5.024667419285618e-09,2.4651434449296517e-08,2.1747548206718648e-09,1.536920636250228e-08,3.4761218641664045e-08,1.3219819728426377e-08,1.2941448542800063e-08,1.2143321705758418e-07,2.829495644420293e-07,1.763428687691843e-08,2.857150242420354e-08,1.33954532369022e-08,1.3507662001719092e-08,2.535314050366999e-08,2.287109007736987e-08,2.4422327826734147e-08
E1_A3p1,chease_public,4224,libneo_Boozer,0.30375,8.077104511581153e-09,7.709230119624295e-09,1.7468832491651654e-08,2.1747548206718648e-09,3.2417332792815836e-08,5.854579492185044e-08,1.2407259520213278e-08,1.4140354929824555e-08,2.861048768760419e-07,5.277857233839605e-07,3.474200310312634e-08,5.813856580412586e-08,1.2267013392875957e-08,1.3811353026299614e-08,3.897746808645408e-08,3.927372232981341e-08,3.562984562943683e-08
E1_A3p1,chease_public,4224,libneo_Boozer,0.38825,1.0235132860283043e-08,9.18893946331158e-09,1.2293112527927974e-08,2.1747548206718648e-09,4.4480644449809414e-08,1.033177949212065e-07,1.277485193030143e-08,1.562104612678359e-08,4.779927395917788e-07,9.341221217142961e-07,6.250309952162531e-08,1.1492098783722761e-07,1.152466833192106e-08,1.5520130440308943e-08,6.126058488264974e-08,5.767346561436071e-08,4.6279675425253686e-08
E1_A3p1,chease_public,4224,libneo_Boozer,0.47275,1.1790094469996384e-08,9.244424450029403e-09,1.6630564259045855e-08,2.1747548206718648e-09,4.47758295361187e-08,9.06088933956784e-08,1.4202050084800708e-08,1.7776105492124164e-08,6.307923185461733e-07,1.39194941045198e-06,9.001674086519823e-08,1.8768654660632172e-07,1.1945754057272046e-08,1.580552170273119e-08,4.823556132294016e-08,5.162876920428161e-08,3.754447353010448e-08
E1_A3p1,chease_public,4224,libneo_Boozer,0.55725,1.329402141865814e-08,1.01219777451817e-08,7.46080819347128e-09,2.1747548206718648e-09,7.865093112001934e-08,2.658463728719379e-07,1.5880598250279624e-08,3.6281477663194547e-08,6.977579936873067e-07,1.7327080857380142e-06,1.07666019275493e-07,2.531305536748762e-07,1.3790905035540656e-08,2.3852614138207475e-08,1.1496226792750974e-07,1.1178581571513746e-07,7.487410502715619e-08
E1_A3p1,chease_public,4224,libneo_Boozer,0.64175,1.492845588204798e-08,1.0742156755984781e-08,6.023133103383316e-10,2.1747548206718648e-09,7.907102418648227e-08,3.014774091953258e-07,8.106545402823598e-09,1.573388730359793e-08,6.813215604872251e-07,1.8373890350248006e-06,1.116214295041507e-07,2.851038779282634e-07,3.0719924776696487e-09,5.731060235705314e-09,1.0532571492749554e-07,1.0286318374852499e-07,6.420177134369709e-08
E1_A3p1,chease_public,4224,libneo_Boozer,0.72625,1.807275396480858e-08,1.4112577658078586e-08,1.7634079529926794e-08,2.1747548206718648e-09,1.418960026484421e-07,3.344604685254663e-07,9.807357545609794e-09,2.039294517559493e-08,5.973656194806225e-07,1.7032836260033784e-06,1.0402802885988358e-07,2.7956917550869716e-07,8.836966895127105e-09,1.6948346585011648e-08,9.024704705762332e-08,9.440702242180521e-08,5.538998470999701e-08
E1_A3p1,chease_public,4224,libneo_Boozer,0.81075,1.569046056037933e-08,1.1802542669281834e-08,1.0323160104519502e-08,2.1747548206718648e-09,2.0113773240839703e-07,7.581362482594623e-07,1.1586302253696501e-08,2.3206041681933033e-08,4.654745222741393e-07,1.362014412570767e-06,8.581444745534516e-08,2.354177544931128e-07,1.249894271997016e-08,2.8092146755383467e-08,1.3979822255372198e-07,1.400311279153854e-07,7.775907651108582e-08
E1_A3p1,chease_public,4224,libneo_Boozer,0.89525,1.5860318669564913e-08,1.1496180395485487e-08,2.0712376258558152e-08,2.1747548206718648e-09,3.2793294600545944e-07,5.481807490264124e-07,8.26424577657524e-09,1.3763671602152185e-08,3.0124397673317535e-07,8.350780066479358e-07,5.82581256245478e-08,1.507519170835147e-07,1.0343028571613303e-08,2.667168859571939e-08,5.6173449336505143e-08,5.8619656684300026e-08,3.097712564237298e-08
E1_A3p1,chease_public,4224,libneo_Boozer,0.97975,1.1383511808909628e-08,8.334755712568217e-09,4.713657464350263e-09,2.1747548206718648e-09,1.51577055395985e-06,3.5418801310804753e-06,1.1196490710241891e-08,1.6256448157331947e-08,1.899732721414364e-07,5.578089537912015e-07,3.951134511125691e-08,1.0550527889627511e-07,1.2677489875091344e-08,3.327084240863706e-08,6.975589861291098e-08,7.146359992660223e-08,3.609917409441721e-08
E1_A3p1,chease_public,4224,NEO_RT,0.05,,3.4708510810594485e-09,1.3773053808563418e-09,,,,,,,,,,,,,,
E1_A3p1,chease_public,4224,NEO_RT,0.13454545454545455,,2.0469599284069e-09,4.9277033564720796e-09,,,,,,,,,,,,,,
E1_A3p1,chease_public,4224,NEO_RT,0.21909090909090911,,2.2406947538203815e-09,2.394047671216981e-08,,,,,,,,,,,,,,
E1_A3p1,chease_public,4224,NEO_RT,0.30363636363636365,,7.252875145032178e-09,1.837635377199831e-08,,,,,,,,,,,,,,
E1_A3p1,chease_public,4224,NEO_RT,0.3881818181818182,,8.86914038353002e-09,1.15288703028682e-08,,,,,,,,,,,,,,
E1_A3p1,chease_public,4224,NEO_RT,0.4727272727272728,,9.216374646695042e-09,1.6654282175565527e-08,,,,,,,,,,,,,,
E1_A3p1,chease_public,4224,NEO_RT,0.5572727272727274,,1.013593925712677e-08,7.262955348252831e-09,,,,,,,,,,,,,,
E1_A3p1,chease_public,4224,NEO_RT,0.641818181818182,,1.0760935877831314e-08,1.3336998172519543e-10,,,,,,,,,,,,,,
E1_A3p1,chease_public,4224,NEO_RT,0.7263636363636364,,1.3709036834074078e-08,1.5680719278599042e-08,,,,,,,,,,,,,,
E1_A3p1,chease_public,4224,NEO_RT,0.810909090909091,,1.0668622545290405e-08,1.3127255504841173e-08,,,,,,,,,,,,,,
E1_A3p1,chease_public,4224,NEO_RT,0.8954545454545456,,1.2457805559251719e-08,1.974125618531275e-08,,,,,,,,,,,,,,
E1_A3p1,chease_public,4224,NEO_RT,0.9800000000000001,,9.297522800993417e-09,5.7243205731083435e-09,,,,,,,,,,,,,,
E1_A3p1,chease_public,4224,NEO_2,0.05,,3.469811782699071e-09,1.3773098217484403e-09,,,,,,,,,,,,,,
E1_A3p1,chease_public,4224,NEO_2,0.13454545454545455,,2.046973224294699e-09,4.927702801360567e-09,,,,,,,,,,,,,,
E1_A3p1,chease_public,4224,NEO_2,0.21909090909090911,,2.2406626807493147e-09,2.3940473381500738e-08,,,,,,,,,,,,,,
E1_A3p1,chease_public,4224,NEO_2,0.30363636363636365,,7.252880581727728e-09,1.8376355770399755e-08,,,,,,,,,,,,,,
E1_A3p1,chease_public,4224,NEO_2,0.3881818181818182,,8.869174188429087e-09,1.1528864751753076e-08,,,,,,,,,,,,,,
E1_A3p1,chease_public,4224,NEO_2,0.4727272727272728,,9.216378114041539e-09,1.6654274404004354e-08,,,,,,,,,,,,,,
E1_A3p1,chease_public,4224,NEO_2,0.5572727272727274,,1.0135964373751861e-08,7.262949353048498e-09,,,,,,,,,,,,,,
E1_A3p1,chease_public,4224,NEO_2,0.641818181818182,,1.0761007584975767e-08,1.3336776127914618e-10,,,,,,,,,,,,,,
E1_A3p1,chease_public,4224,NEO_2,0.7263636363636364,,1.3709080492021646e-08,1.5680718945532135e-08,,,,,,,,,,,,,,
E1_A3p1,chease_public,4224,NEO_2,0.810909090909091,,1.0668641047528854e-08,1.3127255726885778e-08,,,,,,,,,,,,,,
E1_A3p1,chease_public,4224,NEO_2,0.8954545454545456,,1.2457651422254248e-08,1.974125751758038e-08,,,,,,,,,,,,,,
E1_A3p1,chease_public,4224,NEO_2,0.9800000000000001,,9.297323627091559e-09,5.724319906974529e-09,,,,,,,,,,,,,,
E1_A3p1,chease_public,16640,libneo_Boozer,0.05025,4.717433630184129e-09,4.591782522972313e-09,2.5340525233730204e-09,6.436544630616936e-10,7.830460836936467e-09,1.3348405499601598e-08,2.223062080332574e-09,2.2531670574132467e-09,1.0313397121197872e-07,2.2311287113960858e-07,5.284865259999294e-09,1.039011430274379e-08,2.1939026659441438e-09,2.2613088405834875e-09,1.2290835078865303e-08,1.1485202268401995e-08,2.561772707854182e-08
E1_A3p1,chease_public,16640,libneo_Boozer,0.13475,1.1724916938817028e-09,8.484055001887328e-10,4.806154807468488e-09,6.436544630616936e-10,1.240107635389633e-08,2.0364329736140438e-08,6.159783794125973e-09,6.309916586140885e-09,6.080981102611188e-08,1.5804200932220285e-07,7.685477965520357e-09,1.288458023013722e-08,6.174438207655456e-09,6.712401270160598e-09,1.7219706494042697e-08,1.543017508209843e-08,2.1017277529455924e-08
E1_A3p1,chease_public,16640,libneo_Boozer,0.21925,4.880488951955348e-09,4.800558785446366e-09,6.632980054099846e-09,6.436544630616936e-10,2.10879953292631e-08,3.145444291077079e-08,3.306087152046811e-09,4.494444431720236e-09,5.436188614902973e-08,1.1840450981185127e-07,6.200953345414033e-09,1.1306478878622512e-08,3.435731447962646e-09,5.275950139414697e-09,2.4108396556865586e-08,2.3800888399039266e-08,2.5415191284849925e-08
E1_A3p1,chease_public,16640,libneo_Boozer,0.30375,7.534823681466219e-09,7.426534222156336e-09,1.7569304899822669e-09,6.436544630616936e-10,3.138271789355776e-08,5.665388898456905e-08,1.2809686708890954e-08,1.5016304205123032e-08,8.45726276784397e-08,1.2453735786651272e-07,1.594248565463301e-08,1.7450302882185557e-08,1.2721610102672704e-08,1.4100702715909747e-08,3.8846946104342805e-08,3.5694141531372736e-08,3.2382381887074985e-08
E1_A3p1,chease_public,16640,libneo_Boozer,0.38825,8.223501467823503e-09,8.091969376200057e-09,3.4901411760657197e-09,6.436544630616936e-10,3.120690755142958e-08,6.785930921355529e-08,1.1577789572639236e-08,1.5098270279207742e-08,4.9863854447728575e-08,7.874129683128998e-08,1.3138285766034945e-08,1.614274683736432e-08,1.1524755556182688e-08,1.445160382178616e-08,4.0832002834445547e-08,3.7364095650804785e-08,2.998256176667269e-08
E1_A3p1,chease_public,16640,libneo_Boozer,0.47275,7.324754310088815e-09,6.462529771067124e-09,7.742479990469064e-10,6.436544630616936e-10,5.029308701337258e-08,7.620434035106032e-08,1.21057847385652e-08,1.4244271526819008e-08,2.950476123650605e-08,1.3328208284580514e-07,1.2685969954242768e-08,1.8026098716785257e-08,1.1808938021005023e-08,1.3914306726880602e-08,3.9854345934564606e-08,4.318346386034122e-08,3.1403042055622166e-08
E1_A3p1,chease_public,16640,libneo_Boozer,0.55725,5.4556225705533684e-09,5.162066954314165e-09,7.46080819347128e-09,6.436544630616936e-10,6.585133539147094e-08,1.3641297540361957e-07,1.3532791587114428e-08,2.0636751897139457e-08,3.621120457994984e-08,1.1315777676846664e-07,1.4471537585382635e-08,2.5510709831084792e-08,1.3625595215325932e-08,2.1651215096570182e-08,5.928842339297802e-08,5.606284281256535e-08,3.7550875742198286e-08
E1_A3p1,chease_public,16640,libneo_Boozer,0.64175,4.948293352416203e-09,3.6132919498296135e-09,6.023133103383316e-10,6.436544630616936e-10,4.61285156210412e-08,8.654233382402839e-08,1.4360143170545468e-09,1.7630311639940359e-09,3.948397877050325e-08,9.871591228130362e-08,6.605771431593556e-09,1.532090784135731e-08,1.741180565876685e-09,3.362081980203283e-09,3.030912310020284e-08,2.730027104380639e-08,1.703938901087554e-08
E1_A3p1,chease_public,16640,libneo_Boozer,0.72625,8.68637230533657e-09,8.317393055830869e-09,1.5477178427758531e-09,6.436544630616936e-10,1.1520616168074226e-07,1.907851175751862e-07,8.708452520625235e-09,1.0632054379603051e-08,2.4401745264776154e-08,6.232396235181977e-08,9.563426222993764e-09,1.4519215496070803e-08,8.806260691295054e-09,1.1035583066007125e-08,5.126371216412906e-08,5.47038729870053e-08,3.209556420635806e-08
E1_A3p1,chease_public,16640,libneo_Boozer,0.81075,6.279693141016154e-09,5.678767564631341e-09,5.843712846953508e-09,6.436544630616936e-10,2.2892562841070814e-07,4.550310951298576e-07,1.398287083092893e-08,1.564097746813173e-08,5.4631613949916145e-08,1.2335778879156625e-07,1.698960630695311e-08,2.144992750232534e-08,1.3762561829842484e-08,1.4121591821432939e-08,8.406666007765295e-08,8.345665336584318e-08,4.634335593056704e-08
E1_A3p1,chease_public,16640,libneo_Boozer,0.89525,2.724283850902845e-09,2.200950815698328e-09,4.462965996765433e-09,6.436544630616936e-10,2.963111959757379e-07,4.617862552864493e-07,8.748492851686647e-09,9.706025535453802e-09,3.022067018647491e-08,5.359692709153275e-08,1.0354919885498763e-08,1.3528103575686808e-08,8.868030831133133e-09,1.10828342250647e-08,4.7100662148302774e-08,4.707910716827968e-08,2.4878606508238477e-08
E1_A3p1,chease_public,16640,libneo_Boozer,0.97975,2.9881847294044218e-09,2.6544937189712227e-09,1.1620388540301008e-08,6.436544630616936e-10,1.4804367758404957e-06,3.1799979507607576e-06,1.0491626582656925e-08,1.645308340372176e-08,8.589530223720096e-08,1.920496306476661e-07,2.000566626914651e-08,3.6058034898682557e-08,1.0854433268951802e-08,1.6537570234647675e-08,6.259944307362986e-08,6.404847829877269e-08,3.235349410601884e-08
E1_A3p1,chease_public,16640,NEO_RT,0.05,,3.2553823837545507e-09,8.469914769548836e-10,,,,,,,,,,,,,,
E1_A3p1,chease_public,16640,NEO_RT,0.13454545454545455,,2.8087514120473135e-09,4.605767212062517e-09,,,,,,,,,,,,,,
E1_A3p1,chease_public,16640,NEO_RT,0.21909090909090911,,5.339533869278736e-09,2.381832397979622e-09,,,,,,,,,,,,,,
E1_A3p1,chease_public,16640,NEO_RT,0.30363636363636365,,6.9208991544105375e-09,7.10815850624158e-10,,,,,,,,,,,,,,
E1_A3p1,chease_public,16640,NEO_RT,0.3881818181818182,,7.751493897385753e-09,4.243913998003279e-09,,,,,,,,,,,,,,
E1_A3p1,chease_public,16640,NEO_RT,0.4727272727272728,,6.50774687588755e-09,7.979670257896032e-10,,,,,,,,,,,,,,
E1_A3p1,chease_public,16640,NEO_RT,0.5572727272727274,,5.201165619467174e-09,7.19250969893892e-09,,,,,,,,,,,,,,
E1_A3p1,chease_public,16640,NEO_RT,0.641818181818182,,3.7102367324695596e-09,1.729603127387236e-10,,,,,,,,,,,,,,
E1_A3p1,chease_public,16640,NEO_RT,0.7263636363636364,,7.324545859325656e-09,4.160569666566971e-10,,,,,,,,,,,,,,
E1_A3p1,chease_public,16640,NEO_RT,0.810909090909091,,2.5958533109045435e-09,3.0397584449559645e-09,,,,,,,,,,,,,,
E1_A3p1,chease_public,16640,NEO_RT,0.8954545454545456,,4.009293534944528e-09,3.0214577506626483e-09,,,,,,,,,,,,,,
E1_A3p1,chease_public,16640,NEO_RT,0.9800000000000001,,4.678478429636742e-09,2.4018178557128067e-09,,,,,,,,,,,,,,
E1_A3p1,chease_public,16640,NEO_2,0.05,,3.255443539594737e-09,8.469877021965999e-10,,,,,,,,,,,,,,
E1_A3p1,chease_public,16640,NEO_2,0.13454545454545455,,2.808840987567078e-09,4.605763770371141e-09,,,,,,,,,,,,,,
E1_A3p1,chease_public,16640,NEO_2,0.21909090909090911,,5.339536236872989e-09,2.3818380601170475e-09,,,,,,,,,,,,,,
E1_A3p1,chease_public,16640,NEO_2,0.30363636363636365,,6.920889543074715e-09,7.108070798622634e-10,,,,,,,,,,,,,,
E1_A3p1,chease_public,16640,NEO_2,0.3881818181818182,,7.751486726834484e-09,4.243921214452939e-09,,,,,,,,,,,,,,
E1_A3p1,chease_public,16640,NEO_2,0.4727272727272728,,6.5077641048525164e-09,7.979672478342081e-10,,,,,,,,,,,,,,
E1_A3p1,chease_public,16640,NEO_2,0.5572727272727274,,5.2012046819515275e-09,7.192505036002217e-09,,,,,,,,,,,,,,
E1_A3p1,chease_public,16640,NEO_2,0.641818181818182,,3.7100892631175266e-09,1.7296097887253836e-10,,,,,,,,,,,,,,
E1_A3p1,chease_public,16640,NEO_2,0.7263636363636364,,7.324631780505953e-09,4.160551902998577e-10,,,,,,,,,,,,,,
E1_A3p1,chease_public,16640,NEO_2,0.810909090909091,,2.5959297456771765e-09,3.039755003264588e-09,,,,,,,,,,,,,,
E1_A3p1,chease_public,16640,NEO_2,0.8954545454545456,,4.009392830737907e-09,3.021456196350414e-09,,,,,,,,,,,,,,
E1_A3p1,chease_public,16640,NEO_2,0.9800000000000001,,4.678234651727596e-09,2.4018235178502323e-09,,,,,,,,,,,,,,
E1_A3p1,chease_public,66048,libneo_Boozer,0.05025,4.533571236426974e-09,4.497740946903326e-09,2.5340525233730204e-09,8.763048064963641e-10,7.817754436354729e-09,1.31786904670621e-08,2.226447567259502e-09,2.312612805933784e-09,1.0337691540905832e-07,2.3324415164517508e-07,5.296537630761707e-09,1.0837594772288626e-08,2.1973798860841864e-09,2.3679521424037384e-09,1.2173647340185667e-08,1.133673811076763e-08,2.5286577998162585e-08
E1_A3p1,chease_public,66048,libneo_Boozer,0.13475,5.112845196288051e-10,3.9513433577163935e-10,4.806154807468488e-09,8.763048064963641e-10,1.2058999104187065e-08,1.959236069152631e-08,6.158335329164429e-09,6.212580069080841e-09,6.076327782692208e-08,1.5736329060121416e-07,7.682198958263703e-09,1.287531767052408e-08,6.174498728591149e-09,6.5852948275297565e-09,1.6594002921754836e-08,1.4790457081303998e-08,2.0145924484182842e-08
E1_A3p1,chease_public,66048,libneo_Boozer,0.21925,4.6884592715692816e-09,4.702304120725637e-09,6.632980054099846e-09,8.763048064963641e-10,2.0901220261320322e-08,3.08189369896662e-08,3.3008898088407646e-09,4.3156180341977585e-09,5.442908436629347e-08,1.1616591008655446e-07,6.203719841803962e-09,1.1122333640589649e-08,3.433814732742177e-09,5.156377909990829e-09,2.3651023334236854e-08,2.3418818606568692e-08,2.5007207471450243e-08
E1_A3p1,chease_public,66048,libneo_Boozer,0.30375,7.36137301541421e-09,7.33815545148189e-09,1.7569304899822669e-09,8.763048064963641e-10,3.135088104399028e-08,5.6850040358968615e-08,1.2809192916375467e-08,1.4899348667975056e-08,8.456957950163008e-08,1.2872247827274622e-07,1.5941885590581438e-08,1.747083986198681e-08,1.2721315895295419e-08,1.4205791474459834e-08,3.9014246278057385e-08,3.582552421388385e-08,3.2501574653842624e-08
E1_A3p1,chease_public,66048,libneo_Boozer,0.38825,8.143441045135941e-09,8.050850473317096e-09,3.4901411760657197e-09,8.763048064963641e-10,3.1222729384910046e-08,6.689175673719153e-08,1.157776807785741e-08,1.4859240670860449e-08,4.9854501922251976e-08,8.077298308460987e-08,1.3137685186821114e-08,1.6105943499925e-08,1.1524757658150173e-08,1.4472388998818384e-08,4.027438432752106e-08,3.677581028593835e-08,2.95104961578474e-08
E1_A3p1,chease_public,66048,libneo_Boozer,0.47275,7.160644861398165e-09,6.3672244803764805e-09,7.742479990469064e-10,8.763048064963641e-10,5.029050649798259e-08,7.678702442918731e-08,1.2106002969898402e-08,1.4333337272990626e-08,2.9669030394200328e-08,1.326888829688875e-07,1.2693783308795995e-08,1.7944851955032737e-08,1.1808861980864767e-08,1.39582782956098e-08,4.013351734277748e-08,4.348879872884126e-08,3.162508177556589e-08
E1_A3p1,chease_public,66048,libneo_Boozer,0.55725,5.3020438771896956e-09,5.0818051664732146e-09,7.46080819347128e-09,8.763048064963641e-10,6.58658441095312e-08,1.3592245448083336e-07,1.3533092366895986e-08,2.06749286449233e-08,3.622962507721141e-08,1.1387987988924003e-07,1.4472886624940981e-08,2.558969656841536e-08,1.362587006718017e-08,2.1683578235349122e-08,5.909473954623934e-08,5.584947759817993e-08,3.740796383766565e-08
E1_A3p1,chease_public,66048,libneo_Boozer,0.64175,4.76474919530924e-09,3.485328226122599e-09,6.023133103383316e-10,8.763048064963641e-10,4.359621106946363e-08,6.353626311124942e-08,1.5273833883928966e-09,1.826125469161694e-09,3.772668906751177e-08,8.452761504574925e-08,6.3463912817708e-09,1.3224051143972757e-08,1.3339951640177828e-09,2.217881496493543e-09,2.2473341187989604e-08,2.588047909313218e-08,1.615323019787951e-08
E1_A3p1,chease_public,66048,libneo_Boozer,0.72625,8.614313443986003e-09,8.27804643141274e-09,1.5477178427758531e-09,8.763048064963641e-10,1.1481678328206142e-07,1.9333028006143057e-07,8.713982394255507e-09,1.0748509401696147e-08,2.455126202352566e-08,6.142642488956788e-08,9.57980284046172e-09,1.449535589412211e-08,8.809389600909728e-09,1.1126265423363956e-08,5.193382279777836e-08,5.539460057324419e-08,3.250082414307798e-08
E1_A3p1,chease_public,66048,libneo_Boozer,0.81075,6.211240944894705e-09,5.638323181721769e-09,5.843712846953508e-09,8.763048064963641e-10,2.311783037347469e-07,4.438831047941682e-07,1.397128316457581e-08,1.547351904314009e-08,5.4872962075545934e-08,1.2282288985640392e-07,1.7006353316502785e-08,2.134888818538073e-08,1.3763774516242809e-08,1.3928501695638368e-08,8.201384726902461e-08,8.134665951953224e-08,4.517167950801593e-08
E1_A3p1,chease_public,66048,libneo_Boozer,0.89525,2.4852655608383725e-09,2.055225077028861e-09,4.462965996765433e-09,8.763048064963641e-10,2.9633111170520624e-07,4.538446472928507e-07,8.751860099522189e-09,9.499133104412053e-09,3.0251766470964086e-08,5.4277919492759606e-08,1.0360989313869843e-08,1.3509361968869843e-08,8.877631985431649e-09,1.0927454302869374e-08,4.629467253991493e-08,4.624100902184125e-08,2.4435719780946386e-08
E1_A3p1,chease_public,66048,libneo_Boozer,0.97975,2.926473489765091e-09,2.6234674912712344e-09,1.1620388540301008e-08,8.763048064963641e-10,1.480158142118707e-06,3.1807250360339864e-06,1.0491345191746372e-08,1.6448704345753078e-08,8.59224746054707e-08,1.920209217572199e-07,2.0010182389644827e-08,3.605224526640545e-08,1.0854123554771475e-08,1.6567128562087603e-08,6.261284579700543e-08,6.405241137485973e-08,3.235548085012141e-08
E1_A3p1,chease_public,66048,NEO_RT,0.05,,3.0968418353827636e-09,8.471873202964275e-10,,,,,,,,,,,,,,
E1_A3p1,chease_public,66048,NEO_RT,0.13454545454545455,,2.6982614794257693e-09,4.037714274041093e-09,,,,,,,,,,,,,,
E1_A3p1,chease_public,66048,NEO_RT,0.21909090909090911,,5.251713546468659e-09,2.942495802571443e-09,,,,,,,,,,,,,,
E1_A3p1,chease_public,66048,NEO_RT,0.30363636363636365,,6.830156666291648e-09,7.121446765623318e-10,,,,,,,,,,,,,,
E1_A3p1,chease_public,66048,NEO_RT,0.3881818181818182,,7.708516331309512e-09,4.2431550495436454e-09,,,,,,,,,,,,,,
E1_A3p1,chease_public,66048,NEO_RT,0.4727272727272728,,6.41305687459865e-09,7.979670257896032e-10,,,,,,,,,,,,,,
E1_A3p1,chease_public,66048,NEO_RT,0.5572727272727274,,5.121046902081464e-09,7.19250969893892e-09,,,,,,,,,,,,,,
E1_A3p1,chease_public,66048,NEO_RT,0.641818181818182,,3.5862412006917114e-09,1.729603127387236e-10,,,,,,,,,,,,,,
E1_A3p1,chease_public,66048,NEO_RT,0.7263636363636364,,7.2789575982273725e-09,4.1535641592815864e-10,,,,,,,,,,,,,,
E1_A3p1,chease_public,66048,NEO_RT,0.810909090909091,,2.5023325202478358e-09,3.039543949867607e-09,,,,,,,,,,,,,,
E1_A3p1,chease_public,66048,NEO_RT,0.8954545454545456,,3.931387788179389e-09,3.0214577506626483e-09,,,,,,,,,,,,,,
E1_A3p1,chease_public,66048,NEO_RT,0.9800000000000001,,4.639032718853478e-09,2.4018178557128067e-09,,,,,,,,,,,,,,
E1_A3p1,chease_public,66048,NEO_2,0.05,,3.0969048353851502e-09,8.471774393115084e-10,,,,,,,,,,,,,,
E1_A3p1,chease_public,66048,NEO_2,0.13454545454545455,,2.698350281246946e-09,4.037714496085698e-09,,,,,,,,,,,,,,
E1_A3p1,chease_public,66048,NEO_2,0.21909090909090911,,5.251719088178227e-09,2.9424978009728875e-09,,,,,,,,,,,,,,
E1_A3p1,chease_public,66048,NEO_2,0.30363636363636365,,6.8301478872883555e-09,7.121417899824678e-10,,,,,,,,,,,,,,
E1_A3p1,chease_public,66048,NEO_2,0.3881818181818182,,7.708499409099565e-09,4.243159823502651e-09,,,,,,,,,,,,,,
E1_A3p1,chease_public,66048,NEO_2,0.4727272727272728,,6.413071967106521e-09,7.979759075738002e-10,,,,,,,,,,,,,,
E1_A3p1,chease_public,66048,NEO_2,0.5572727272727274,,5.121086598655307e-09,7.19251191938497e-09,,,,,,,,,,,,,,
E1_A3p1,chease_public,66048,NEO_2,0.641818181818182,,3.586089325973663e-09,1.7296430954161224e-10,,,,,,,,,,,,,,
E1_A3p1,chease_public,66048,NEO_2,0.7263636363636364,,7.279041425858256e-09,4.1535552774973894e-10,,,,,,,,,,,,,,
E1_A3p1,chease_public,66048,NEO_2,0.810909090909091,,2.5024069831671245e-09,3.039544171912212e-09,,,,,,,,,,,,,,
E1_A3p1,chease_public,66048,NEO_2,0.8954545454545456,,3.9314869464696935e-09,3.021456973506531e-09,,,,,,,,,,,,,,
E1_A3p1,chease_public,66048,NEO_2,0.9800000000000001,,4.638787308035106e-09,2.401816523445177e-09,,,,,,,,,,,,,,
E1_A40,chease_mars,1088,libneo_Boozer,0.05025,6.385595278683778e-09,6.3800725844198884e-09,2.044531433043062e-09,5.943401326646836e-11,1.863164335017272e-08,3.4213464659237655e-08,7.686331752375409e-09,7.764391936770367e-09,6.757310306337478e-07,1.437264129645543e-06,8.090079878700313e-09,9.428906702056448e-09,7.686310104582921e-09,7.765510848685308e-09,3.2164561881986575e-08,3.241221295524621e-08,7.229538664943469e-08
E1_A40,chease_mars,1088,libneo_Boozer,0.13475,5.344231796183965e-09,5.337955270886703e-09,2.3244994817872566e-10,5.943401326646836e-11,6.656236583728524e-08,1.1823499669513388e-07,8.095030734695276e-09,8.054212720089258e-09,5.99206943919657e-07,1.2640961433498172e-06,8.885929382352078e-09,1.1148752523953208e-08,8.094942771831933e-09,8.061830733432513e-09,1.0200072383947933e-07,1.0222041463281428e-07,1.392333182081984e-07
E1_A40,chease_mars,1088,libneo_Boozer,0.21925,4.107148002183871e-09,4.097858908208044e-09,4.7934481939293505e-09,5.943401326646836e-11,2.108351697343606e-07,3.3159082088825193e-07,1.0289878893784146e-08,1.0214922042131626e-08,6.857881844502802e-07,1.1802104556480512e-06,1.1597542048086737e-08,1.3728918508251364e-08,1.0289292299441416e-08,1.0240781360056792e-08,2.5861060543030945e-07,2.588028103767126e-07,2.763561051666308e-07
E1_A40,chease_mars,1088,libneo_Boozer,0.30375,8.767942147170415e-09,8.763690543017202e-09,3.3555578315969115e-09,5.943401326646836e-11,3.2029378933836446e-07,4.820138720855721e-07,1.634718725919143e-09,1.730803732026798e-09,6.350369721102108e-07,1.0574101870109884e-06,6.0563476757216135e-09,9.79373150738856e-09,1.637386315302819e-09,1.772635970319385e-09,3.3582909697571495e-07,3.356467213055936e-07,3.045049733474414e-07
E1_A40,chease_mars,1088,libneo_Boozer,0.38825,6.133921711176386e-10,5.530385487560617e-10,5.754435372651301e-09,5.943401326646836e-11,2.862928628314236e-07,4.4993506206228355e-07,4.477778786286612e-09,4.5296525367302586e-09,4.4442967106421816e-07,8.270346648648925e-07,6.429444566738642e-09,9.67088195005907e-09,4.478359326998545e-09,4.561474412435343e-09,2.7544465064366364e-07,2.7530438001521773e-07,2.209161521493641e-07
E1_A40,chease_mars,1088,libneo_Boozer,0.47275,1.9064820413130527e-09,1.8896186962610125e-09,2.1356327817301235e-09,5.943401326646836e-11,2.5836407897249956e-07,4.866892319360721e-07,5.345867947224231e-09,6.118970500395416e-09,3.2655977754189787e-07,6.701485582795966e-07,6.52458151259082e-09,9.759466389891022e-09,5.3479054961450586e-09,6.149260838213427e-09,2.5677237641685835e-07,2.5666349617869955e-07,1.8664587675409905e-07
E1_A40,chease_mars,1088,libneo_Boozer,0.55725,1.7144057153635208e-09,1.7003160007058367e-09,7.923285361144394e-10,5.943401326646836e-11,2.495590804594763e-07,4.934517545715126e-07,1.0042614688666361e-09,1.5778918096283471e-09,2.6063645272525934e-07,5.689227174274827e-07,3.39366566490948e-09,7.20855175426515e-09,1.0118363184540874e-09,1.61355514462487e-09,2.1861185206528688e-07,2.1853231246815596e-07,1.463728974693268e-07
E1_A40,chease_mars,1088,libneo_Boozer,0.64175,7.753967181581018e-09,7.724422987750278e-09,1.722054610020507e-09,5.943401326646836e-11,3.042251361035805e-07,5.887424946688008e-07,1.0060155974764391e-08,1.1384770033811221e-08,2.0327285446551475e-07,3.9902775122361346e-07,1.0418719406744401e-08,1.1988541501447541e-08,1.0058342033003049e-08,1.1361468848480917e-08,2.1077326095575444e-07,2.1084552281891433e-07,1.315986437600003e-07
E1_A40,chease_mars,1088,libneo_Boozer,0.72625,7.727851093032024e-09,7.713262863926804e-09,4.937619202394217e-09,5.943401326646836e-11,4.6795292119970333e-07,7.176786097394079e-07,5.058496545714988e-09,5.587057943427301e-09,1.788202482078445e-07,3.1363769557611417e-07,5.659477075047506e-09,6.723387723404905e-09,5.059777408894276e-09,5.621943240229655e-09,1.965293930927814e-07,1.9648042570707958e-07,1.1527795173993383e-07
E1_A40,chease_mars,1088,libneo_Boozer,0.81075,8.711130357633938e-09,8.705492904332291e-09,4.587117352627956e-09,5.943401326646836e-11,9.9009798211475e-07,1.6892306369417721e-06,1.2384361982706247e-08,1.2273156922061596e-08,1.944191185717834e-07,2.948970007852065e-07,1.272181132667087e-08,1.299837397938286e-08,1.2382292631248098e-08,1.2235819599719347e-08,3.195841942194022e-07,3.1963880398055977e-07,1.7749494130026022e-07
E1_A40,chease_mars,1088,libneo_Boozer,0.89525,9.69840882902538e-10,7.230551152408557e-10,3.1597771066316227e-09,5.943401326646836e-11,2.713250500904646e-06,4.366253866372635e-06,5.7757059955638706e-09,6.970220160533853e-09,2.3596562310082378e-07,3.1713052954674753e-07,6.86926553838179e-09,8.415282855385955e-09,5.768022810455721e-09,6.906725996599155e-09,4.5727111586124636e-07,4.57306952306169e-07,2.416604544253076e-07
E1_A40,chease_mars,1088,libneo_Boozer,0.97975,4.8558533113109175e-09,4.8539652196929135e-09,2.3243607039091785e-09,5.943401326646836e-11,2.0916235406336434e-05,3.1558366274557605e-05,1.2526153924724702e-08,1.2550062955311516e-08,3.200837098985056e-07,4.5976921409176824e-07,1.3591310103696897e-08,1.4616215214162483e-08,1.2521996396865487e-08,1.2475888058559483e-08,6.389768111292327e-07,6.391388893689509e-07,3.228550181644252e-07
E1_A40,chease_mars,1088,NEO_RT,0.05,,6.6260413964843815e-09,6.205923552826675e-09,,,,,,,,,,,,,,
E1_A40,chease_mars,1088,NEO_RT,0.13454545454545455,,5.120195748431609e-09,4.2459196158972645e-09,,,,,,,,,,,,,,
E1_A40,chease_mars,1088,NEO_RT,0.21909090909090911,,3.917667210667453e-09,8.113240190787963e-09,,,,,,,,,,,,,,
E1_A40,chease_mars,1088,NEO_RT,0.30363636363636365,,1.0376304700452628e-08,2.7298026061828295e-09,,,,,,,,,,,,,,
E1_A40,chease_mars,1088,NEO_RT,0.3881818181818182,,4.783658490575288e-10,4.766480987683508e-09,,,,,,,,,,,,,,
E1_A40,chease_mars,1088,NEO_RT,0.4727272727272728,,1.920088653539883e-09,2.0384809396034598e-09,,,,,,,,,,,,,,
E1_A40,chease_mars,1088,NEO_RT,0.5572727272727274,,1.7322630278766934e-09,3.0172930820526744e-10,,,,,,,,,,,,,,
E1_A40,chease_mars,1088,NEO_RT,0.641818181818182,,7.705790218698317e-09,1.5461223412671643e-09,,,,,,,,,,,,,,
E1_A40,chease_mars,1088,NEO_RT,0.7263636363636364,,7.643136909958642e-09,5.22755905230099e-09,,,,,,,,,,,,,,
E1_A40,chease_mars,1088,NEO_RT,0.810909090909091,,1.0430000334145832e-08,1.970852814281443e-09,,,,,,,,,,,,,,
E1_A40,chease_mars,1088,NEO_RT,0.8954545454545456,,7.660335689246473e-10,1.1891664319918505e-09,,,,,,,,,,,,,,
E1_A40,chease_mars,1088,NEO_RT,0.9800000000000001,,4.413765857362867e-09,7.539186164251532e-09,,,,,,,,,,,,,,
E1_A40,chease_mars,1088,NEO_2,0.05,,6.626043434689992e-09,6.2059262173619345e-09,,,,,,,,,,,,,,
E1_A40,chease_mars,1088,NEO_2,0.13454545454545455,,5.120196944001527e-09,4.245919282830357e-09,,,,,,,,,,,,,,
E1_A40,chease_mars,1088,NEO_2,0.21909090909090911,,3.917669767098299e-09,8.113246297014598e-09,,,,,,,,,,,,,,
E1_A40,chease_mars,1088,NEO_2,0.30363636363636365,,1.0376309004013858e-08,2.7298034943612492e-09,,,,,,,,,,,,,,
E1_A40,chease_mars,1088,NEO_2,0.3881818181818182,,4.783546728066679e-10,4.766487093910143e-09,,,,,,,,,,,,,,
E1_A40,chease_mars,1088,NEO_2,0.4727272727272728,,1.920077051461765e-09,2.038468727150189e-09,,,,,,,,,,,,,,
E1_A40,chease_mars,1088,NEO_2,0.5572727272727274,,1.7322545714302604e-09,3.017288641160576e-10,,,,,,,,,,,,,,
E1_A40,chease_mars,1088,NEO_2,0.641818181818182,,7.705796321653748e-09,1.5461298907837318e-09,,,,,,,,,,,,,,
E1_A40,chease_mars,1088,NEO_2,0.7263636363636364,,7.643137067532382e-09,5.227569155330514e-09,,,,,,,,,,,,,,
E1_A40,chease_mars,1088,NEO_2,0.810909090909091,,1.0430002901456848e-08,1.9708568110843316e-09,,,,,,,,,,,,,,
E1_A40,chease_mars,1088,NEO_2,0.8954545454545456,,7.660837228292446e-10,1.1891597706537027e-09,,,,,,,,,,,,,,
E1_A40,chease_mars,1088,NEO_2,0.9800000000000001,,4.413763880742124e-09,7.539188384697582e-09,,,,,,,,,,,,,,
E2_A10,chease_public,1088,libneo_Boozer,0.05025,2.746961941890879e-08,1.9751497777820726e-08,8.290754993645066e-08,1.503117630363704e-09,1.2748641620422465e-07,3.0876945182379163e-07,7.113919333397768e-10,1.1138313009308636e-09,1.7282518699658557e-05,3.908976096570962e-05,2.6218442798708926e-07,5.850354958509172e-07,8.570622565245425e-10,2.1960770277995626e-09,2.9479572363766415e-07,2.882964007452915e-07,6.430438200533128e-07
E2_A10,chease_public,1088,libneo_Boozer,0.13475,3.645349807738299e-08,2.601222532411117e-08,5.5685183908416036e-08,1.503117630363704e-09,3.0185741613428387e-07,6.952600899890891e-07,4.043313453884252e-09,4.044173868956063e-09,1.4041654238673717e-05,3.216922576751663e-05,3.4785321257054354e-07,7.782711496880841e-07,4.097831190803733e-09,5.375737059024049e-09,6.0174148908132e-07,5.942217086996049e-07,8.093822062571476e-07
E2_A10,chease_public,1088,libneo_Boozer,0.21925,3.941687256373163e-08,2.7886928765944234e-08,2.5603363207338248e-08,1.503117630363704e-09,4.5386899594934456e-07,1.0167462731344853e-06,3.810655606652578e-09,4.0338762689528454e-09,1.175007418677777e-05,2.706147370863448e-05,3.7022953554665024e-07,8.269532717477139e-07,3.940125453813835e-09,6.008680404491974e-09,7.92133514782023e-07,7.846496722363483e-07,8.378680161347241e-07
E2_A10,chease_public,1088,libneo_Boozer,0.30375,3.9979163523011656e-08,2.8438950221291948e-08,2.0265801814467466e-08,1.503117630363704e-09,5.961993403304186e-07,1.4875841903948457e-06,1.216220557806795e-08,1.314824949001873e-08,9.887655741499592e-06,2.2843735691589024e-05,3.658325872819099e-07,8.14827864239592e-07,1.2136552883532086e-08,1.4518958895197705e-08,1.0313153759877736e-06,1.024845729169499e-06,9.297581422540446e-07
E2_A10,chease_public,1088,libneo_Boozer,0.38825,3.926175226854042e-08,2.7930159409452584e-08,2.1022247720381415e-08,1.503117630363704e-09,7.168220983996214e-07,1.6682581048520868e-06,3.0183957678189876e-09,3.685273970661751e-09,8.283241139202827e-06,1.9141696907126478e-05,3.453161635804007e-07,7.659641408775437e-07,3.0758833257970722e-09,4.320906348163383e-09,1.014494980577929e-06,1.0113496414221324e-06,8.115500598204761e-07
E2_A10,chease_public,1088,libneo_Boozer,0.47275,3.715031452198066e-08,2.653404974864885e-08,1.112715430906519e-08,1.503117630363704e-09,8.350347394803671e-07,1.936853425668254e-06,2.1041026498049188e-09,2.2556253296297925e-09,6.860915647651897e-06,1.583646269919834e-05,3.147058496600834e-07,6.943503607295569e-07,2.17033818859386e-09,3.258065309019572e-09,1.013409794803355e-06,1.013081422807094e-06,7.367130357982532e-07
E2_A10,chease_public,1088,libneo_Boozer,0.55725,3.458030409077228e-08,2.484525140580812e-08,2.449039082641491e-08,1.503117630363704e-09,9.573681954321707e-07,2.0298197931916795e-06,1.5623760752264583e-08,1.4619893969970803e-08,5.577285053159357e-06,1.2821073929012426e-05,2.77387034705152e-07,6.064426425583226e-07,1.5659165288301187e-08,1.6931717211529685e-08,8.887488683884115e-07,8.904574657631059e-07,5.964284052195623e-07
E2_A10,chease_public,1088,libneo_Boozer,0.64175,3.1194825861756414e-08,2.2304207501506426e-08,3.5860837521717315e-08,1.503117630363704e-09,1.056147474354693e-06,2.568645904580489e-06,5.0269367388254705e-09,5.053863731096661e-09,4.406427928774366e-06,1.0050180356654597e-05,2.3419187766192699e-07,5.068031084104809e-07,5.428165670624771e-09,7.907890192726068e-09,9.101477663753244e-07,9.142838285347565e-07,5.706475396660693e-07
E2_A10,chease_public,1088,libneo_Boozer,0.72625,2.745991885325922e-08,1.956412222312875e-08,2.0503294728690946e-08,1.503117630363704e-09,1.1543691069058586e-06,2.5559901060424796e-06,7.496163230359488e-09,7.372241325638184e-09,3.3465876917298584e-06,7.489314789549658e-06,1.8877368433430298e-07,3.99384818137035e-07,8.003985569864309e-09,1.2623407541702955e-08,6.909765174478721e-07,6.95163461905679e-07,4.0786248889368437e-07
E2_A10,chease_public,1088,libneo_Boozer,0.81075,2.4034306373188853e-08,1.728232845699765e-08,4.908723227892153e-08,1.503117630363704e-09,1.2751817624281464e-06,3.1556933265887267e-06,3.951312012556898e-09,4.559306212547047e-09,2.4127712488392024e-06,5.073650980733216e-06,1.433278407134381e-07,2.841936451207117e-07,5.4621886762256895e-09,1.1077972062951392e-08,5.887702241302861e-07,5.934394073925375e-07,3.295359717325752e-07
E2_A10,chease_public,1088,libneo_Boozer,0.89525,2.3960691561065435e-08,1.7314728034513786e-08,3.091604039440199e-08,1.503117630363704e-09,1.7104280574026593e-06,4.226827067384833e-06,5.092645196505302e-09,5.075611145883516e-09,1.698398581789504e-06,2.831119088742908e-06,1.0579654804527242e-07,1.6575385276550895e-07,7.005046367589337e-09,1.4722025228576105e-08,4.357563135881648e-07,4.4230477203033303e-07,2.337326650003746e-07
E2_A10,chease_public,1088,libneo_Boozer,0.97975,2.676029982672231e-08,1.9367823014577822e-08,2.067128446192612e-08,1.503117630363704e-09,2.528095261440992e-06,5.20975708436823e-06,9.31549837093843e-09,9.76322096448255e-09,1.424616666683694e-06,3.2280659839348012e-06,9.2928431598974e-08,1.9672464772687177e-07,1.0962959917326291e-08,1.9970676970808297e-08,1.0358315138958574e-07,1.0442702158552919e-07,5.2750340984175637e-08
E2_A10,chease_public,1088,NEO_RT,0.05,,1.9021599309430653e-08,7.156311088163392e-08,,,,,,,,,,,,,,
E2_A10,chease_public,1088,NEO_RT,0.13454545454545455,,2.6540628287522627e-08,6.047822986854356e-08,,,,,,,,,,,,,,
E2_A10,chease_public,1088,NEO_RT,0.21909090909090911,,2.7912943509714247e-08,2.3871661536389865e-08,,,,,,,,,,,,,,
E2_A10,chease_public,1088,NEO_RT,0.30363636363636365,,2.8309757571265412e-08,2.101367913009966e-08,,,,,,,,,,,,,,
E2_A10,chease_public,1088,NEO_RT,0.3881818181818182,,2.8121575125122144e-08,2.2716789449539476e-08,,,,,,,,,,,,,,
E2_A10,chease_public,1088,NEO_RT,0.4727272727272728,,2.6527734972724006e-08,1.1147206158135248e-08,,,,,,,,,,,,,,
E2_A10,chease_public,1088,NEO_RT,0.5572727272727274,,2.4911465870060785e-08,2.4450177993351474e-08,,,,,,,,,,,,,,
E2_A10,chease_public,1088,NEO_RT,0.641818181818182,,2.2085443850935246e-08,3.63064336372787e-08,,,,,,,,,,,,,,
E2_A10,chease_public,1088,NEO_RT,0.7263636363636364,,1.9511053447074824e-08,2.1885631529272587e-08,,,,,,,,,,,,,,
E2_A10,chease_public,1088,NEO_RT,0.810909090909091,,1.6905037059668462e-08,4.609331050176024e-08,,,,,,,,,,,,,,
E2_A10,chease_public,1088,NEO_RT,0.8954545454545456,,1.6688587360387292e-08,2.690331912802435e-08,,,,,,,,,,,,,,
E2_A10,chease_public,1088,NEO_RT,0.9800000000000001,,1.925610344332829e-08,1.7796670803704728e-08,,,,,,,,,,,,,,
E2_A10,chease_public,1088,NEO_2,0.05,,1.902108083062646e-08,7.156310954936629e-08,,,,,,,,,,,,,,
E2_A10,chease_public,1088,NEO_2,0.13454545454545455,,2.654063272572157e-08,6.047823108978889e-08,,,,,,,,,,,,,,
E2_A10,chease_public,1088,NEO_2,0.21909090909090911,,2.7912982461199448e-08,2.387166575523736e-08,,,,,,,,,,,,,,
E2_A10,chease_public,1088,NEO_2,0.30363636363636365,,2.830976788682373e-08,2.1013681017478802e-08,,,,,,,,,,,,,,
E2_A10,chease_public,1088,NEO_2,0.3881818181818182,,2.8121574528171075e-08,2.2716796999056044e-08,,,,,,,,,,,,,,
E2_A10,chease_public,1088,NEO_2,0.4727272727272728,,2.6527735247424487e-08,1.114721437378563e-08,,,,,,,,,,,,,,
E2_A10,chease_public,1088,NEO_2,0.5572727272727274,,2.4911462036986983e-08,2.445017377450398e-08,,,,,,,,,,,,,,
E2_A10,chease_public,1088,NEO_2,0.641818181818182,,2.2085443093901706e-08,3.630643541363554e-08,,,,,,,,,,,,,,
E2_A10,chease_public,1088,NEO_2,0.7263636363636364,,1.9511051312563563e-08,2.1885638745722247e-08,,,,,,,,,,,,,,
E2_A10,chease_public,1088,NEO_2,0.810909090909091,,1.6905037563276768e-08,4.609330761518038e-08,,,,,,,,,,,,,,
E2_A10,chease_public,1088,NEO_2,0.8954545454545456,,1.668859784745955e-08,2.690332001620277e-08,,,,,,,,,,,,,,
E2_A10,chease_public,1088,NEO_2,0.9800000000000001,,1.925613565436301e-08,1.779667269108387e-08,,,,,,,,,,,,,,
E2_A10,chease_public,4224,libneo_Boozer,0.05025,5.06163463953948e-09,5.054971374390602e-09,9.152486213359623e-09,3.533173753567098e-10,1.9223424534471734e-08,2.806219143496699e-08,6.469546586992698e-10,1.1235840204526542e-09,2.4559982471228533e-07,3.5540874233146577e-07,3.781596541871659e-09,5.331005425056628e-09,6.758537097057107e-10,1.1586053924698268e-09,2.670616800620751e-08,2.621976801647774e-08,5.848315040579699e-08
E2_A10,chease_public,4224,libneo_Boozer,0.13475,4.896375661665543e-09,4.875961042918264e-09,3.4995377706792397e-09,3.533173753567098e-10,8.176586190462056e-09,1.4609181889873518e-08,3.535864787561704e-09,3.5559576142920856e-09,3.921899478198825e-08,7.39376913903432e-08,3.6658545294194853e-09,3.866147631259788e-09,3.5399251115531525e-09,3.556423323887282e-09,1.25380273663378e-08,1.2557444972749465e-08,1.710436325907949e-08
E2_A10,chease_public,4224,libneo_Boozer,0.21925,5.830428537310059e-10,4.217627996606135e-10,4.079740878459859e-09,3.533173753567098e-10,3.037476918482589e-08,4.399633804110318e-08,3.3665015092695497e-09,4.087312944854906e-09,7.430716802400022e-08,1.2071215077648388e-07,4.0991817381565505e-09,5.102581756318504e-09,3.362937894183258e-09,4.144795489069131e-09,3.427709324710371e-08,3.364150488738282e-08,3.592324843149086e-08
E2_A10,chease_public,4224,libneo_Boozer,0.30375,4.161521217391877e-09,4.133564554400095e-09,9.508451137563156e-09,3.533173753567098e-10,8.256511366220628e-08,1.2318984833864855e-07,1.1585955649035231e-08,1.2170486546636612e-08,1.3132971231297803e-07,1.4714797934263578e-07,1.2555285576380679e-08,1.3246844481183024e-08,1.157923920060566e-08,1.2337776080411682e-08,8.5353094536611e-08,8.440973875423197e-08,7.657806477823215e-08
E2_A10,chease_public,4224,libneo_Boozer,0.38825,4.008170625691702e-09,3.99058568968133e-09,6.08934047630072e-09,3.533173753567098e-10,2.0411059177967812e-08,3.25489223777574e-08,2.3889351177734726e-09,2.4149176516472465e-09,3.0933178031341404e-08,6.295943024733649e-08,2.7129187965556144e-09,3.2761655047433072e-09,2.388685551471951e-09,2.4353428662325142e-09,1.9720585386906464e-08,2.0020170021783912e-08,1.6065048513702607e-08
E2_A10,chease_public,4224,libneo_Boozer,0.47275,5.00177603965544e-09,4.992204413203165e-09,1.112715430906519e-08,3.533173753567098e-10,5.9128065904024834e-08,9.618864165352518e-08,1.882751460429281e-09,2.7863311040786516e-09,5.070267791135498e-08,9.617092498996161e-08,2.990975231824687e-09,4.862923707055388e-09,1.9127896487574373e-09,2.945511461401293e-09,5.032193078902125e-08,4.991618551830612e-08,3.629907974200819e-08
E2_A10,chease_public,4224,libneo_Boozer,0.55725,6.012091168617905e-09,5.990484675381885e-09,5.559791960152438e-09,3.533173753567098e-10,1.6282091157010637e-07,2.517335049693467e-07,4.1533356736733023e-10,5.98464709957643e-10,8.583850442069268e-08,1.0944738934000221e-07,4.2825667563506744e-09,5.186167772316758e-09,4.3927699328396513e-10,7.425459699609732e-10,1.1028781021771294e-07,1.1084027329300028e-07,7.42407884057883e-08
E2_A10,chease_public,4224,libneo_Boozer,0.64175,4.437978693921908e-09,4.390008729225111e-09,5.717843420960378e-09,3.533173753567098e-10,4.2233769830318064e-08,8.65606234029118e-08,5.21585315967132e-09,6.074577582664261e-09,1.7044104693007236e-08,3.567325520614845e-08,5.28663525498035e-09,6.1012187019027716e-09,5.221253506356412e-09,6.070143632667114e-09,3.067747988971803e-08,3.057532105277261e-08,1.908350244494983e-08
E2_A10,chease_public,4224,libneo_Boozer,0.72625,3.032457553701056e-09,3.003993428731811e-09,5.3851804127091896e-09,3.533173753567098e-10,2.010781763746438e-07,3.4568953680320405e-07,7.281809590129814e-09,6.87877591586195e-09,5.1270510304647e-08,7.35908797697048e-08,7.823499714700747e-09,7.796196525148872e-09,7.258103345972694e-09,6.781779084046857e-09,9.340480389141703e-08,9.402668221802912e-08,5.516683010409196e-08
E2_A10,chease_public,4224,libneo_Boozer,0.81075,4.2635029869191045e-09,4.225605853122514e-09,1.157254636563465e-08,3.533173753567098e-10,6.132813132253637e-08,1.1333017584320465e-07,4.646331395038259e-09,5.3439950329719004e-09,1.305395619896769e-08,2.8798285167575366e-08,4.7024617629521715e-09,5.574183607570294e-09,4.60068142998235e-09,5.286530219418593e-09,2.1147057327475238e-08,2.1379638059926265e-08,1.1872081651098654e-08
E2_A10,chease_public,4224,libneo_Boozer,0.89525,4.80885286200749e-09,4.805046249610162e-09,4.920652774131895e-10,3.533173753567098e-10,1.3422251728576403e-07,2.695702843333124e-07,6.040595048399007e-09,6.643539117916277e-09,1.6956668765871608e-08,4.602094414680189e-08,6.120510319869909e-09,7.111102833307166e-09,6.035450306313613e-09,6.721416258609223e-09,2.778670393777105e-08,2.829238521240285e-08,1.4950902071930727e-08
E2_A10,chease_public,4224,libneo_Boozer,0.97975,5.897100195178589e-09,5.7862339892200745e-09,5.412039483232434e-09,3.533173753567098e-10,2.151472130134737e-06,3.3731173018416847e-06,8.201733465052473e-09,8.678877215386119e-09,7.995995285641199e-08,2.3958089587510653e-07,9.69111373957167e-09,1.6342384357610033e-08,8.14877709280145e-09,8.730782823213428e-09,6.709217192923944e-08,6.889696502199172e-08,3.480266108635277e-08
E2_A10,chease_public,4224,NEO_RT,0.05,,4.0346477835874045e-09,5.204396913427445e-09,,,,,,,,,,,,,,
E2_A10,chease_public,4224,NEO_RT,0.13454545454545455,,5.267371756234976e-09,6.278273234627818e-09,,,,,,,,,,,,,,
E2_A10,chease_public,4224,NEO_RT,0.21909090909090911,,1.0978157675029932e-09,4.0285330626943505e-11,,,,,,,,,,,,,,
E2_A10,chease_public,4224,NEO_RT,0.30363636363636365,,3.2457317942084303e-09,8.760625780368514e-09,,,,,,,,,,,,,,
E2_A10,chease_public,4224,NEO_RT,0.3881818181818182,,5.0818728496298735e-09,5.659378854439012e-09,,,,,,,,,,,,,,
E2_A10,chease_public,4224,NEO_RT,0.4727272727272728,,4.943374166777892e-09,1.0884603551808425e-08,,,,,,,,,,,,,,
E2_A10,chease_public,4224,NEO_RT,0.5572727272727274,,6.205127144577305e-09,5.3374256125948705e-09,,,,,,,,,,,,,,
E2_A10,chease_public,4224,NEO_RT,0.641818181818182,,3.103075029012213e-09,6.08271977231567e-09,,,,,,,,,,,,,,
E2_A10,chease_public,4224,NEO_RT,0.7263636363636364,,2.761911837674847e-09,5.767069266582325e-09,,,,,,,,,,,,,,
E2_A10,chease_public,4224,NEO_RT,0.810909090909091,,2.0225820540982507e-09,1.1598779603438913e-08,,,,,,,,,,,,,,
E2_A10,chease_public,4224,NEO_RT,0.8954545454545456,,2.788962461852111e-09,6.531795104791627e-10,,,,,,,,,,,,,,
E2_A10,chease_public,4224,NEO_RT,0.9800000000000001,,9.398830955048224e-09,2.954061106841266e-09,,,,,,,,,,,,,,
E2_A10,chease_public,4224,NEO_2,0.05,,4.034688862951899e-09,5.204404573966315e-09,,,,,,,,,,,,,,
E2_A10,chease_public,4224,NEO_2,0.13454545454545455,,5.267396767254155e-09,6.278267239423485e-09,,,,,,,,,,,,,,
E2_A10,chease_public,4224,NEO_2,0.21909090909090911,,1.0977861075178643e-09,4.028555267154843e-11,,,,,,,,,,,,,,
E2_A10,chease_public,4224,NEO_2,0.30363636363636365,,3.2457404824766988e-09,8.760630665349822e-09,,,,,,,,,,,,,,
E2_A10,chease_public,4224,NEO_2,0.3881818181818182,,5.081864117983876e-09,5.659373081279284e-09,,,,,,,,,,,,,,
E2_A10,chease_public,4224,NEO_2,0.4727272727272728,,4.94336917595823e-09,1.0884603662830727e-08,,,,,,,,,,,,,,
E2_A10,chease_public,4224,NEO_2,0.5572727272727274,,6.205121368898276e-09,5.337425168505661e-09,,,,,,,,,,,,,,
E2_A10,chease_public,4224,NEO_2,0.641818181818182,,3.10308825637743e-09,6.082719994360275e-09,,,,,,,,,,,,,,
E2_A10,chease_public,4224,NEO_2,0.7263636363636364,,2.7619181428816763e-09,5.76707848143343e-09,,,,,,,,,,,,,,
E2_A10,chease_public,4224,NEO_2,0.810909090909091,,2.02259169634376e-09,1.1598775939702932e-08,,,,,,,,,,,,,,
E2_A10,chease_public,4224,NEO_2,0.8954545454545456,,2.788947179975449e-09,6.53178622300743e-10,,,,,,,,,,,,,,
E2_A10,chease_public,4224,NEO_2,0.9800000000000001,,9.398834230492703e-09,2.954060884796661e-09,,,,,,,,,,,,,,
E2_A10,chease_public,16640,libneo_Boozer,0.05025,5.105861812755655e-09,5.077170654375288e-09,5.598527863526215e-09,6.986193845648359e-10,1.9185013659720852e-08,2.797728399395486e-08,6.440406441038853e-10,1.117264640030622e-09,2.4418941380352955e-07,3.386719719262335e-07,3.7600170255735e-09,5.081099685915474e-09,6.750961845588694e-10,1.1621315580939357e-09,2.6164689956309495e-08,2.562701050673466e-08,5.716100590080764e-08
E2_A10,chease_public,16640,libneo_Boozer,0.13475,4.932736666312366e-09,4.894247615180188e-09,3.4995377706792397e-09,6.986193845648359e-10,7.813978606664698e-09,1.2406939516706245e-08,3.5358056313872185e-09,3.557579211687786e-09,3.822443938559863e-08,6.6974743937123e-08,3.659345506508229e-09,3.777731617157649e-09,3.5398297158932966e-09,3.5486546695721963e-09,1.1056480786475475e-08,1.1170556479811466e-08,1.5215297022308505e-08
E2_A10,chease_public,16640,libneo_Boozer,0.21925,8.169916128440297e-10,5.84480292824736e-10,4.079740878459859e-09,6.986193845648359e-10,2.9127459323069706e-08,4.245549772504677e-08,3.3651793350246585e-09,4.072988150409772e-09,7.397354323185364e-08,1.0756115253642766e-07,4.092101008687077e-09,4.7993833149021354e-09,3.362035938854465e-09,4.138207546859899e-09,3.2701168911630774e-08,3.212948102016e-08,3.430867367981705e-08
E2_A10,chease_public,16640,libneo_Boozer,0.30375,4.191909453235271e-09,4.148926310812628e-09,5.378675504985608e-09,6.986193845648359e-10,8.587587120230907e-08,1.389764271919291e-07,1.1509855167024212e-08,1.142680249017569e-08,1.366877005887719e-07,1.795450849374534e-07,1.2563583981698964e-08,1.3036990281711624e-08,1.1469690157654664e-08,1.1160674913204544e-08,9.650527565963074e-08,9.620337443339011e-08,8.727748057602014e-08
E2_A10,chease_public,16640,libneo_Boozer,0.38825,4.0467159965813025e-09,4.009968200819543e-09,6.08934047630072e-09,6.986193845648359e-10,2.416166674041244e-08,3.540419859480811e-08,2.394289900412769e-09,2.8019757986358693e-09,3.051951905798823e-08,6.08915086474734e-08,2.70948727873026e-09,3.2611047409856683e-09,2.3931602629124115e-09,2.8073047576613004e-09,2.1749988921015984e-08,2.2100016150439217e-08,1.7734006818592718e-08
E2_A10,chease_public,16640,libneo_Boozer,0.47275,5.0214049664224964e-09,5.0020265420367886e-09,3.851741148253041e-09,6.986193845648359e-10,6.465027081078106e-08,9.246558493685981e-08,1.8652003401539247e-09,2.534469142378526e-09,4.9823967634925755e-08,1.0203902473350194e-07,2.948634360350415e-09,5.137246652258696e-09,1.9213237153044023e-09,2.736059395779086e-09,4.854319790581485e-08,4.8898202653635536e-08,3.5558803790358695e-08
E2_A10,chease_public,16640,libneo_Boozer,0.55725,6.036592875145216e-09,6.0028695127526425e-09,5.559791960152438e-09,6.986193845648359e-10,1.531257469184573e-07,2.399761778013437e-07,4.073502234420548e-10,4.3655944514575574e-10,8.535067013492584e-08,1.0673326306250811e-07,4.257687919906973e-09,5.053713314971182e-09,4.279870491086023e-10,6.061451402539073e-10,1.0534795280570108e-07,1.0590553012335135e-07,7.093549847514424e-08
E2_A10,chease_public,16640,libneo_Boozer,0.64175,4.458000011384722e-09,4.400177723898944e-09,5.717843420960378e-09,6.986193845648359e-10,3.686048397442075e-08,6.623118547825321e-08,5.220442454135745e-09,5.90676910578585e-09,1.5577479457370066e-08,3.044398423794313e-08,5.278370119366613e-09,5.904786420496762e-09,5.225378557149167e-09,5.895890764172368e-09,2.3307534346983516e-08,2.316909952781998e-08,1.4460929786963561e-08
E2_A10,chease_public,16640,libneo_Boozer,0.72625,3.0751171556098884e-09,3.025702883961921e-09,5.3851804127091896e-09,6.986193845648359e-10,1.9044290535065058e-07,3.1152126201889794e-07,7.284123911017989e-09,6.8230539171533965e-09,5.076791281512213e-08,7.218252432437955e-08,7.815230583481522e-09,7.819027843164972e-09,7.260996361145154e-09,6.8505980758771515e-09,8.404358109448395e-08,8.462253808794173e-08,4.964928135287039e-08
E2_A10,chease_public,16640,libneo_Boozer,0.81075,4.263508476411768e-09,4.225613921260698e-09,3.5923977126373074e-09,6.986193845648359e-10,5.534114502883182e-08,7.220688753189994e-08,4.5912201679049996e-09,5.267056514009828e-09,1.0964798661440415e-08,3.4733876570627156e-08,4.6291371568634496e-09,5.333797225521082e-09,4.600132580086697e-09,5.292384896052362e-09,1.3388609998443712e-08,1.355849887918481e-08,7.529014522944522e-09
E2_A10,chease_public,16640,libneo_Boozer,0.89525,4.839199917591248e-09,4.820306710316698e-09,4.920652774131895e-10,6.986193845648359e-10,1.5124533703536639e-07,2.896467915912411e-07,6.0415016205351834e-09,6.8261300980706065e-09,1.6168200468245e-08,4.165077437240804e-08,6.113137199116271e-09,7.180871763814061e-09,6.035752385058868e-09,6.8940808986151505e-09,2.9805457657516854e-08,3.041912344237119e-08,1.6074761188811237e-08
E2_A10,chease_public,16640,libneo_Boozer,0.97975,5.738299512621688e-09,5.706732308397464e-09,5.412039483232434e-09,6.986193845648359e-10,1.9536158385841015e-06,2.8585935875095625e-06,8.169107580415973e-09,8.530694827221886e-09,8.016513616458514e-08,2.578099789533339e-07,9.670792185624538e-09,1.7353531228426522e-08,8.121248150658908e-09,8.671547974919867e-09,5.684875314937443e-08,5.8475866038243396e-08,2.953853994736022e-08
E2_A10,chease_public,16640,NEO_RT,0.05,,4.064460057713357e-09,2.316196567875295e-09,,,,,,,,,,,,,,
E2_A10,chease_public,16640,NEO_RT,0.13454545454545455,,5.298265280951296e-09,8.756910752083513e-10,,,,,,,,,,,,,,
E2_A10,chease_public,16640,NEO_RT,0.21909090909090911,,1.1705962862485526e-09,2.098554885421322e-09,,,,,,,,,,,,,,
E2_A10,chease_public,16640,NEO_RT,0.30363636363636365,,3.2892662437251156e-09,4.258474239904331e-09,,,,,,,,,,,,,,
E2_A10,chease_public,16640,NEO_RT,0.3881818181818182,,5.096931422431614e-09,5.633129185333985e-09,,,,,,,,,,,,,,
E2_A10,chease_public,16640,NEO_RT,0.4727272727272728,,4.953200332688312e-09,3.870631148927828e-09,,,,,,,,,,,,,,
E2_A10,chease_public,16640,NEO_RT,0.5572727272727274,,6.2172744238020065e-09,5.3374256125948705e-09,,,,,,,,,,,,,,
E2_A10,chease_public,16640,NEO_RT,0.641818181818182,,3.1175695542986627e-09,6.082720327427182e-09,,,,,,,,,,,,,,
E2_A10,chease_public,16640,NEO_RT,0.7263636363636364,,2.786101310893892e-09,5.640709899168428e-09,,,,,,,,,,,,,,
E2_A10,chease_public,16640,NEO_RT,0.810909090909091,,1.6204860974114961e-09,9.908667220059897e-10,,,,,,,,,,,,,,
E2_A10,chease_public,16640,NEO_RT,0.8954545454545456,,2.8149285292185263e-09,4.326434988044525e-09,,,,,,,,,,,,,,
E2_A10,chease_public,16640,NEO_RT,0.9800000000000001,,9.341903841464735e-09,2.964081646794625e-09,,,,,,,,,,,,,,
E2_A10,chease_public,16640,NEO_2,0.05,,4.064493785665959e-09,2.316193015161616e-09,,,,,,,,,,,,,,
E2_A10,chease_public,16640,NEO_2,0.13454545454545455,,5.298295189091142e-09,8.756924074759809e-10,,,,,,,,,,,,,,
E2_A10,chease_public,16640,NEO_2,0.21909090909090911,,1.170570758126357e-09,2.098560103469538e-09,,,,,,,,,,,,,,
E2_A10,chease_public,16640,NEO_2,0.30363636363636365,,3.289244603162041e-09,4.25846069518343e-09,,,,,,,,,,,,,,
E2_A10,chease_public,16640,NEO_2,0.3881818181818182,,5.0969289932202984e-09,5.633128297155565e-09,,,,,,,,,,,,,,
E2_A10,chease_public,16640,NEO_2,0.4727272727272728,,4.953204205128474e-09,3.87063847639979e-09,,,,,,,,,,,,,,
E2_A10,chease_public,16640,NEO_2,0.5572727272727274,,6.217268936391476e-09,5.3374253905502655e-09,,,,,,,,,,,,,,
E2_A10,chease_public,16640,NEO_2,0.641818181818182,,3.117584966483867e-09,6.082721659694812e-09,,,,,,,,,,,,,,
E2_A10,chease_public,16640,NEO_2,0.7263636363636364,,2.7861058752480983e-09,5.640714784149736e-09,,,,,,,,,,,,,,
E2_A10,chease_public,16640,NEO_2,0.810909090909091,,1.6204890747349078e-09,9.90866055872175e-10,,,,,,,,,,,,,,
E2_A10,chease_public,16640,NEO_2,0.8954545454545456,,2.814916500108078e-09,4.326433211687686e-09,,,,,,,,,,,,,,
E2_A10,chease_public,16640,NEO_2,0.9800000000000001,,9.341906822383053e-09,2.964080647593903e-09,,,,,,,,,,,,,,
E2_A10,chease_public,66048,libneo_Boozer,0.05025,5.062188951173828e-09,5.055249503311738e-09,5.598527863526215e-09,1.199808030705185e-09,1.8951450085797674e-08,2.7725605187157005e-08,6.415428011375344e-10,1.115173397182537e-09,2.4414087505956596e-07,3.422140052554778e-07,3.7588645283451525e-09,5.133658890016639e-09,6.730838748863192e-10,1.1584811414756454e-09,2.56284387392669e-08,2.5182337617946082e-08,5.6169163847874515e-08
E2_A10,chease_public,66048,libneo_Boozer,0.13475,4.906068887031924e-09,4.880821533586495e-09,3.4995377706792397e-09,1.199808030705185e-09,8.050040875168686e-09,1.2471929859771935e-08,3.53586030122254e-09,3.5437578064929855e-09,3.822822904636023e-08,5.8867865714650997e-08,3.6594225895082386e-09,3.739116177236034e-09,3.5399245490601894e-09,3.5356576358598283e-09,1.1383132075826197e-08,1.1371685842975765e-08,1.5489253213374354e-08
E2_A10,chease_public,66048,libneo_Boozer,0.21925,5.428940546013715e-10,3.9386430874724865e-10,4.079740878459859e-09,1.199808030705185e-09,2.9139190874971255e-08,4.243921769918337e-08,3.3651937180270544e-09,4.0749523314522935e-09,7.401364176113768e-08,1.1090061746929239e-07,4.09283252530623e-09,4.886043118381903e-09,3.3620498832962588e-09,4.132176100937278e-09,3.24447518573745e-08,3.2262648164138596e-08,3.445087293219018e-08
E2_A10,chease_public,66048,libneo_Boozer,0.30375,4.1619572667966145e-09,4.1337962976733895e-09,5.378675504985608e-09,1.199808030705185e-09,8.496322170117047e-08,1.3538079873092045e-07,1.1510580516057695e-08,1.1205560599542311e-08,1.3664047120306434e-07,1.792779276622269e-07,1.2563545098507304e-08,1.2830051680428982e-08,1.1470740562885333e-08,1.1059883600665846e-08,9.423272778752434e-08,9.385268107120481e-08,8.514488791799835e-08
E2_A10,chease_public,66048,libneo_Boozer,0.38825,4.007974414199773e-09,3.990446381227584e-09,6.08934047630072e-09,1.199808030705185e-09,2.295562086518829e-08,3.554478538023953e-08,2.390366610195492e-09,2.377630774657841e-09,3.0083399677160745e-08,6.199366688368224e-08,2.697527027908802e-09,3.2296397960681744e-09,2.3900916206923693e-09,2.411273046429806e-09,2.2025788248836164e-08,2.227174561442169e-08,1.7871809920855242e-08
E2_A10,chease_public,66048,libneo_Boozer,0.47275,4.992298637233291e-09,4.9874149582557e-09,3.851741148253041e-09,1.199808030705185e-09,6.22133025622211e-08,9.203513353228905e-08,1.883497075485353e-09,2.780348563978929e-09,5.35932658090957e-08,8.971299745349564e-08,3.0956442469751213e-09,4.6549334737966855e-09,1.943471999609319e-09,2.8605713445474684e-09,4.8482047154685404e-08,4.874790865416756e-08,3.5449509883100916e-08
E2_A10,chease_public,66048,libneo_Boozer,0.55725,6.012226301352623e-09,5.990588763258875e-09,5.559791960152438e-09,1.199808030705185e-09,1.5317610301772914e-07,2.42122029993696e-07,4.0834632662235436e-10,4.5672563450775157e-10,8.536853789722733e-08,1.105810557539574e-07,4.2586662707229015e-09,5.245572377582989e-09,4.286823314920848e-10,5.923734962751344e-10,1.0642576653285829e-07,1.0691031127052497e-07,7.160850068466118e-08
E2_A10,chease_public,66048,libneo_Boozer,0.64175,4.4400454900646336e-09,4.391058086335305e-09,5.717843420960378e-09,1.199808030705185e-09,3.954155339870834e-08,7.255320168937558e-08,5.2196512760350385e-09,5.983220506561209e-09,1.6882306630685218e-08,3.9079953191048623e-08,5.28890701825531e-09,6.017460917116402e-09,5.224677689822434e-09,5.949803946821446e-09,2.5434957806602654e-08,2.5368907197176327e-08,1.5833933608710993e-08
E2_A10,chease_public,66048,libneo_Boozer,0.72625,3.0468313063885685e-09,3.011313245153191e-09,5.3851804127091896e-09,1.199808030705185e-09,1.9031934832445972e-07,3.1483989682183607e-07,7.284755405600022e-09,6.985998332609588e-09,5.141668957133131e-08,7.148434428097426e-08,7.829278931310142e-09,7.801502253505661e-09,7.261581165167555e-09,6.841422527242495e-09,8.485537972280355e-08,8.545799068393478e-08,5.013945358900429e-08
E2_A10,chease_public,66048,libneo_Boozer,0.81075,4.2308921551302465e-09,4.2091123971793175e-09,3.5923977126373074e-09,1.199808030705185e-09,5.569132715002637e-08,8.074314404143907e-08,4.592641771282618e-09,5.422892653233928e-09,1.0758984200787175e-08,3.2353700997768724e-08,4.628839483775286e-09,5.443618048608372e-09,4.6008552196271285e-09,5.432355955979646e-09,1.4921837654391368e-08,1.5111782603050017e-08,8.391550676556392e-09
E2_A10,chease_public,66048,libneo_Boozer,0.89525,4.811274167948802e-09,4.806252930454405e-09,4.920652774131895e-10,1.199808030705185e-09,1.512468245551836e-07,2.9044745011639035e-07,6.041520993365717e-09,6.828418349799664e-09,1.6286738741660756e-08,4.2070281022688855e-08,6.114374308824754e-09,7.190538060578947e-09,6.035777370490022e-09,6.897881982891702e-09,2.985566127655659e-08,3.047324947935692e-08,1.6103363753572353e-08
E2_A10,chease_public,66048,libneo_Boozer,0.97975,5.776425078537234e-09,5.725845159012289e-09,5.412039483232434e-09,1.199808030705185e-09,1.954959397764945e-06,2.879617149925651e-06,8.1689456343014e-09,8.556977740092522e-09,8.007091274284029e-08,2.577419036311625e-07,9.667367140007625e-09,1.7355050275592177e-08,8.121014142575527e-09,8.699710868303545e-09,5.7289174293373435e-08,5.8698716665084305e-08,2.9651110899919786e-08
E2_A10,chease_public,66048,NEO_RT,0.05,,4.036436768817547e-09,2.13282880245913e-09,,,,,,,,,,,,,,
E2_A10,chease_public,66048,NEO_RT,0.13454545454545455,,5.28683911924129e-09,8.674811979858532e-10,,,,,,,,,,,,,,
E2_A10,chease_public,66048,NEO_RT,0.21909090909090911,,1.0881956504279414e-09,2.0985545523544147e-09,,,,,,,,,,,,,,
E2_A10,chease_public,66048,NEO_RT,0.30363636363636365,,3.2707428775293896e-09,4.2409140643684395e-09,,,,,,,,,,,,,,
E2_A10,chease_public,66048,NEO_RT,0.3881818181818182,,5.0817356644275334e-09,5.6431310735405305e-09,,,,,,,,,,,,,,
E2_A10,chease_public,66048,NEO_RT,0.4727272727272728,,4.938438099385639e-09,3.870844311748556e-09,,,,,,,,,,,,,,
E2_A10,chease_public,66048,NEO_RT,0.5572727272727274,,6.205356337776772e-09,5.3374256125948705e-09,,,,,,,,,,,,,,
E2_A10,chease_public,66048,NEO_RT,0.641818181818182,,3.1046723999870188e-09,6.082720327427182e-09,,,,,,,,,,,,,,
E2_A10,chease_public,66048,NEO_RT,0.7263636363636364,,2.7702413457734385e-09,5.640709899168428e-09,,,,,,,,,,,,,,
E2_A10,chease_public,66048,NEO_RT,0.810909090909091,,1.5778147635789978e-09,9.903224906793184e-10,,,,,,,,,,,,,,
E2_A10,chease_public,66048,NEO_RT,0.8954545454545456,,2.791011511747163e-09,4.326434988044525e-09,,,,,,,,,,,,,,
E2_A10,chease_public,66048,NEO_RT,0.9800000000000001,,9.354411075388785e-09,2.964081646794625e-09,,,,,,,,,,,,,,
E2_A10,chease_public,66048,NEO_2,0.05,,4.036472386026093e-09,2.1328285804145253e-09,,,,,,,,,,,,,,
E2_A10,chease_public,66048,NEO_2,0.13454545454545455,,5.286871139832883e-09,8.674856388779517e-10,,,,,,,,,,,,,,
E2_A10,chease_public,66048,NEO_2,0.21909090909090911,,1.0881670841040024e-09,2.0985542192875073e-09,,,,,,,,,,,,,,
E2_A10,chease_public,66048,NEO_2,0.30363636363636365,,3.270724566920196e-09,4.240907958141804e-09,,,,,,,,,,,,,,
E2_A10,chease_public,66048,NEO_2,0.3881818181818182,,5.081730795310394e-09,5.64314006634703e-09,,,,,,,,,,,,,,
E2_A10,chease_public,66048,NEO_2,0.4727272727272728,,4.938438965198195e-09,3.87084631015e-09,,,,,,,,,,,,,,
E2_A10,chease_public,66048,NEO_2,0.5572727272727274,,6.205350342094118e-09,5.337430497576179e-09,,,,,,,,,,,,,,
E2_A10,chease_public,66048,NEO_2,0.641818181818182,,3.104684872841853e-09,6.082722436850929e-09,,,,,,,,,,,,,,
E2_A10,chease_public,66048,NEO_2,0.7263636363636364,,2.770247533164863e-09,5.6407153392612486e-09,,,,,,,,,,,,,,
E2_A10,chease_public,66048,NEO_2,0.810909090909091,,1.5778174005371337e-09,9.903202702332692e-10,,,,,,,,,,,,,,
E2_A10,chease_public,66048,NEO_2,0.8954545454545456,,2.7909944994415616e-09,4.326432767598476e-09,,,,,,,,,,,,,,
E2_A10,chease_public,66048,NEO_2,0.9800000000000001,,9.35441390811113e-09,2.9640827570176498e-09,,,,,,,,,,,,,,
E2_A10,chease_mars,1088,libneo_Boozer,0.05025,2.7535272818840854e-08,1.9797164887392017e-08,8.290754993645066e-08,6.914888661668783e-10,1.2779898705246344e-07,3.099449828895643e-07,7.11497350974517e-10,1.114034673152496e-09,1.7332115222328626e-05,3.927178487709571e-05,2.6293682672669415e-07,5.877597404870222e-07,8.563490939473812e-10,2.1940000206677554e-09,2.9648491758210715e-07,2.8936834277348833e-07,6.454347784567993e-07
E2_A10,chease_mars,1088,libneo_Boozer,0.13475,3.646777999986917e-08,2.6022239440033186e-08,5.5685183908416036e-08,6.914888661668783e-10,3.019210279933895e-07,6.958811612843523e-07,4.04318323110208e-09,4.0446796644264935e-09,1.4046923700064752e-05,3.219113352478779e-05,3.4798373350828913e-07,7.788012215266839e-07,4.097683808755137e-09,5.3826806988609716e-09,6.027994525203972e-07,5.94663485620206e-07,8.099839445829815e-07
E2_A10,chease_mars,1088,libneo_Boozer,0.21925,3.94183398883189e-08,2.7887967412886452e-08,2.5603363207338248e-08,6.914888661668783e-10,4.5395651230625114e-07,1.0170031032732688e-06,3.810896854506035e-09,4.0088782753179395e-09,1.1751873351985157e-05,2.706476309546937e-05,3.7028622130636554e-07,8.270536651892968e-07,3.938818726217202e-09,5.968007502102383e-09,7.928034410076279e-07,7.847510429814797e-07,8.3797626215798e-07
E2_A10,chease_mars,1088,libneo_Boozer,0.30375,3.9975968971581145e-08,2.843670151696566e-08,2.0265801814467466e-08,6.914888661668783e-10,5.961334202292359e-07,1.48734958968481e-06,1.2161864560612878e-08,1.310252519477027e-08,9.888102622108432e-06,2.284412030892765e-05,3.6584909180877696e-07,8.148411067665425e-07,1.213596219799605e-08,1.4477788193732493e-08,1.0315716084119408e-06,1.0245861251090282e-06,9.295226250927158e-07
E2_A10,chease_mars,1088,libneo_Boozer,0.38825,3.92597302597274e-08,2.7928735522524563e-08,2.1022247720381415e-08,6.914888661668783e-10,7.16833102910079e-07,1.6685144178921801e-06,3.0190751820553642e-09,3.779380959154038e-09,8.28351365894794e-06,1.91421550551699e-05,3.453275295901208e-07,7.659825078826858e-07,3.0765259583253643e-09,4.336111159523611e-09,1.0150179592383068e-06,1.011382194160415e-06,8.115761815918887e-07
E2_A10,chease_mars,1088,libneo_Boozer,0.47275,3.7150127360297146e-08,2.653391830812449e-08,1.112715430906519e-08,6.914888661668783e-10,8.350808828633041e-07,1.9369005466842587e-06,2.104112989210427e-09,2.245329120789275e-09,6.861069817518113e-06,1.5837457783338927e-05,3.147129210877656e-07,6.943939581796423e-07,2.170036002866839e-09,3.256125229832556e-09,1.0137504918295015e-06,1.0129667478153692e-06,7.36629644171316e-07
E2_A10,chease_mars,1088,libneo_Boozer,0.55725,3.4609886521314024e-08,2.4865892824575326e-08,2.449039082641491e-08,6.914888661668783e-10,9.568883569295382e-07,2.0322384593976808e-06,1.5625453803919035e-08,1.463254834180924e-08,5.577227832260874e-06,1.2821231354546457e-05,2.773842928422692e-07,6.064494996003382e-07,1.5661130177098925e-08,1.6920204692047693e-08,8.895438705636138e-07,8.917129548091651e-07,5.972693321032452e-07
E2_A10,chease_mars,1088,libneo_Boozer,0.64175,3.1201972169894283e-08,2.2309220668081427e-08,3.5860837521717315e-08,6.914888661668783e-10,1.0563101579951244e-06,2.5698936275883042e-06,5.027132900928636e-09,5.086428199580372e-09,4.406667589143852e-06,1.0050376876193502e-05,2.3420461342747055e-07,5.068129980193133e-07,5.428947460827607e-09,7.907985883777151e-09,9.108036369553929e-07,9.144879907774239e-07,5.707749669570106e-07
E2_A10,chease_mars,1088,libneo_Boozer,0.72625,2.7413852091344816e-08,1.9531681933909434e-08,2.0503294728690946e-08,6.914888661668783e-10,1.1542898224060975e-06,2.5571360394772527e-06,7.497547889079358e-09,7.204494810539016e-09,3.346974955487661e-06,7.48970091258012e-06,1.887955495086132e-07,3.994028410414218e-07,7.991936977852626e-09,1.2453495403149293e-08,6.914494155019213e-07,6.951586856152048e-07,4.078596865797479e-07
E2_A10,chease_mars,1088,libneo_Boozer,0.81075,2.403390620316328e-08,1.7282047524065188e-08,4.908723227892153e-08,6.914888661668783e-10,1.2742474182334515e-06,3.153853392697641e-06,3.951754630666672e-09,4.505300763604064e-09,2.4126003983111562e-06,5.073833784692055e-06,1.4331771138272456e-07,2.8420302739438874e-07,5.457805489114159e-09,1.105877102261419e-08,5.885398931537722e-07,5.927134029137804e-07,3.29132822662892e-07
E2_A10,chease_mars,1088,libneo_Boozer,0.89525,2.383132162753868e-08,1.722483531376227e-08,3.091604039440199e-08,6.914888661668783e-10,1.7023351514262659e-06,4.226933399224799e-06,5.091439412288433e-09,5.200314410387461e-09,1.6982029441458173e-06,2.8299378867193e-06,1.0578433172821899e-07,1.656899824348303e-07,6.985420292943048e-09,1.4674581713234499e-08,4.358295668804857e-07,4.418979436815462e-07,2.3351767952650704e-07
E2_A10,chease_mars,1088,libneo_Boozer,0.97975,2.697386006002515e-08,1.951593457025764e-08,2.067128446192612e-08,6.914888661668783e-10,2.5735844730997946e-06,4.980626057261632e-06,9.312381353837207e-09,8.606463963533721e-09,1.429320576945167e-06,3.232292721781796e-06,9.323189447377771e-08,1.9697675033072044e-07,1.0968942613964009e-08,1.987061220189122e-08,9.90137309919703e-08,1.0042974496471402e-07,5.073115372233872e-08
E2_A10,chease_mars,1088,NEO_RT,0.05,,1.9069169144916122e-08,7.158882797675403e-08,,,,,,,,,,,,,,
E2_A10,chease_mars,1088,NEO_RT,0.13454545454545455,,2.6550622465197535e-08,5.337686714845802e-08,,,,,,,,,,,,,,
E2_A10,chease_mars,1088,NEO_RT,0.21909090909090911,,2.7913370393083763e-08,2.3871715271184257e-08,,,,,,,,,,,,,,
E2_A10,chease_mars,1088,NEO_RT,0.30363636363636365,,2.8318093494563856e-08,2.1013503825884072e-08,,,,,,,,,,,,,,
E2_A10,chease_mars,1088,NEO_RT,0.3881818181818182,,2.8118946627496987e-08,2.271692534083769e-08,,,,,,,,,,,,,,
E2_A10,chease_mars,1088,NEO_RT,0.4727272727272728,,2.6527556874380993e-08,1.0989888110657375e-08,,,,,,,,,,,,,,
E2_A10,chease_mars,1088,NEO_RT,0.5572727272727274,,2.4932771803955646e-08,2.445019364749612e-08,,,,,,,,,,,,,,
E2_A10,chease_mars,1088,NEO_RT,0.641818181818182,,2.209318873365362e-08,3.63064336372787e-08,,,,,,,,,,,,,,
E2_A10,chease_mars,1088,NEO_RT,0.7263636363636364,,1.9507092931558362e-08,2.1885631529272587e-08,,,,,,,,,,,,,,
E2_A10,chease_mars,1088,NEO_RT,0.810909090909091,,1.6904735201913953e-08,4.609331050176024e-08,,,,,,,,,,,,,,
E2_A10,chease_mars,1088,NEO_RT,0.8954545454545456,,1.6624060866727012e-08,3.420689065336546e-08,,,,,,,,,,,,,,
E2_A10,chease_mars,1088,NEO_RT,0.9800000000000001,,1.9388024478089618e-08,1.780721670119334e-08,,,,,,,,,,,,,,
E2_A10,chease_mars,1088,NEO_2,0.05,,1.906865707740755e-08,7.158883263969074e-08,,,,,,,,,,,,,,
E2_A10,chease_mars,1088,NEO_2,0.13454545454545455,,2.6550626893056662e-08,5.3376866038234994e-08,,,,,,,,,,,,,,
E2_A10,chease_mars,1088,NEO_2,0.21909090909090911,,2.7913408953612126e-08,2.387171904594254e-08,,,,,,,,,,,,,,
E2_A10,chease_mars,1088,NEO_2,0.30363636363636365,,2.831808493181289e-08,2.1013496720456715e-08,,,,,,,,,,,,,,
E2_A10,chease_mars,1088,NEO_2,0.3881818181818182,,2.811894756954073e-08,2.2716940883960035e-08,,,,,,,,,,,,,,
E2_A10,chease_mars,1088,NEO_2,0.4727272727272728,,2.6527556145774895e-08,1.098989688141927e-08,,,,,,,,,,,,,,
E2_A10,chease_mars,1088,NEO_2,0.5572727272727274,,2.493276922271982e-08,2.445019087193856e-08,,,,,,,,,,,,,,
E2_A10,chease_mars,1088,NEO_2,0.641818181818182,,2.2093190982264747e-08,3.630643730101468e-08,,,,,,,,,,,,,,
E2_A10,chease_mars,1088,NEO_2,0.7263636363636364,,1.9507083678312607e-08,2.1885637302432315e-08,,,,,,,,,,,,,,
E2_A10,chease_mars,1088,NEO_2,0.810909090909091,,1.6904735252915018e-08,4.60933040624667e-08,,,,,,,,,,,,,,
E2_A10,chease_mars,1088,NEO_2,0.8954545454545456,,1.6624051388196722e-08,3.4206893984034537e-08,,,,,,,,,,,,,,
E2_A10,chease_mars,1088,NEO_2,0.9800000000000001,,1.9388048086595222e-08,1.780722080901853e-08,,,,,,,,,,,,,,
E2_A10,chease_mars,4224,libneo_Boozer,0.05025,5.0615489257870605e-09,5.0549309372943916e-09,9.152486213359623e-09,8.139771079385127e-10,1.918733563188143e-08,2.774003834557851e-08,6.472029044500582e-10,1.121892765372203e-09,2.460149623100918e-07,3.3796280732660236e-07,3.78784408836775e-09,5.070649432614246e-09,6.75998470095317e-10,1.153264729918536e-09,2.7022923808350807e-08,2.6341189500456164e-08,5.8753980791692584e-08
E2_A10,chease_mars,4224,libneo_Boozer,0.13475,4.904747198037587e-09,4.880157949142612e-09,3.4995377706792397e-09,8.139771079385127e-10,8.153411228686174e-09,1.5036668142581914e-08,3.5358966633705196e-09,3.538150064274078e-09,3.934987050697469e-08,7.254153557460992e-08,3.666745747580844e-09,3.887795221953853e-09,3.539939776690395e-09,3.5348915300744772e-09,1.234081423162614e-08,1.2588877468244775e-08,1.714717712264502e-08
E2_A10,chease_mars,4224,libneo_Boozer,0.21925,5.83719101576868e-10,4.2203317099176107e-10,4.079740878459859e-09,8.139771079385127e-10,3.035148906191483e-08,4.37561114038699e-08,3.36670954231987e-09,4.053276505707294e-09,7.434743223639782e-08,1.1668147582268874e-07,4.100077070842088e-09,5.031095173091982e-09,3.3631917740402728e-09,4.1097647378399854e-09,3.460038983105207e-08,3.3714203317991576e-08,3.600087766786331e-08
E2_A10,chease_mars,4224,libneo_Boozer,0.30375,4.1630980834274245e-09,4.134366196059327e-09,9.508451137563156e-09,8.139771079385127e-10,8.253721850121411e-08,1.2252615016648508e-07,1.1585939346786392e-08,1.218003414789879e-08,1.3133563424713004e-07,1.4988236211981734e-07,1.2555355257976353e-08,1.326200436242751e-08,1.1579218244719578e-08,1.2343071507847932e-08,8.534774681434598e-08,8.415059099542432e-08,7.634296117497996e-08
E2_A10,chease_mars,4224,libneo_Boozer,0.38825,4.016984702701753e-09,3.995002159690704e-09,6.08934047630072e-09,8.139771079385127e-10,2.0489638636092402e-08,3.887794015572343e-08,2.393849328191952e-09,2.68710245443105e-09,3.656731733867457e-08,9.920427995117301e-08,2.836245661533653e-09,4.426988975295563e-09,2.393747961855626e-09,2.6963927668833685e-09,2.4064001846735295e-08,2.3297566542623827e-08,1.8694972236943386e-08
E2_A10,chease_mars,4224,libneo_Boozer,0.47275,5.008142151042285e-09,4.995376038614845e-09,1.112715430906519e-08,8.139771079385127e-10,5.4730647445208933e-08,8.494602325218302e-08,1.8928214123986757e-09,2.8376629139292794e-09,5.3022508401098145e-08,8.065005393975459e-08,3.0806045832490654e-09,4.068115162003381e-09,1.9256643951807716e-09,2.952392015066315e-09,4.478819859432548e-08,4.4068079629866475e-08,3.2046333808821714e-08
E2_A10,chease_mars,4224,libneo_Boozer,0.55725,6.0127725111351366e-09,5.9908472997704704e-09,5.559791960152438e-09,8.139771079385127e-10,1.6072666435504819e-07,2.4591098185753014e-07,4.1725734638908893e-10,4.834407884860692e-10,8.59351056128232e-08,1.0722741238487737e-07,4.287527423340933e-09,5.078818990250603e-09,4.4709632167368575e-10,6.073869526291939e-10,1.0744855960531652e-07,1.0835926633756543e-07,7.257901046830995e-08
E2_A10,chease_mars,4224,libneo_Boozer,0.64175,4.4438839258744116e-09,4.392899569926874e-09,9.353654295551905e-09,8.139771079385127e-10,4.462396631328051e-08,8.715037625096436e-08,5.116134800720538e-09,5.142512686734707e-09,1.696872988158186e-08,4.2586375618933975e-08,5.187860251402598e-09,5.211759204411451e-09,5.084131854137973e-09,5.150745395766961e-09,3.1118549403963414e-08,3.0643461323975885e-08,1.9126032091421052e-08
E2_A10,chease_mars,4224,libneo_Boozer,0.72625,3.050524236558661e-09,3.0131731539685686e-09,9.73293445838408e-09,8.139771079385127e-10,2.0120867479871307e-07,3.4422789567725524e-07,7.330128962569399e-09,6.907479219131045e-09,5.3103570498595256e-08,8.037065754651619e-08,7.906879922039512e-09,8.102044394607487e-09,7.258573011552664e-09,6.892773574371011e-09,9.318716598372134e-08,9.342469931006292e-08,5.4813637961892425e-08
E2_A10,chease_mars,4224,libneo_Boozer,0.81075,4.2591310943511454e-09,4.2233991694421365e-09,1.157254636563465e-08,8.139771079385127e-10,6.234182747016854e-08,1.1659093834302047e-07,4.6459250807596755e-09,5.332936394253676e-09,1.2924341565003367e-08,2.851014266650982e-08,4.700799002075649e-09,5.559159058259624e-09,4.600371987381434e-09,5.281242564948213e-09,2.1877374689616147e-08,2.1716997977705432e-08,1.2059417020537921e-08
E2_A10,chease_mars,4224,libneo_Boozer,0.89525,4.808340344028094e-09,4.804780663640994e-09,4.920652774131895e-10,8.139771079385127e-10,1.344315544766435e-07,2.7193304336509794e-07,6.04052351165545e-09,6.659466540532152e-09,1.675974841608255e-08,4.6371957123796594e-08,6.118339822214938e-09,7.128399433231878e-09,6.035383708774809e-09,6.7342742138500515e-09,2.8097772775126373e-08,2.8168718801957482e-08,1.4885551458121427e-08
E2_A10,chease_mars,4224,libneo_Boozer,0.97975,5.79625664411667e-09,5.73453832471493e-09,5.412039483232434e-09,8.139771079385127e-10,2.230034804457227e-06,4.332789126298328e-06,8.050037709949596e-09,7.916204458907027e-09,7.04404761441709e-08,2.662763929772172e-07,9.242924731613177e-09,1.779716376091029e-08,7.991779921677746e-09,8.082294999965726e-09,8.616361613089651e-08,8.766861780973301e-08,4.4284988565124195e-08
E2_A10,chease_mars,4224,NEO_RT,0.05,,4.036717861973442e-09,5.20439713547205e-09,,,,,,,,,,,,,,
E2_A10,chease_mars,4224,NEO_RT,0.13454545454545455,,5.270212172557835e-09,6.270144181641513e-09,,,,,,,,,,,,,,
E2_A10,chease_mars,4224,NEO_RT,0.21909090909090911,,1.0982568726247332e-09,6.681588615720102e-11,,,,,,,,,,,,,,
E2_A10,chease_mars,4224,NEO_RT,0.30363636363636365,,3.2463270888369145e-09,8.569317033746415e-09,,,,,,,,,,,,,,
E2_A10,chease_mars,4224,NEO_RT,0.3881818181818182,,5.085147779729442e-09,5.659378854439012e-09,,,,,,,,,,,,,,
E2_A10,chease_mars,4224,NEO_RT,0.4727272727272728,,4.946435903583396e-09,1.0884603551808425e-08,,,,,,,,,,,,,,
E2_A10,chease_mars,4224,NEO_RT,0.5572727272727274,,6.2056666433242e-09,5.3374256125948705e-09,,,,,,,,,,,,,,
E2_A10,chease_mars,4224,NEO_RT,0.641818181818182,,3.102336308621834e-09,8.419043906471302e-09,,,,,,,,,,,,,,
E2_A10,chease_mars,4224,NEO_RT,0.7263636363636364,,2.7719957552770027e-09,7.868717677439463e-09,,,,,,,,,,,,,,
E2_A10,chease_mars,4224,NEO_RT,0.810909090909091,,2.0154037023669015e-09,1.1624262441500832e-08,,,,,,,,,,,,,,
E2_A10,chease_mars,4224,NEO_RT,0.8954545454545456,,2.7890150365466295e-09,6.524130125029615e-10,,,,,,,,,,,,,,
E2_A10,chease_mars,4224,NEO_RT,0.9800000000000001,,9.362884563729279e-09,6.278294550909891e-10,,,,,,,,,,,,,,
E2_A10,chease_mars,4224,NEO_2,0.05,,4.036759878983773e-09,5.204404684988617e-09,,,,,,,,,,,,,,
E2_A10,chease_mars,4224,NEO_2,0.13454545454545455,,5.270237176315309e-09,6.270143959596908e-09,,,,,,,,,,,,,,
E2_A10,chease_mars,4224,NEO_2,0.21909090909090911,,1.0982274423175066e-09,6.681899478166997e-11,,,,,,,,,,,,,,
E2_A10,chease_mars,4224,NEO_2,0.30363636363636365,,3.246336949223662e-09,8.569330134378106e-09,,,,,,,,,,,,,,
E2_A10,chease_mars,4224,NEO_2,0.3881818181818182,,5.085136033874291e-09,5.6593782993275e-09,,,,,,,,,,,,,,
E2_A10,chease_mars,4224,NEO_2,0.4727272727272728,,4.94643635196265e-09,1.0884608436789733e-08,,,,,,,,,,,,,,
E2_A10,chease_mars,4224,NEO_2,0.5572727272727274,,6.205664104647702e-09,5.3374282771301296e-09,,,,,,,,,,,,,,
E2_A10,chease_mars,4224,NEO_2,0.641818181818182,,3.1023446871662673e-09,8.41904701509577e-09,,,,,,,,,,,,,,
E2_A10,chease_mars,4224,NEO_2,0.7263636363636364,,2.7720018760226836e-09,7.868719897885512e-09,,,,,,,,,,,,,,
E2_A10,chease_mars,4224,NEO_2,0.810909090909091,,2.015412017408057e-09,1.1624256557318802e-08,,,,,,,,,,,,,,
E2_A10,chease_mars,4224,NEO_2,0.8954545454545456,,2.788999309698706e-09,6.524094597892827e-10,,,,,,,,,,,,,,
E2_A10,chease_mars,4224,NEO_2,0.9800000000000001,,9.362887195978186e-09,6.278290110017792e-10,,,,,,,,,,,,,,
E2_A10,chease_mars,16640,libneo_Boozer,0.05025,5.061484571933834e-09,5.054894796036155e-09,5.598527863526215e-09,7.423162085018475e-10,1.905292998368284e-08,2.7995911067243957e-08,6.420020670853896e-10,1.0934380834476282e-09,2.4435138580396e-07,3.4577594176182944e-07,3.762089590920343e-09,5.188018410221218e-09,6.736012714445762e-10,1.1363568343631655e-09,2.581739966950325e-08,2.530835102598772e-08,5.6450236540772636e-08
E2_A10,chease_mars,16640,libneo_Boozer,0.13475,4.891482195028635e-09,4.8735018420689935e-09,3.4995377706792397e-09,7.423162085018475e-10,7.600982368961875e-09,1.1809456157423459e-08,3.535785360849423e-09,3.5540425368780723e-09,3.838142830412073e-08,7.155357876173345e-08,3.660334109733282e-09,3.752446205190021e-09,3.5397853791377204e-09,3.548661809636421e-09,1.0872760719538022e-08,1.0972832309441571e-08,1.4945979009972632e-08
E2_A10,chease_mars,16640,libneo_Boozer,0.21925,5.488844038670745e-10,3.981939292380179e-10,4.079740878459859e-09,7.423162085018475e-10,2.9158553194155224e-08,4.2831050349349585e-08,3.3651871018218156e-09,4.0937306080489565e-09,7.402859335242506e-08,1.1520291494688003e-07,4.093095514149539e-09,4.970147282563628e-09,3.3620275349763188e-09,4.157573419590486e-09,3.2694111640196866e-08,3.228501052610078e-08,3.447475205309303e-08
E2_A10,chease_mars,16640,libneo_Boozer,0.30375,4.159621743764324e-09,4.13260960269139e-09,5.378675504985608e-09,7.423162085018475e-10,8.590114307996089e-08,1.4048731964158762e-07,1.150995465580226e-08,1.16187179384753e-08,1.3684078319202937e-07,1.8197767129503647e-07,1.2565953458479188e-08,1.3189503029115652e-08,1.1469785645796607e-08,1.1353804761445764e-08,9.781772059014315e-08,9.75924602242273e-08,8.853768496130954e-08
E2_A10,chease_mars,16640,libneo_Boozer,0.38825,3.993854589036355e-09,3.983359643526601e-09,6.08934047630072e-09,7.423162085018475e-10,2.5385530009727775e-08,3.80166548468824e-08,2.3926617321815147e-09,2.670164158195557e-09,3.050410304813023e-08,6.302657516346814e-08,2.7077492638036137e-09,3.2706642626911324e-09,2.3923193933207375e-09,2.667628511994646e-09,2.3570479124046528e-08,2.404328880434292e-08,1.929337267725373e-08
E2_A10,chease_mars,16640,libneo_Boozer,0.47275,4.986610863643871e-09,4.984591649355649e-09,3.851741148253041e-09,7.423162085018475e-10,6.444850686007353e-08,9.203346265258758e-08,1.865609527152351e-09,2.760829941942929e-09,5.000686128669031e-08,1.0232478707612631e-07,2.9553987829291825e-09,5.110616643229011e-09,1.921633189748203e-09,2.884007660174104e-09,4.8518372153250056e-08,4.9032639115598187e-08,3.56565660331043e-08
E2_A10,chease_mars,16640,libneo_Boozer,0.55725,6.0031925359462024e-09,5.986022508323479e-09,5.559791960152438e-09,7.423162085018475e-10,1.5331428663414974e-07,2.400653653721357e-07,4.0734264066092753e-10,4.4586554138251635e-10,8.531515283849037e-08,1.1191624692460142e-07,4.25593160940219e-09,5.298686164979319e-09,4.282010413740491e-10,5.888613712934268e-10,1.0555560603364711e-07,1.0632474300997785e-07,7.121628720074824e-08
E2_A10,chease_mars,16640,libneo_Boozer,0.64175,4.434695430252827e-09,4.388346152518502e-09,5.717843420960378e-09,7.423162085018475e-10,3.786971207457632e-08,7.371618922926655e-08,5.2216281897560656e-09,6.0678611200951136e-09,1.878285925863178e-08,5.7979262718581456e-08,5.308907603558975e-09,6.320486175215877e-09,5.226581784247331e-09,6.049677294731087e-09,2.582153513230878e-08,2.5432975392369883e-08,1.587392162161194e-08
E2_A10,chease_mars,16640,libneo_Boozer,0.72625,3.0423782120055532e-09,3.0090356019001046e-09,5.3851804127091896e-09,7.423162085018475e-10,1.9408904687578164e-07,3.2534129119632524e-07,7.283023972436523e-09,6.9110978488580395e-09,5.083625039887321e-08,7.059565626175581e-08,7.815619938639982e-09,7.698737725898147e-09,7.2593183753477864e-09,6.812710575242175e-09,8.767293813161103e-08,8.795140715722738e-08,5.160237748214058e-08
E2_A10,chease_mars,16640,libneo_Boozer,0.81075,4.216576817175033e-09,4.201889645785912e-09,3.5923977126373074e-09,7.423162085018475e-10,5.7362196457866185e-08,8.218869177508558e-08,4.59199956671299e-09,5.4206396396643645e-09,8.52834559751878e-09,1.8748324536709547e-08,4.611786196278629e-09,5.457311682420761e-09,4.600320232945513e-09,5.437774273283765e-09,1.517810577222889e-08,1.4992739938435307e-08,8.325446443357976e-09
E2_A10,chease_mars,16640,libneo_Boozer,0.89525,4.809364706477224e-09,4.805302435010386e-09,4.920652774131895e-10,7.423162085018475e-10,1.517631152193112e-07,2.9344575662281785e-07,6.041511639532285e-09,6.831974849687165e-09,1.6282174029293456e-08,4.217230672135453e-08,6.114318037317736e-09,7.19407209940968e-09,6.035754794177033e-09,6.901092909263999e-09,3.015729210797957e-08,3.036272677725549e-08,1.604495880602741e-08
E2_A10,chease_mars,16640,libneo_Boozer,0.97975,5.878496720727356e-09,5.776777022915908e-09,5.412039483232434e-09,7.423162085018475e-10,1.9683610571660847e-06,2.9789061096256893e-06,8.197163534057115e-09,8.378657953633021e-09,6.719757875535953e-08,2.7339038988722204e-07,9.269938851598339e-09,1.831629517911833e-08,8.146249965245187e-09,8.468579333552571e-09,5.9234063543023296e-08,6.029172539001593e-08,3.0455804433948686e-08
E2_A10,chease_mars,16640,NEO_RT,0.05,,4.033342926576754e-09,2.1715826914459058e-09,,,,,,,,,,,,,,
E2_A10,chease_mars,16640,NEO_RT,0.13454545454545455,,5.28103805407685e-09,8.75890471263574e-10,,,,,,,,,,,,,,
E2_A10,chease_mars,16640,NEO_RT,0.21909090909090911,,1.0899185356250285e-09,2.098554885421322e-09,,,,,,,,,,,,,,
E2_A10,chease_mars,16640,NEO_RT,0.30363636363636365,,3.269285115795815e-09,4.2409140643684395e-09,,,,,,,,,,,,,,
E2_A10,chease_mars,16640,NEO_RT,0.3881818181818182,,5.075877883693018e-09,5.292151716851379e-09,,,,,,,,,,,,,,
E2_A10,chease_mars,16640,NEO_RT,0.4727272727272728,,4.935577198317201e-09,3.870631148927828e-09,,,,,,,,,,,,,,
E2_A10,chease_mars,16640,NEO_RT,0.5572727272727274,,6.200791936713759e-09,5.3374256125948705e-09,,,,,,,,,,,,,,
E2_A10,chease_mars,16640,NEO_RT,0.641818181818182,,3.100850064283017e-09,6.082720327427182e-09,,,,,,,,,,,,,,
E2_A10,chease_mars,16640,NEO_RT,0.7263636363636364,,2.7673164746521023e-09,5.640709899168428e-09,,,,,,,,,,,,,,
E2_A10,chease_mars,16640,NEO_RT,0.810909090909091,,1.5610306950580201e-09,9.903224906793184e-10,,,,,,,,,,,,,,
E2_A10,chease_mars,16640,NEO_RT,0.8954545454545456,,2.78943800342306e-09,4.326434988044525e-09,,,,,,,,,,,,,,
E2_A10,chease_mars,16640,NEO_RT,0.9800000000000001,,9.390103946418024e-09,4.488789340229005e-09,,,,,,,,,,,,,,
E2_A10,chease_mars,16640,NEO_2,0.05,,4.033376492318634e-09,2.1715809150890664e-09,,,,,,,,,,,,,,
E2_A10,chease_mars,16640,NEO_2,0.13454545454545455,,5.281069926791389e-09,8.758977987355365e-10,,,,,,,,,,,,,,
E2_A10,chease_mars,16640,NEO_2,0.21909090909090911,,1.0898903333407276e-09,2.0985574389342787e-09,,,,,,,,,,,,,,
E2_A10,chease_mars,16640,NEO_2,0.30363636363636365,,3.269269871076644e-09,4.240910289610156e-09,,,,,,,,,,,,,,
E2_A10,chease_mars,16640,NEO_2,0.3881818181818182,,5.075870589028494e-09,5.292160487613273e-09,,,,,,,,,,,,,,
E2_A10,chease_mars,16640,NEO_2,0.4727272727272728,,4.935575898369773e-09,3.870632925284667e-09,,,,,,,,,,,,,,
E2_A10,chease_mars,16640,NEO_2,0.5572727272727274,,6.200788414272184e-09,5.337430941665389e-09,,,,,,,,,,,,,,
E2_A10,chease_mars,16640,NEO_2,0.641818181818182,,3.1008615153770804e-09,6.082723102984744e-09,,,,,,,,,,,,,,
E2_A10,chease_mars,16640,NEO_2,0.7263636363636364,,2.7673213628402352e-09,5.640715672328156e-09,,,,,,,,,,,,,,
E2_A10,chease_mars,16640,NEO_2,0.810909090909091,,1.561031849321112e-09,9.903275977052317e-10,,,,,,,,,,,,,,
E2_A10,chease_mars,16640,NEO_2,0.8954545454545456,,2.789427254581776e-09,4.326431879420056e-09,,,,,,,,,,,,,,
E2_A10,chease_mars,16640,NEO_2,0.9800000000000001,,9.39010685195326e-09,4.4887871197829554e-09,,,,,,,,,,,,,,
E2_A10,chease_mars,66048,libneo_Boozer,0.05025,5.075392474255949e-09,5.061863205790497e-09,5.598527863526215e-09,5.633693511697402e-10,1.9098040769363354e-08,2.7825303078283023e-08,6.430316900333572e-10,1.1237405878522334e-09,2.442072654075023e-07,3.2898469150903355e-07,3.760111204605324e-09,4.935882815966712e-09,6.742423666572785e-10,1.1672205871411064e-09,2.5829186733883347e-08,2.5330883286767136e-08,5.6500494699518455e-08
E2_A10,chease_mars,66048,libneo_Boozer,0.13475,4.8929859350289425e-09,4.8742569416120175e-09,3.4995377706792397e-09,5.633693511697402e-10,8.144003533980802e-09,1.261838093204128e-08,3.535877198131272e-09,3.5618479594262908e-09,3.8547007935575664e-08,6.953881791450996e-08,3.6614902634057895e-09,3.759413448531201e-09,3.539943808601449e-09,3.5546798266896003e-09,1.1412983641490015e-08,1.1524228793469149e-08,1.5697030342209928e-08
E2_A10,chease_mars,66048,libneo_Boozer,0.21925,5.077474788716394e-10,3.6984004877443116e-10,4.079740878459859e-09,5.633693511697402e-10,2.9129929308275938e-08,4.2774714358831233e-08,3.365339115420133e-09,4.0385779790751505e-09,7.394551576692508e-08,1.1287228813378754e-07,4.091729402088084e-09,4.946357266798008e-09,3.362230385527655e-09,4.099127589584492e-09,3.279263222077944e-08,3.2047954234837306e-08,3.422161487520725e-08
E2_A10,chease_mars,66048,libneo_Boozer,0.30375,4.160140058787592e-09,4.132870261565103e-09,5.378675504985608e-09,5.633693511697402e-10,8.498966184067048e-08,1.358496330926876e-07,1.1510548652449939e-08,1.1277355059497778e-08,1.366371841782908e-07,1.7480631882848337e-07,1.2563467061513387e-08,1.2792290308257489e-08,1.1470660820998183e-08,1.1046291336780206e-08,9.447989057775885e-08,9.428852476567329e-08,8.554029340412939e-08
E2_A10,chease_mars,66048,libneo_Boozer,0.38825,3.996833594319852e-09,3.984870353361137e-09,6.08934047630072e-09,5.633693511697402e-10,2.303930315351767e-08,3.557150956735285e-08,2.3911309143093458e-09,2.735084489098555e-09,3.088305945483574e-08,6.357994885312535e-08,2.713857449417866e-09,3.277394921579524e-09,2.3908066284024893e-09,2.7434564619792198e-09,2.1974071673369622e-08,2.247058727977702e-08,1.8031369064530622e-08
E2_A10,chease_mars,66048,libneo_Boozer,0.47275,4.993668695434196e-09,4.988133913167019e-09,3.851741148253041e-09,5.633693511697402e-10,6.160295973602922e-08,8.859889092975585e-08,1.858278333320485e-09,3.1266680604928085e-09,5.050719761116707e-08,9.809454761253357e-08,2.968660638319579e-09,4.971833842703297e-09,1.9170977567631656e-09,3.3014526658937515e-09,4.662741970307138e-08,4.7190579555156376e-08,3.431701911527085e-08
E2_A10,chease_mars,66048,libneo_Boozer,0.55725,6.001797250973179e-09,5.985322183823355e-09,5.559791960152438e-09,5.633693511697402e-10,1.5321555575686117e-07,2.435908015145103e-07,4.093407321459867e-10,5.154604036386066e-10,8.543648123322125e-08,1.080338644189871e-07,4.2621197498895165e-09,5.129324019278037e-09,4.297092908749481e-10,5.881004056851954e-10,1.0702044095367569e-07,1.0783955206594698e-07,7.223090603414306e-08
E2_A10,chease_mars,66048,libneo_Boozer,0.64175,4.432973538048574e-09,4.3874758569747705e-09,5.717843420960378e-09,5.633693511697402e-10,3.765944279270297e-08,6.86359269988282e-08,5.2205093876701045e-09,5.928363891494359e-09,1.5761624266289713e-08,3.1836998208436725e-08,5.279979316615376e-09,5.9262408554067985e-09,5.2254304818032354e-09,5.913482352969282e-09,2.408759225414059e-08,2.3673464966122992e-08,1.4775728085503204e-08
E2_A10,chease_mars,66048,libneo_Boozer,0.72625,3.030164988143466e-09,3.002846726285117e-09,5.3851804127091896e-09,5.633693511697402e-10,1.9079706283526003e-07,3.249509441446796e-07,7.284182858039339e-09,6.968199753501768e-09,5.084508763663988e-08,7.198549709913866e-08,7.81687902998431e-09,7.81620449447605e-09,7.261042448906541e-09,6.8655799124703244e-09,8.761693404135684e-08,8.786358585144427e-08,5.1550851365433914e-08
E2_A10,chease_mars,66048,libneo_Boozer,0.81075,4.2159191757949625e-09,4.201559139317792e-09,3.5923977126373074e-09,5.633693511697402e-10,5.726771822319219e-08,8.119519675247419e-08,4.5919528630905895e-09,5.407548158663089e-09,8.390263868928031e-09,1.8239612570820286e-08,4.610846658612245e-09,5.485115473919777e-09,4.600287238518946e-09,5.440202895543614e-09,1.5026985877852894e-08,1.4839119044651738e-08,8.24014101397097e-09
E2_A10,chease_mars,66048,libneo_Boozer,0.89525,4.8083629036259154e-09,4.8047989523452815e-09,4.920652774131895e-10,5.633693511697402e-10,1.51713616802218e-07,2.9349998056194723e-07,6.0414457720034484e-09,6.8293140035531695e-09,1.6117892757329324e-08,4.182551608673363e-08,6.1125678929343864e-09,7.185721472166979e-09,6.03569404392244e-09,6.897926400167707e-09,3.0181739996137935e-08,3.037949747319857e-08,1.605382116132148e-08
E2_A10,chease_mars,66048,libneo_Boozer,0.97975,5.873816710310896e-09,5.774373398581861e-09,5.412039483232434e-09,5.633693511697402e-10,2.016864561139935e-06,3.133187638224268e-06,8.19675288820047e-09,8.575609078143492e-09,6.723506517405678e-08,2.723973332861656e-07,9.270722233044181e-09,1.8203878590064826e-08,8.145591870222234e-09,8.649438851088893e-09,6.230634108650435e-08,6.341840863566262e-08,3.203521936612219e-08
E2_A10,chease_mars,66048,NEO_RT,0.05,,4.041397793315474e-09,2.181270053469575e-09,,,,,,,,,,,,,,
E2_A10,chease_mars,66048,NEO_RT,0.13454545454545455,,5.2821504980843595e-09,8.75890471263574e-10,,,,,,,,,,,,,,
E2_A10,chease_mars,66048,NEO_RT,0.21909090909090911,,1.0796172758638808e-09,2.0735627659362876e-09,,,,,,,,,,,,,,
E2_A10,chease_mars,66048,NEO_RT,0.30363636363636365,,3.2695109487753613e-09,4.258474239904331e-09,,,,,,,,,,,,,,
E2_A10,chease_mars,66048,NEO_RT,0.3881818181818182,,5.077242127394032e-09,5.633129185333985e-09,,,,,,,,,,,,,,
E2_A10,chease_mars,66048,NEO_RT,0.4727272727272728,,4.939138023338642e-09,3.870844311748556e-09,,,,,,,,,,,,,,
E2_A10,chease_mars,66048,NEO_RT,0.5572727272727274,,6.200129963792104e-09,5.3374256125948705e-09,,,,,,,,,,,,,,
E2_A10,chease_mars,66048,NEO_RT,0.641818181818182,,3.0995110089841642e-09,6.082686243580326e-09,,,,,,,,,,,,,,
E2_A10,chease_mars,66048,NEO_RT,0.7263636363636364,,2.7612058229081005e-09,5.640709899168428e-09,,,,,,,,,,,,,,
E2_A10,chease_mars,66048,NEO_RT,0.810909090909091,,1.559705720461961e-09,9.903224906793184e-10,,,,,,,,,,,,,,
E2_A10,chease_mars,66048,NEO_RT,0.8954545454545456,,2.7885747147523306e-09,4.326434988044525e-09,,,,,,,,,,,,,,
E2_A10,chease_mars,66048,NEO_RT,0.9800000000000001,,9.388578448202978e-09,4.488789340229005e-09,,,,,,,,,,,,,,
E2_A10,chease_mars,66048,NEO_2,0.05,,4.0414314883359665e-09,2.181264058265242e-09,,,,,,,,,,,,,,
E2_A10,chease_mars,66048,NEO_2,0.13454545454545455,,5.282181647817336e-09,8.758942460218577e-10,,,,,,,,,,,,,,
E2_A10,chease_mars,66048,NEO_2,0.21909090909090911,,1.0795894883440003e-09,2.0735639871816147e-09,,,,,,,,,,,,,,
E2_A10,chease_mars,66048,NEO_2,0.30363636363636365,,3.26949458434996e-09,4.258468244699998e-09,,,,,,,,,,,,,,
E2_A10,chease_mars,66048,NEO_2,0.3881818181818182,,5.077237849977082e-09,5.633131405780034e-09,,,,,,,,,,,,,,
E2_A10,chease_mars,66048,NEO_2,0.4727272727272728,,4.939141568419145e-09,3.870842979480926e-09,,,,,,,,,,,,,,
E2_A10,chease_mars,66048,NEO_2,0.5572727272727274,,6.200128585481833e-09,5.337430941665389e-09,,,,,,,,,,,,,,
E2_A10,chease_mars,66048,NEO_2,0.641818181818182,,3.0995224257115937e-09,6.0826901293609126e-09,,,,,,,,,,,,,,
E2_A10,chease_mars,66048,NEO_2,0.7263636363636364,,2.7612173059146723e-09,5.6407176707296e-09,,,,,,,,,,,,,,
E2_A10,chease_mars,66048,NEO_2,0.810909090909091,,1.5597073248185184e-09,9.903253772591825e-10,,,,,,,,,,,,,,
E2_A10,chease_mars,66048,NEO_2,0.8954545454545456,,2.7885577025526664e-09,4.326430547152427e-09,,,,,,,,,,,,,,
E2_A10,chease_mars,66048,NEO_2,0.9800000000000001,,9.388581337874818e-09,4.4887871197829554e-09,,,,,,,,,,,,,,
E1_A40,kin6d,595,libneo_Boozer,0.05025,6.689445540602689e-09,6.533895065353553e-09,2.044531433043062e-09,6.560050505033388e-07,1.5229876386798404e-06,1.5475973042000224e-06,7.680812580175928e-09,7.68109850880738e-09,2.7513394181573323e-07,4.876132546416204e-07,7.749205448716114e-09,7.847563519177221e-09,7.680774786219021e-09,7.68492006496364e-09,1.0031303920854384e-07,5.9355095546886893e-08,1.3239142337972964e-07
E1_A40,kin6d,595,libneo_Boozer,0.13475,6.074635218027399e-09,5.715254263105427e-09,1.5236027106624306e-08,6.560050505033388e-07,1.6706272571297945e-06,1.7602608714314256e-06,8.109701741457932e-09,8.138730105765577e-09,3.0920940635300126e-07,5.26555961281635e-07,8.327170232712754e-09,8.670266153974158e-09,8.109102805273428e-09,8.146795605573463e-09,2.7539046298930003e-07,1.6785587339529506e-07,2.2863463688960195e-07
E1_A40,kin6d,595,libneo_Boozer,0.21925,5.5889034655702674e-09,4.896583266509511e-09,1.0210495338114356e-08,6.560050505033388e-07,1.8614810560252424e-06,2.144277260197313e-06,1.0313987069531993e-08,1.033054777730569e-08,5.27199904630871e-07,6.368250907654027e-07,1.1103614297067303e-08,1.1417643577518161e-08,1.031446558852316e-08,1.036480373011939e-08,5.483042933573934e-07,3.745839720348254e-07,3.9999006867796894e-07
E1_A40,kin6d,595,libneo_Boozer,0.30375,9.918839673581788e-09,9.357167232880502e-09,1.8359867848261047e-08,6.560050505033388e-07,2.1045589280263e-06,2.5604045513875156e-06,1.6685124138404092e-09,1.7676646582146104e-09,5.414246757195031e-07,7.271882432583911e-07,5.244405701592929e-09,6.854632173602197e-09,1.6725621026961711e-09,1.8074344536740199e-09,7.786717047819636e-07,5.372011377402508e-07,4.873585536246949e-07
E1_A40,kin6d,595,libneo_Boozer,0.38825,4.8127136350978106e-09,3.420557466294964e-09,6.57731344944068e-08,6.560050505033388e-07,2.3793734189338178e-06,2.791647649430327e-06,4.431377424998762e-09,4.385166107152929e-09,4.4513384935287774e-07,7.840135970866784e-07,6.402494559826424e-09,9.201815564942156e-09,4.438023211368784e-09,4.4325714648430015e-09,8.256149462426698e-07,5.167092839708509e-07,4.14629685585588e-07
E1_A40,kin6d,595,libneo_Boozer,0.47275,6.932509005352477e-09,5.078035300900029e-09,3.214571597798255e-08,6.560050505033388e-07,2.779991805617181e-06,3.1567495911539506e-06,5.252685399571422e-09,5.268924181239556e-09,6.76597005348004e-07,2.367479467926595e-06,9.36304805127829e-09,2.750675073475125e-08,5.256551306945289e-09,5.304837400964408e-09,9.04052017525192e-07,5.34467072821343e-07,3.886646725570486e-07
E1_A40,kin6d,595,libneo_Boozer,0.55725,2.1273309530722463e-08,1.5090973537135614e-08,4.809651664716696e-07,6.560050505033388e-07,3.281245923705466e-06,4.125283466886097e-06,7.017036746350827e-10,8.919460915951068e-10,3.0532399524461262e-06,1.4797675447860476e-05,3.7981498652537865e-08,1.832058839845473e-07,8.992810439466589e-10,2.9945171931497944e-09,1.1879377945778202e-06,7.590449015992817e-07,5.084078942285686e-07
E1_A40,kin6d,595,libneo_Boozer,0.64175,4.399042591059256e-08,3.20944123811706e-08,1.7123774463945196e-06,6.560050505033388e-07,3.875760229426214e-06,4.9676338979789474e-06,6.815082837624992e-09,7.270632486020152e-09,6.1121835824814955e-06,1.8865895648679347e-05,8.186449181691384e-08,2.506599633136466e-07,7.1753739099104664e-09,1.020798432932525e-08,1.2629500475425104e-06,8.350151635694303e-07,5.211722536868635e-07
E1_A40,kin6d,595,libneo_Boozer,0.72625,7.508510755413866e-08,5.368191772278192e-08,4.541943789737601e-06,6.560050505033388e-07,4.607933220442107e-06,7.303100114723175e-06,1.4518111527566954e-08,1.5852054377931965e-08,8.600280887903456e-06,1.5631132289820506e-05,1.2297131241029709e-07,2.2125660063908497e-07,1.3669748625507635e-08,1.8314574796849913e-08,1.6043168512558381e-06,1.2091994089358238e-06,7.094547113117855e-07
E1_A40,kin6d,595,libneo_Boozer,0.81075,5.6521118421823895e-08,4.492629408563593e-08,6.4424204051505285e-06,6.560050505033388e-07,1.004211234048509e-05,1.4378114310357868e-05,8.43835721181593e-09,9.012320737110955e-09,1.20154458344219e-05,1.9660813597156238e-05,1.8044870722192478e-07,2.9341703154492104e-07,7.274350486106037e-09,1.255705854426462e-08,2.44788711378785e-06,1.3904069037229405e-06,7.720905820240986e-07
E1_A40,kin6d,595,libneo_Boozer,0.89525,4.5180379733545656e-08,3.470946567644552e-08,1.2293638588012357e-05,6.560050505033388e-07,1.955954142561131e-05,3.560912320249344e-05,5.506928004665395e-09,7.418162464050917e-09,2.4204594901463232e-05,3.6869157959468946e-05,3.815967839479422e-07,5.77840241832369e-07,8.859312322920341e-09,1.4968200183128483e-08,3.5786209491295295e-06,2.6579871107434982e-06,1.4045926378658535e-06
E1_A40,kin6d,595,libneo_Boozer,0.97975,5.620526172258517e-08,4.0963274184509546e-08,2.563534868782469e-05,6.560050505033388e-07,0.00012050616206232104,0.00023352942377075745,3.276435497355066e-09,8.190938614902429e-09,4.700465947138893e-05,7.9968691415951e-05,7.751510032968927e-07,1.310754093897867e-06,1.0795008734908873e-08,2.6211758101892914e-08,4.69974979777632e-06,4.357490679951503e-06,2.2011434780422334e-06
E1_A40,kin6d,595,NEO_RT,0.05,,6.770605725071089e-09,2.6693270926969603e-09,,,,,,,,,,,,,,
E1_A40,kin6d,595,NEO_RT,0.13454545454545455,,5.522182510505065e-09,1.2175451868934317e-08,,,,,,,,,,,,,,
E1_A40,kin6d,595,NEO_RT,0.21909090909090911,,4.762505350619141e-09,6.891301751466017e-09,,,,,,,,,,,,,,
E1_A40,kin6d,595,NEO_RT,0.30363636363636365,,1.0879947595772037e-08,2.0008348311506552e-08,,,,,,,,,,,,,,
E1_A40,kin6d,595,NEO_RT,0.3881818181818182,,3.4112368115636364e-09,6.599642032867337e-08,,,,,,,,,,,,,,
E1_A40,kin6d,595,NEO_RT,0.4727272727272728,,5.090254682542637e-09,3.210721266633243e-08,,,,,,,,,,,,,,
E1_A40,kin6d,595,NEO_RT,0.5572727272727274,,1.5101235677526775e-08,4.816267744622849e-07,,,,,,,,,,,,,,
E1_A40,kin6d,595,NEO_RT,0.641818181818182,,3.206819891447945e-08,1.7123687356956907e-06,,,,,,,,,,,,,,
E1_A40,kin6d,595,NEO_RT,0.7263636363636364,,5.3732617301991984e-08,4.557536832372477e-06,,,,,,,,,,,,,,
E1_A40,kin6d,595,NEO_RT,0.810909090909091,,4.509247570677548e-08,6.423698233559705e-06,,,,,,,,,,,,,,
E1_A40,kin6d,595,NEO_RT,0.8954545454545456,,3.445426655622146e-08,1.2328598257949075e-05,,,,,,,,,,,,,,
E1_A40,kin6d,595,NEO_RT,0.9800000000000001,,4.1646273492539904e-08,2.5894599659403994e-05,,,,,,,,,,,,,,
E1_A40,kin6d,595,NEO_2,0.05,,6.770573568961394e-09,2.6693235399832815e-09,,,,,,,,,,,,,,
E1_A40,kin6d,595,NEO_2,0.13454545454545455,,5.52218789110491e-09,1.217544476350696e-08,,,,,,,,,,,,,,
E1_A40,kin6d,595,NEO_2,0.21909090909090911,,4.762514020461833e-09,6.891315518231522e-09,,,,,,,,,,,,,,
E1_A40,kin6d,595,NEO_2,0.30363636363636365,,1.0879947508514797e-08,2.0008340317900775e-08,,,,,,,,,,,,,,
E1_A40,kin6d,595,NEO_2,0.3881818181818182,,3.411242902362621e-09,6.59964310978367e-08,,,,,,,,,,,,,,
E1_A40,kin6d,595,NEO_2,0.4727272727272728,,5.090251993781164e-09,3.2107212888377035e-08,,,,,,,,,,,,,,
E1_A40,kin6d,595,NEO_2,0.5572727272727274,,1.5101235004831614e-08,4.816267699103705e-07,,,,,,,,,,,,,,
E1_A40,kin6d,595,NEO_2,0.641818181818182,,3.2068199669621903e-08,1.7123687342524008e-06,,,,,,,,,,,,,,
E1_A40,kin6d,595,NEO_2,0.7263636363636364,,5.373262522596666e-08,4.557536829929987e-06,,,,,,,,,,,,,,
E1_A40,kin6d,595,NEO_2,0.810909090909091,,4.509247388711354e-08,6.423698240665132e-06,,,,,,,,,,,,,,
E1_A40,kin6d,595,NEO_2,0.8954545454545456,,3.445426603613505e-08,1.232859826061361e-05,,,,,,,,,,,,,,
E1_A40,kin6d,595,NEO_2,0.9800000000000001,,4.1646269393553455e-08,2.5894599665177154e-05,,,,,,,,,,,,,,
E1_A40,kin6d,2422,libneo_Boozer,0.05025,6.380787660919606e-09,6.3776671058535335e-09,2.044531433043062e-09,5.4701988716487904e-08,1.0480909761933034e-07,1.2812665268758863e-07,7.685862399781028e-09,7.683255955658074e-09,2.355293309990331e-07,2.686365628999551e-07,7.735994725601958e-09,7.746994881791642e-09,7.685807239007968e-09,7.679550435295567e-09,3.1109820337882343e-08,2.9019576582023365e-08,6.472811800439793e-08
E1_A40,kin6d,2422,libneo_Boozer,0.13475,5.338166897214108e-09,5.33491998550248e-09,2.3244994817872566e-10,5.4701988716487904e-08,1.275576025711067e-07,2.0254125425593647e-07,8.095624734972317e-09,8.023250053238994e-09,3.008832149877992e-07,3.2516274582445e-07,8.302024173818544e-09,8.2647434198932e-09,8.095517556591759e-09,8.033755080810153e-09,9.272760301270999e-08,8.723544026034702e-08,1.1882245043448592e-07
E1_A40,kin6d,2422,libneo_Boozer,0.21925,4.107965737761026e-09,4.09826873921485e-09,4.7934481939293505e-09,5.4701988716487904e-08,2.432961982185651e-07,4.180977100357989e-07,1.0292271195703489e-08,1.0191939833230267e-08,5.291877259791647e-07,5.455601158722301e-07,1.1089211312022364e-08,1.103933100000635e-08,1.0291599443826833e-08,1.0188065302629727e-08,2.5196129024851466e-07,2.4303567872085985e-07,2.5951957283165683e-07
E1_A40,kin6d,2422,libneo_Boozer,0.30375,8.772439542245522e-09,8.765940826793447e-09,3.3555578315969115e-09,5.4701988716487904e-08,3.471620241603869e-07,5.927816120707899e-07,1.6398771177660469e-09,1.7740183231169745e-09,5.179673615909276e-07,5.36989733737471e-07,5.031246941681619e-09,5.2245118134234724e-09,1.6432691831106176e-09,1.8186200261234108e-09,3.4630738432461783e-07,3.339133858859533e-07,3.0293229213995687e-07
E1_A40,kin6d,2422,libneo_Boozer,0.38825,6.458544820262099e-10,5.71220702254696e-10,5.754435372651301e-09,5.4701988716487904e-08,3.288874970541898e-07,5.684992413596713e-07,4.4737256748529545e-09,4.409654484495523e-09,3.193132304852439e-07,3.271526995364158e-07,5.5679356693091235e-09,5.557814611790305e-09,4.473895893573556e-09,4.443932983811816e-09,2.894203292025388e-07,2.7359213622402123e-07,2.1954209594721164e-07
E1_A40,kin6d,2422,libneo_Boozer,0.47275,1.9335527699095345e-09,1.903324037078873e-09,2.1356327817301235e-09,5.4701988716487904e-08,3.0614058395517773e-07,5.866767012602334e-07,5.3042151527585545e-09,5.562218886889227e-09,2.109917071056223e-07,2.68465315758945e-07,5.8286779401456455e-09,6.3472252035786955e-09,5.303199337032242e-09,5.52712361773302e-09,2.590235238519867e-07,2.397804457210384e-07,1.7436846477814072e-07
E1_A40,kin6d,2422,libneo_Boozer,0.55725,1.7695167815409684e-09,1.728320628348816e-09,7.923285361144394e-10,5.4701988716487904e-08,3.5036519861248765e-07,6.152176277537226e-07,8.810522799064369e-10,1.144560330412033e-09,1.3804045444498015e-07,1.6667890833144552e-07,1.9297293752724658e-09,2.359583513330707e-09,8.769938978597228e-10,1.1197529165174685e-09,2.3014379479935343e-07,2.0745462747662202e-07,1.3895303974109652e-07
E1_A40,kin6d,2422,libneo_Boozer,0.64175,7.75429788459891e-09,7.724588978185562e-09,1.722054610020507e-09,5.4701988716487904e-08,3.9400546166119706e-07,7.252458496292441e-07,9.97377207942249e-09,1.0000268985033818e-08,1.1969086097684716e-07,1.6084650739518361e-07,1.0100025930134396e-08,1.0129927464331986e-08,9.97391341437421e-09,1.0020030120650805e-08,2.2563194901348282e-07,1.9943385953791193e-07,1.2447608654930775e-07
E1_A40,kin6d,2422,libneo_Boozer,0.72625,7.748740363242185e-09,7.723736700557737e-09,1.006852223817134e-08,5.4701988716487904e-08,6.151113763318611e-07,9.295347253257205e-07,5.048056730748985e-09,5.627814642589968e-09,1.4888429863211972e-07,2.4908782339585545e-07,5.472337765186338e-09,6.1303872048796545e-09,5.052322871724138e-09,5.637344737992348e-09,2.2832863288968497e-07,1.9901801950883424e-07,1.1676677946770297e-07
E1_A40,kin6d,2422,libneo_Boozer,0.81075,9.329021303596655e-09,9.020003088925243e-09,2.955429484474692e-07,5.4701988716487904e-08,1.3983361111635856e-06,2.441335183835169e-06,1.2324702673806162e-08,1.2225899622053369e-08,6.199567476222258e-07,1.5543697449353146e-06,1.5438939608240357e-08,2.607306137929717e-08,1.2390674122895734e-08,1.252425659772775e-08,4.439224902119676e-07,4.234218966558956e-07,2.351255271593189e-07
E1_A40,kin6d,2422,libneo_Boozer,0.89525,1.649185950903039e-09,1.188566102009155e-09,6.421362244157791e-07,5.4701988716487904e-08,3.2224215163722654e-06,5.654747214196607e-06,5.835516416217571e-09,6.112810453039499e-09,8.873720637938971e-07,1.7890536026167107e-06,1.5156499113168165e-08,2.8534982174040493e-08,5.678726124586928e-09,6.217909298784447e-09,5.822713100567256e-07,5.142851895456602e-07,2.717701753640611e-07
E1_A40,kin6d,2422,libneo_Boozer,0.97975,6.1629477699449295e-09,5.54644468946709e-09,9.177668878201928e-07,5.4701988716487904e-08,1.8307344412472757e-05,2.6213862789896522e-05,1.2805886088079799e-08,1.4137464391174862e-08,1.2418190232119668e-06,2.4873755013481907e-06,2.4151979362051654e-08,4.2280641768119045e-08,1.256394597308723e-08,1.4370289399881667e-08,5.327006269428836e-07,5.364024906473475e-07,2.7095877075389296e-07
E1_A40,kin6d,2422,NEO_RT,0.05,,6.623496082263813e-09,7.938577573085581e-10,,,,,,,,,,,,,,
E1_A40,kin6d,2422,NEO_RT,0.13454545454545455,,5.117728351580804e-09,4.2459196158972645e-09,,,,,,,,,,,,,,
E1_A40,kin6d,2422,NEO_RT,0.21909090909090911,,3.9162595422611945e-09,2.211458460799065e-09,,,,,,,,,,,,,,
E1_A40,kin6d,2422,NEO_RT,0.30363636363636365,,1.0378061197580814e-08,2.7298026061828295e-09,,,,,,,,,,,,,,
E1_A40,kin6d,2422,NEO_RT,0.3881818181818182,,5.073870485887683e-10,4.899868732977097e-09,,,,,,,,,,,,,,
E1_A40,kin6d,2422,NEO_RT,0.4727272727272728,,1.9333163297226415e-09,2.0384967047704095e-09,,,,,,,,,,,,,,
E1_A40,kin6d,2422,NEO_RT,0.5572727272727274,,1.7595777625079268e-09,8.074507729105562e-10,,,,,,,,,,,,,,
E1_A40,kin6d,2422,NEO_RT,0.641818181818182,,7.719483407605384e-09,2.240390206686982e-09,,,,,,,,,,,,,,
E1_A40,kin6d,2422,NEO_RT,0.7263636363636364,,7.653322940424417e-09,8.87040418895424e-09,,,,,,,,,,,,,,
E1_A40,kin6d,2422,NEO_RT,0.810909090909091,,8.927104200030089e-09,2.9808638868367154e-07,,,,,,,,,,,,,,
E1_A40,kin6d,2422,NEO_RT,0.8954545454545456,,1.1616050985831384e-09,6.336499875914114e-07,,,,,,,,,,,,,,
E1_A40,kin6d,2422,NEO_RT,0.9800000000000001,,5.050566511980522e-09,9.879561164716222e-07,,,,,,,,,,,,,,
E1_A40,kin6d,2422,NEO_2,0.05,,6.623495145397273e-09,7.938598667323049e-10,,,,,,,,,,,,,,
E1_A40,kin6d,2422,NEO_2,0.13454545454545455,,5.1177337595832235e-09,4.245914397849049e-09,,,,,,,,,,,,,,
E1_A40,kin6d,2422,NEO_2,0.21909090909090911,,3.916258775646552e-09,2.211466121337935e-09,,,,,,,,,,,,,,
E1_A40,kin6d,2422,NEO_2,0.30363636363636365,,1.0378063373725972e-08,2.7298006077813852e-09,,,,,,,,,,,,,,
E1_A40,kin6d,2422,NEO_2,0.3881818181818182,,5.07373046172765e-10,4.899885053255559e-09,,,,,,,,,,,,,,
E1_A40,kin6d,2422,NEO_2,0.4727272727272728,,1.9333131936182722e-09,2.038492707967521e-09,,,,,,,,,,,,,,
E1_A40,kin6d,2422,NEO_2,0.5572727272727274,,1.7595715313220827e-09,8.074464430407602e-10,,,,,,,,,,,,,,
E1_A40,kin6d,2422,NEO_2,0.641818181818182,,7.719484302831252e-09,2.240389984642377e-09,,,,,,,,,,,,,,
E1_A40,kin6d,2422,NEO_2,0.7263636363636364,,7.65332057027236e-09,8.870399526017536e-09,,,,,,,,,,,,,,
E1_A40,kin6d,2422,NEO_2,0.810909090909091,,8.927101101741206e-09,2.9808638901673845e-07,,,,,,,,,,,,,,
E1_A40,kin6d,2422,NEO_2,0.8954545454545456,,1.1616052451706245e-09,6.336499820402963e-07,,,,,,,,,,,,,,
E1_A40,kin6d,2422,NEO_2,0.9800000000000001,,5.05057378992282e-09,9.879561164716222e-07,,,,,,,,,,,,,,
E1_A40,kin6d,9946,libneo_Boozer,0.05025,6.379835528732987e-09,6.377190815918609e-09,2.044531433043062e-09,2.1981485520683464e-09,1.9660264880244107e-08,3.382404582581941e-08,7.68632984985031e-09,7.762652530276886e-09,2.3491679462074416e-07,2.558755871457366e-07,7.73619929839909e-09,7.81535349361478e-09,7.68630937155178e-09,7.765926041931351e-09,2.6047240843374286e-08,2.59442697117529e-08,5.786865195367419e-08
E1_A40,kin6d,9946,libneo_Boozer,0.13475,5.331714734754096e-09,5.331692786357999e-09,2.3244994817872566e-10,2.1981485520683464e-09,6.703757189078215e-08,1.0243231115454662e-07,8.09470229004319e-09,8.050560077907894e-09,3.011238208564124e-07,3.199836748380257e-07,8.301451084224795e-09,8.279276711691817e-09,8.094613972985802e-09,8.061620900622461e-09,8.309166160680448e-08,8.265378331762108e-08,1.1258182597284616e-07
E1_A40,kin6d,9946,libneo_Boozer,0.21925,4.088314768377745e-09,4.0884310848551204e-09,4.7934481939293505e-09,2.1981485520683464e-09,2.1048044900681793e-07,3.024366824657803e-07,1.0289878413324736e-08,1.0207925065793202e-08,5.296656641170715e-07,5.369359613124662e-07,1.1088379755026395e-08,1.1002360197976335e-08,1.028929219518563e-08,1.0239121509760302e-08,2.3355572778549494e-07,2.343219793754514e-07,2.502150029948247e-07
E1_A40,kin6d,9946,libneo_Boozer,0.30375,8.759150255778912e-09,8.759293134288235e-09,3.3555578315969115e-09,2.1981485520683464e-09,3.1840775235582266e-07,4.6549294387622546e-07,1.6346992411317724e-09,1.7193240521636915e-09,5.174353517960511e-07,5.359541751036733e-07,5.0249416908076344e-09,5.197592106962555e-09,1.6373715654510121e-09,1.7643651110203547e-09,3.19630638789814e-07,3.184848232362647e-07,2.889352234136666e-07
E1_A40,kin6d,9946,libneo_Boozer,0.38825,4.864974452341221e-10,4.858579438022286e-10,5.754435372651301e-09,2.1981485520683464e-09,2.8485552805755166e-07,4.1305076615415193e-07,4.477774878279357e-09,4.519472631510046e-09,3.186338300726567e-07,3.275950144829507e-07,5.566994989324002e-09,5.646970346455359e-09,4.478356770360328e-09,4.553525390544676e-09,2.487556852170947e-07,2.472724646707114e-07,1.98422063002468e-07
E1_A40,kin6d,9946,libneo_Boozer,0.47275,1.874612817163959e-09,1.8736059585228352e-09,2.1356327817301235e-09,2.1981485520683464e-09,2.5606293756092834e-07,4.2091398880750794e-07,5.3458871867771465e-09,6.098947849665236e-09,2.013447833151079e-07,2.332140687809928e-07,5.82195802095765e-09,6.6418853649981625e-09,5.347910422139293e-09,6.126284445985196e-09,2.2528521081977004e-07,2.2713582947808675e-07,1.6517333389920452e-07
E1_A40,kin6d,9946,libneo_Boozer,0.55725,1.6862534747962066e-09,1.686178469566742e-09,7.923285361144394e-10,2.1981485520683464e-09,2.508935911994348e-07,4.2638133858080813e-07,1.0044712306537503e-09,1.5697137686662134e-09,1.54908785075975e-07,2.1131104321705013e-07,2.1727769097377677e-09,3.0258311293673764e-09,1.0119416183662686e-09,1.6013261010160384e-09,1.915979241928767e-07,1.937783713490404e-07,1.2979271146740246e-07
E1_A40,kin6d,9946,libneo_Boozer,0.64175,7.74938327210562e-09,7.722122132303701e-09,1.722054610020507e-09,2.1981485520683464e-09,3.1057651255295583e-07,5.65067815017471e-07,1.0060081731850462e-08,1.1409564392354387e-08,1.1739557818512894e-07,1.4003921847857128e-07,1.0180490490823427e-08,1.1559176940366648e-08,1.0058289777884795e-08,1.138258001847435e-08,2.001247885186075e-07,1.9759848235434418e-07,1.2333054111302033e-07
E1_A40,kin6d,9946,libneo_Boozer,0.72625,7.724749146049538e-09,7.71170876646825e-09,4.937619202394217e-09,2.1981485520683464e-09,4.7420774186901194e-07,7.007260466275816e-07,5.0585852847052495e-09,5.573578161838235e-09,1.2687654443351947e-07,1.44655743741969e-07,5.369300743722152e-09,5.934082034871899e-09,5.059828978192155e-09,5.601439347229949e-09,1.900523547426758e-07,1.871672360431731e-07,1.0981375209162536e-07
E1_A40,kin6d,9946,libneo_Boozer,0.81075,8.70915520497242e-09,8.704504542509932e-09,4.587117352627956e-09,2.1981485520683464e-09,1.0114640687671756e-06,1.7044927457349133e-06,1.2384352673773872e-08,1.2266248889490899e-08,1.7188278697559738e-07,2.0768933356734406e-07,1.2648575067272225e-08,1.2649738416109993e-08,1.2382278900912192e-08,1.2217452850618791e-08,3.213270642898891e-07,3.180917604872491e-07,1.7663587048577511e-07
E1_A40,kin6d,9946,libneo_Boozer,0.89525,9.98385542870968e-10,7.422306416105846e-10,4.8180397449471e-08,2.1981485520683464e-09,2.775970700041483e-06,4.451352432216414e-06,5.764261126104089e-09,6.9335452346694366e-09,2.3458274848291078e-07,3.0266493912612734e-07,6.847851370005333e-09,7.853981527591519e-09,5.767726153309373e-09,6.885573873683621e-09,4.6555026889105733e-07,4.6241254414436384e-07,2.443584661282472e-07
E1_A40,kin6d,9946,libneo_Boozer,0.97975,4.876129811876527e-09,4.864121710012412e-09,1.4774802481465343e-07,2.1981485520683464e-09,2.170877405729615e-05,3.266379192665718e-05,1.2485383809764737e-08,1.2580299589801902e-08,3.548256752138785e-07,4.977947364409606e-07,1.378697820957307e-08,1.447059270755007e-08,1.2522008951825695e-08,1.2508467217965213e-08,6.612374099379537e-07,6.583291493056365e-07,3.3254879650002067e-07
E1_A40,kin6d,9946,NEO_RT,0.05,,6.623276520991321e-09,9.310107129678613e-10,,,,,,,,,,,,,,
E1_A40,kin6d,9946,NEO_RT,0.13454545454545455,,5.1132833585312755e-09,4.3646948277853426e-09,,,,,,,,,,,,,,
E1_A40,kin6d,9946,NEO_RT,0.21909090909090911,,3.907650046017397e-09,2.2078682215820322e-09,,,,,,,,,,,,,,
E1_A40,kin6d,9946,NEO_RT,0.30363636363636365,,1.037259737280628e-08,3.6497806998880833e-09,,,,,,,,,,,,,,
E1_A40,kin6d,9946,NEO_RT,0.3881818181818182,,3.9869226777032466e-10,4.766480987683508e-09,,,,,,,,,,,,,,
E1_A40,kin6d,9946,NEO_RT,0.4727272727272728,,1.9041100210882116e-09,2.628034789786682e-09,,,,,,,,,,,,,,
E1_A40,kin6d,9946,NEO_RT,0.5572727272727274,,1.7183895854298785e-09,3.01511482447836e-10,,,,,,,,,,,,,,
E1_A40,kin6d,9946,NEO_RT,0.641818181818182,,7.703484411605162e-09,2.6736379776792774e-10,,,,,,,,,,,,,,
E1_A40,kin6d,9946,NEO_RT,0.7263636363636364,,7.64156844839902e-09,5.22755905230099e-09,,,,,,,,,,,,,,
E1_A40,kin6d,9946,NEO_RT,0.810909090909091,,1.0429176202185415e-08,1.970853036326048e-09,,,,,,,,,,,,,,
E1_A40,kin6d,9946,NEO_RT,0.8954545454545456,,7.943446545398097e-10,4.79769066696889e-08,,,,,,,,,,,,,,
E1_A40,kin6d,9946,NEO_RT,0.9800000000000001,,4.424381139939922e-09,1.37040234715613e-07,,,,,,,,,,,,,,
E1_A40,kin6d,9946,NEO_2,0.05,,6.6232787417116655e-09,9.310009430052446e-10,,,,,,,,,,,,,,
E1_A40,kin6d,9946,NEO_2,0.13454545454545455,,5.113284398450434e-09,4.3647019332127e-09,,,,,,,,,,,,,,
E1_A40,kin6d,9946,NEO_2,0.21909090909090911,,3.907652571027033e-09,2.207868887715847e-09,,,,,,,,,,,,,,
E1_A40,kin6d,9946,NEO_2,0.30363636363636365,,1.0372601667619459e-08,3.6497793676204537e-09,,,,,,,,,,,,,,
E1_A40,kin6d,9946,NEO_2,0.3881818181818182,,3.9867906363848303e-10,4.766490646623822e-09,,,,,,,,,,,,,,
E1_A40,kin6d,9946,NEO_2,0.4727272727272728,,1.904101800127448e-09,2.628032680362935e-09,,,,,,,,,,,,,,
E1_A40,kin6d,9946,NEO_2,0.5572727272727274,,1.7183808870830318e-09,3.01511482447836e-10,,,,,,,,,,,,,,
E1_A40,kin6d,9946,NEO_2,0.641818181818182,,7.70349168481753e-09,2.673695709276558e-10,,,,,,,,,,,,,,
E1_A40,kin6d,9946,NEO_2,0.7263636363636364,,7.64156660330575e-09,5.227563715237693e-09,,,,,,,,,,,,,,
E1_A40,kin6d,9946,NEO_2,0.810909090909091,,1.0429182963319381e-08,1.970855922905912e-09,,,,,,,,,,,,,,
E1_A40,kin6d,9946,NEO_2,0.8954545454545456,,7.943833547381561e-10,4.797690567048818e-08,,,,,,,,,,,,,,
E1_A40,kin6d,9946,NEO_2,0.9800000000000001,,4.424379166012578e-09,1.3704023305027846e-07,,,,,,,,,,,,,,
E1_A40,kin6d,40636,libneo_Boozer,0.05025,6.379834155026006e-09,6.377190130476185e-09,2.044531433043062e-09,1.875553046204459e-10,1.788498056107009e-08,2.8341763059198435e-08,7.686330358893272e-09,7.76282647138957e-09,2.355707599018029e-07,2.7440222219247806e-07,7.736477241288995e-09,7.811286871426833e-09,7.686309443078737e-09,7.765855566426564e-09,2.6510733767970418e-08,2.6385109333504353e-08,5.885194390153892e-08
E1_A40,kin6d,40636,libneo_Boozer,0.13475,5.331717015768742e-09,5.3316939263368014e-09,2.3244994817872566e-10,1.875553046204459e-10,6.657307806867138e-08,9.608543911487525e-08,8.094702409963288e-09,8.05017758087693e-09,3.011091399505695e-07,3.217747393218957e-07,8.301431278712009e-09,8.278106485550879e-09,8.094614007503618e-09,8.061153080931352e-09,8.276584034794254e-08,8.260149830796593e-08,1.125106091071082e-07
E1_A40,kin6d,40636,libneo_Boozer,0.21925,4.0883167220480236e-09,4.088432060580193e-09,4.7934481939293505e-09,1.875553046204459e-10,2.1030496237151879e-07,2.987431319665872e-07,1.0289878267002365e-08,1.0208028892810719e-08,5.296784887918793e-07,5.392566266060085e-07,1.108841690929407e-08,1.1017573781434156e-08,1.028929216109543e-08,1.0239013380478939e-08,2.3357067482909777e-07,2.337206777280887e-07,2.4957291755445254e-07
E1_A40,kin6d,40636,libneo_Boozer,0.30375,8.759136810523327e-09,8.759286417928799e-09,3.3555578315969115e-09,1.875553046204459e-10,3.198257641367404e-07,4.6005543490535017e-07,1.634716702707284e-09,1.7205277257848244e-09,5.174447424032063e-07,5.359541547779414e-07,5.025028915053183e-09,5.196059972719724e-09,1.6373871391626436e-09,1.7640600742642694e-09,3.200015789572852e-07,3.197996046866436e-07,2.901280167222353e-07
E1_A40,kin6d,40636,libneo_Boozer,0.38825,4.860494370183562e-10,4.856337533636788e-10,5.754435372651301e-09,1.875553046204459e-10,2.863478031977176e-07,4.065919890097879e-07,4.477780945100217e-09,4.518904047932807e-09,3.1863716933173876e-07,3.2494763903371114e-07,5.567020469235372e-09,5.623952240242959e-09,4.478359932914851e-09,4.552283051388131e-09,2.4845687651708914e-07,2.4824404659673505e-07,1.9920170191145559e-07
E1_A40,kin6d,40636,libneo_Boozer,0.47275,1.8748425443079854e-09,1.873720903171547e-09,2.1356327817301235e-09,1.875553046204459e-10,2.588636760992734e-07,4.315551202970172e-07,5.333591741102883e-09,5.924744344959628e-09,2.0123894159145096e-07,2.3712744694700558e-07,5.8101902996376435e-09,6.51271037142038e-09,5.3351521296965044e-09,5.954831600260067e-09,2.277477401668726e-07,2.2795635334915687e-07,1.6577001960005333e-07
E1_A40,kin6d,40636,libneo_Boozer,0.55725,1.6862254354956513e-09,1.6861644455894635e-09,7.923285361144394e-10,1.875553046204459e-10,2.5068291241761244e-07,4.3648295481536495e-07,1.004470484433495e-09,1.5693214173429847e-09,1.5491578595010764e-07,2.07675394386353e-07,2.1728537775848538e-09,3.0117572146372694e-09,1.011940890101277e-09,1.6008920154730195e-09,1.9342691826018665e-07,1.93667781478446e-07,1.297186383864002e-07
E1_A40,kin6d,40636,libneo_Boozer,0.64175,7.749441364534213e-09,7.722151279655008e-09,1.722054610020507e-09,1.875553046204459e-10,3.1043081283844725e-07,5.580361250824262e-07,1.0060029632345796e-08,1.1395462932500627e-08,1.1742027358842043e-07,1.3293207463742797e-07,1.0180489753645055e-08,1.1513731771785874e-08,1.005825876147388e-08,1.137277457799943e-08,1.9974458231875047e-07,1.9947751572768624e-07,1.2450333441993422e-07
E1_A40,kin6d,40636,libneo_Boozer,0.72625,7.724777425709768e-09,7.711722932052591e-09,4.937619202394217e-09,1.875553046204459e-10,4.708027431410296e-07,6.775291581278759e-07,5.05853956059472e-09,5.5719347015819375e-09,1.268757372815914e-07,1.4848634324263994e-07,5.369253829206235e-09,5.9524051089808854e-09,5.059795680710431e-09,5.600198962673193e-09,1.8533706636070235e-07,1.8505304966165426e-07,1.085733282168988e-07
E1_A40,kin6d,40636,libneo_Boozer,0.81075,8.70915313432653e-09,8.704503505050138e-09,4.587117352627956e-09,1.875553046204459e-10,1.0101831096117915e-06,1.6832871121485133e-06,1.238435314463532e-08,1.226932509813919e-08,1.7188031291967436e-07,2.0667459965159398e-07,1.2648567962056273e-08,1.2649499041986935e-08,1.238227841413571e-08,1.2220042605563923e-08,3.1844411130244055e-07,3.1815212819807925e-07,1.7666939255978065e-07
E1_A40,kin6d,40636,libneo_Boozer,0.89525,9.570832521788458e-10,7.145027427117617e-10,3.1597771066316227e-09,1.875553046204459e-10,2.7596805827641572e-06,4.409438665073753e-06,5.775409726909838e-09,6.96538865861669e-09,2.272180239026524e-07,2.4152898798693976e-07,6.7953319792518665e-09,7.925520934649849e-09,5.767839857450278e-09,6.9037497455332245e-09,4.6178565682453154e-07,4.615019763010153e-07,2.438772833679437e-07
E1_A40,kin6d,40636,libneo_Boozer,0.97975,4.852875225752513e-09,4.852476888438201e-09,2.3243607039091785e-09,1.875553046204459e-10,2.118335925283305e-05,3.19169522522957e-05,1.2526126520899472e-08,1.2611662437453657e-08,3.1574876456509826e-07,3.964639331351783e-07,1.356368162920694e-08,1.4164740150015815e-08,1.2521963629702717e-08,1.250286465860972e-08,6.462361842318742e-07,6.459476170617151e-07,3.2629438262432586e-07
E1_A40,kin6d,40636,NEO_RT,0.05,,6.623746120065074e-09,2.7046305195455034e-09,,,,,,,,,,,,,,
E1_A40,kin6d,40636,NEO_RT,0.13454545454545455,,5.113288167038273e-09,2.8364786075485426e-09,,,,,,,,,,,,,,
E1_A40,kin6d,40636,NEO_RT,0.21909090909090911,,3.907652125018152e-09,2.745659033465131e-09,,,,,,,,,,,,,,
E1_A40,kin6d,40636,NEO_RT,0.30363636363636365,,1.0372591804225899e-08,9.640579445857611e-10,,,,,,,,,,,,,,
E1_A40,kin6d,40636,NEO_RT,0.3881818181818182,,3.9842338563572e-10,4.906463790810278e-09,,,,,,,,,,,,,,
E1_A40,kin6d,40636,NEO_RT,0.4727272727272728,,1.9043616867893192e-09,2.0384967047704095e-09,,,,,,,,,,,,,,
E1_A40,kin6d,40636,NEO_RT,0.5572727272727274,,1.7183757392577438e-09,3.0172897513836006e-10,,,,,,,,,,,,,,
E1_A40,kin6d,40636,NEO_RT,0.641818181818182,,7.703577549360916e-09,2.68085664778539e-10,,,,,,,,,,,,,,
E1_A40,kin6d,40636,NEO_RT,0.7263636363636364,,7.641582516799587e-09,5.245259893094101e-09,,,,,,,,,,,,,,
E1_A40,kin6d,40636,NEO_RT,0.810909090909091,,1.0429175311738154e-08,1.970852370192233e-09,,,,,,,,,,,,,,
E1_A40,kin6d,40636,NEO_RT,0.8954545454545456,,7.684966472490102e-10,1.1892103968236256e-09,,,,,,,,,,,,,,
E1_A40,kin6d,40636,NEO_RT,0.9800000000000001,,4.412268909905648e-09,1.462774346094875e-09,,,,,,,,,,,,,,
E1_A40,kin6d,40636,NEO_2,0.05,,6.623744697550479e-09,2.7046269668318246e-09,,,,,,,,,,,,,,
E1_A40,kin6d,40636,NEO_2,0.13454545454545455,,5.113289193389382e-09,2.836472168255e-09,,,,,,,,,,,,,,
E1_A40,kin6d,40636,NEO_2,0.21909090909090911,,3.907654643607468e-09,2.7456626972011122e-09,,,,,,,,,,,,,,
E1_A40,kin6d,40636,NEO_2,0.30363636363636365,,1.0372596093174283e-08,9.640590548087857e-10,,,,,,,,,,,,,,
E1_A40,kin6d,40636,NEO_2,0.3881818181818182,,3.984101853928816e-10,4.906476447352759e-09,,,,,,,,,,,,,,
E1_A40,kin6d,40636,NEO_2,0.4727272727272728,,1.9043500227278e-09,2.038483604138719e-09,,,,,,,,,,,,,,
E1_A40,kin6d,40636,NEO_2,0.5572727272727274,,1.718370223180434e-09,3.0172964127217483e-10,,,,,,,,,,,,,,
E1_A40,kin6d,40636,NEO_2,0.641818181818182,,7.703582549608663e-09,2.6808877340300796e-10,,,,,,,,,,,,,,
E1_A40,kin6d,40636,NEO_2,0.7263636363636364,,7.641582682534406e-09,5.245267331588366e-09,,,,,,,,,,,,,,
E1_A40,kin6d,40636,NEO_2,0.810909090909091,,1.0429177882325469e-08,1.970853258370653e-09,,,,,,,,,,,,,,
E1_A40,kin6d,40636,NEO_2,0.8954545454545456,,7.685368031321975e-10,1.1892060669538296e-09,,,,,,,,,,,,,,
E1_A40,kin6d,40636,NEO_2,0.9800000000000001,,4.412266929659251e-09,1.462776011429412e-09,,,,,,,,,,,,,,
E2_A40,kin6d,595,libneo_Boozer,0.05025,6.349201582226242e-09,6.19667352318088e-09,2.3500668522302703e-08,6.587348486686295e-07,1.5235334460736816e-06,1.6182298297249343e-06,1.116642937931404e-08,1.115456293720845e-08,1.0684923232498265e-06,2.0535011346757692e-06,1.1859742879144097e-08,1.3468913317257714e-08,1.1166572442825307e-08,1.1170431263138784e-08,1.6483429211150424e-07,1.2527357610980783e-07,2.794223724622569e-07
E2_A40,kin6d,595,libneo_Boozer,0.13475,8.46083457220326e-09,8.123588592370033e-09,8.609045987206798e-08,6.587348486686295e-07,1.6684536596957202e-06,1.6950724590294319e-06,8.054064725926045e-09,8.100389075775276e-09,3.420921957012297e-07,9.286188728742971e-07,8.321816618660867e-09,9.795242987027514e-09,8.050810113218271e-09,8.10336139434215e-09,2.1663190924448017e-07,1.120426563472332e-07,1.5261208430317197e-07
E2_A40,kin6d,595,libneo_Boozer,0.21925,6.368142137785468e-09,5.829418361851786e-09,4.15502597883588e-08,6.587348486686295e-07,1.855492802585821e-06,2.054178918628419e-06,8.928948661685183e-09,8.879117135305436e-09,3.865317861093124e-07,7.238759741753151e-07,9.425031100505182e-09,1.0448474325740838e-08,8.930856601345976e-09,8.913873549510934e-09,4.7575899392304777e-07,3.038416251099907e-07,3.2444965980538143e-07
E2_A40,kin6d,595,libneo_Boozer,0.30375,7.062302054348672e-09,6.207290964904998e-09,3.030247808233355e-08,6.587348486686295e-07,2.0865329824930653e-06,2.419458301047177e-06,1.0326973705528465e-08,1.0210546448279856e-08,4.462135782305191e-07,1.2143611319190203e-06,1.111083220429708e-08,1.501924318860127e-08,1.0323169838215573e-08,1.0262681036998075e-08,6.784644106527793e-07,4.4058078313424787e-07,3.9970285847790166e-07
E2_A40,kin6d,595,libneo_Boozer,0.38825,9.466602495775142e-09,8.626243242037461e-09,2.815608768358402e-08,6.587348486686295e-07,2.3888043575191363e-06,2.8316755106787455e-06,1.2233085419054814e-08,1.225116835273782e-08,3.965837836522992e-07,7.910602186130523e-07,1.2907435577046035e-08,1.4364131824544783e-08,1.2234853799971412e-08,1.2289516467362127e-08,8.48127298558321e-07,5.415217483872858e-07,4.345402641048324e-07
E2_A40,kin6d,595,libneo_Boozer,0.47275,8.51627627792638e-09,7.447369682996383e-09,9.700461123252069e-08,6.587348486686295e-07,2.7327072107963903e-06,3.0730300740211022e-06,4.224775787813611e-09,4.281741383212932e-09,4.76652772334326e-07,1.8034849738771708e-06,6.905392211997179e-09,2.082360919873847e-08,4.213407188826738e-09,4.3606211584308375e-09,8.580912063127499e-07,4.888189062968173e-07,3.5546931587138175e-07
E2_A40,kin6d,595,libneo_Boozer,0.55725,1.786754094172671e-08,1.2666520695725845e-08,1.3125594511276262e-07,6.587348486686295e-07,3.2842137199213975e-06,3.924416702199213e-06,1.3855288084251715e-09,1.525940388623593e-09,2.1666158569802544e-06,1.2303551508643184e-05,2.6987881562950784e-08,1.5099929922169133e-07,1.3998148075435977e-09,1.8661000755877573e-09,1.0972107328255376e-06,6.698073869992882e-07,4.4863666970318405e-07
E2_A40,kin6d,595,libneo_Boozer,0.64175,3.1987689692105895e-08,2.3263791362120444e-08,2.1414901653082907e-06,6.587348486686295e-07,4.060500207019388e-06,5.615920196724874e-06,1.1808535042249379e-09,1.883479649078245e-09,6.030433269443418e-06,2.0185653784308142e-05,8.049863343547902e-08,2.655382028683681e-07,1.2062335163816163e-09,2.7504081608105695e-09,1.493256882589833e-06,1.0411825975831235e-06,6.498509979024902e-07
E2_A40,kin6d,595,libneo_Boozer,0.72625,9.687772920907513e-08,7.237738614029003e-08,4.52642252990465e-06,6.587348486686295e-07,4.717265615175039e-06,7.202761965154654e-06,1.6382560115115906e-09,2.73178123437627e-09,9.05680017876247e-06,2.1077439889203637e-05,1.2858340198040123e-07,2.9463889332202695e-07,2.9929356237103407e-09,6.089701390171511e-09,1.5749714402657489e-06,1.2018641141198216e-06,7.051509900435349e-07
E2_A40,kin6d,595,libneo_Boozer,0.81075,8.162995730033169e-08,6.99571544429752e-08,6.743493857097604e-06,6.587348486686295e-07,1.0499266833732168e-05,1.648969903117833e-05,2.072245237192941e-09,3.5011154349352306e-09,1.1975834591342201e-05,2.3588771578658182e-05,1.7961039194934205e-07,3.4804336415444016e-07,4.082072584613692e-09,8.182097887301237e-09,2.844652102873546e-06,1.8033687037011248e-06,1.0014074376396565e-06
E2_A40,kin6d,595,libneo_Boozer,0.89525,1.080008433478326e-07,9.276708135041593e-08,1.2067282586736283e-05,6.587348486686295e-07,1.9346014422841885e-05,3.5481916409727984e-05,2.497515233063655e-09,4.957052579605493e-09,2.4021025024872354e-05,3.891994929423102e-05,3.7848427620535407e-07,6.028178317705543e-07,3.668982610401184e-09,6.646430784542914e-09,3.5618182180341407e-06,2.639814308702526e-06,1.3949893689080284e-06
E2_A40,kin6d,595,libneo_Boozer,0.97975,1.1777859035363886e-07,9.894607060895292e-08,2.5250335066839824e-05,6.587348486686295e-07,0.00011670370725194026,0.0002204191533701401,7.068912779466743e-09,1.5421350551907837e-08,4.687559889593717e-05,8.145546439607087e-05,7.725362479917753e-07,1.3185568925439555e-06,9.604204977223056e-09,2.2509923313949347e-08,4.4299909935929804e-06,4.084104360035923e-06,2.0630452164382973e-06
E2_A40,kin6d,595,NEO_RT,0.05,,6.478065538764703e-09,2.5010043369633195e-08,,,,,,,,,,,,,,
E2_A40,kin6d,595,NEO_RT,0.13454545454545455,,9.486048328372224e-09,8.734828149670193e-08,,,,,,,,,,,,,,
E2_A40,kin6d,595,NEO_RT,0.21909090909090911,,5.561058133119101e-09,3.961605254954037e-08,,,,,,,,,,,,,,
E2_A40,kin6d,595,NEO_RT,0.30363636363636365,,6.056632051820585e-09,3.107337853691661e-08,,,,,,,,,,,,,,
E2_A40,kin6d,595,NEO_RT,0.3881818181818182,,8.182507462791689e-09,2.9391891032126694e-08,,,,,,,,,,,,,,
E2_A40,kin6d,595,NEO_RT,0.4727272727272728,,7.45524832538094e-09,9.686232027572572e-08,,,,,,,,,,,,,,
E2_A40,kin6d,595,NEO_RT,0.5572727272727274,,1.267636916378537e-08,1.3161659828675454e-07,,,,,,,,,,,,,,
E2_A40,kin6d,595,NEO_RT,0.641818181818182,,2.32105026648423e-08,2.1508957088745007e-06,,,,,,,,,,,,,,
E2_A40,kin6d,595,NEO_RT,0.7263636363636364,,7.251017852624427e-08,4.54299940111369e-06,,,,,,,,,,,,,,
E2_A40,kin6d,595,NEO_RT,0.810909090909091,,6.994958111317718e-08,6.727793810057392e-06,,,,,,,,,,,,,,
E2_A40,kin6d,595,NEO_RT,0.8954545454545456,,9.297465505829053e-08,1.20990465000137e-05,,,,,,,,,,,,,,
E2_A40,kin6d,595,NEO_RT,0.9800000000000001,,9.91589102726569e-08,2.5515134318698784e-05,,,,,,,,,,,,,,
E2_A40,kin6d,595,NEO_2,0.05,,6.478071603051274e-09,2.501004137123175e-08,,,,,,,,,,,,,,
E2_A40,kin6d,595,NEO_2,0.13454545454545455,,9.486040589979524e-09,8.734827972034509e-08,,,,,,,,,,,,,,
E2_A40,kin6d,595,NEO_2,0.21909090909090911,,5.561058044928147e-09,3.9616050107049716e-08,,,,,,,,,,,,,,
E2_A40,kin6d,595,NEO_2,0.30363636363636365,,6.056632300691338e-09,3.107337742669358e-08,,,,,,,,,,,,,,
E2_A40,kin6d,595,NEO_2,0.3881818181818182,,8.18251261300664e-09,2.9391902245379242e-08,,,,,,,,,,,,,,
E2_A40,kin6d,595,NEO_2,0.4727272727272728,,7.455260927903514e-09,9.686231616790053e-08,,,,,,,,,,,,,,
E2_A40,kin6d,595,NEO_2,0.5572727272727274,,1.2676369233859023e-08,1.316165960663085e-07,,,,,,,,,,,,,,
E2_A40,kin6d,595,NEO_2,0.641818181818182,,2.3210494569375748e-08,2.1508957103177906e-06,,,,,,,,,,,,,,
E2_A40,kin6d,595,NEO_2,0.7263636363636364,,7.251018416776285e-08,4.542999405554582e-06,,,,,,,,,,,,,,
E2_A40,kin6d,595,NEO_2,0.810909090909091,,6.994958580583058e-08,6.727793814054195e-06,,,,,,,,,,,,,,
E2_A40,kin6d,595,NEO_2,0.8954545454545456,,9.297465782722428e-08,1.2099046498903476e-05,,,,,,,,,,,,,,
E2_A40,kin6d,595,NEO_2,0.9800000000000001,,9.915891219448842e-08,2.55151343242499e-05,,,,,,,,,,,,,,
E1_A20,kin6d,595,libneo_Boozer,0.05025,6.9922515127069515e-09,5.8984900892930254e-09,1.6608703967690985e-08,6.652301527410032e-07,1.5308364483186846e-06,1.5875792622157567e-06,1.0780794207005465e-08,1.0681938062695768e-08,7.704311286412157e-07,1.965948511986995e-06,1.2218711372187454e-08,1.810760019859235e-08,1.0781398906851741e-08,1.0693609783990628e-08,1.352697072617981e-07,9.015406361029266e-08,2.010884300185367e-07
E1_A20,kin6d,595,libneo_Boozer,0.13475,9.645103555222493e-09,8.601262296437366e-09,6.058121038154951e-08,6.652301527410032e-07,1.6841402586627586e-06,1.7531019355951176e-06,4.1518227112416545e-09,4.50688860414368e-09,3.903431810483115e-07,1.0776626496046411e-06,6.324738032453592e-09,1.3775317352343252e-08,4.1419229746099105e-09,4.439025539502413e-09,2.664357477144552e-07,1.5481158699426345e-07,2.1086716311957687e-07
E1_A20,kin6d,595,libneo_Boozer,0.21925,1.2123853693503432e-08,1.0336991753428247e-08,5.097207189663777e-08,6.652301527410032e-07,1.8794521462053591e-06,2.0470726021237483e-06,1.499971102623239e-08,1.4895191207693574e-08,3.626255663476084e-07,8.028608050431909e-07,1.602820975847085e-08,1.930865035591329e-08,1.4985127720974105e-08,1.483123760156307e-08,4.698923080359574e-07,2.9307359331043337e-07,3.129512909372245e-07
E1_A20,kin6d,595,libneo_Boozer,0.30375,1.1060034252391061e-08,8.426101199277092e-09,2.110812213906854e-08,6.652301527410032e-07,2.096965008708481e-06,2.274141935228907e-06,8.866280044558482e-09,8.938475999702638e-09,2.530115259575137e-07,4.732576494318673e-07,1.0007087904048495e-08,1.2184476111614957e-08,8.858640949961423e-09,9.008282550735931e-09,5.770846335240165e-07,3.318473844604597e-07,3.010579786577594e-07
E1_A20,kin6d,595,libneo_Boozer,0.38825,1.0428937123744901e-08,7.376985441507863e-09,9.027191005817059e-08,6.652301527410032e-07,2.4020952836037373e-06,2.552166110764777e-06,3.784353242684208e-09,3.8328276735972245e-09,3.6176948742772907e-07,1.0563349337053486e-06,8.404984636507825e-09,2.2070206418101357e-08,3.745518973205774e-09,3.8702390860576766e-09,6.770647894005499e-07,3.6548743348463475e-07,2.9328281703211445e-07
E1_A20,kin6d,595,libneo_Boozer,0.47275,1.3650712833339396e-08,1.0217009871979825e-08,2.7793089163452578e-08,6.652301527410032e-07,2.7620972392693603e-06,2.9460329858801845e-06,6.823985214413925e-09,7.089896310874746e-09,6.007867582261854e-07,2.176767704310821e-06,1.5351913556632316e-08,4.9823635497829145e-08,6.813131200520095e-09,7.48614352045601e-09,7.911233828039599e-07,4.2018874724103483e-07,3.05561446256597e-07
E1_A20,kin6d,595,libneo_Boozer,0.55725,4.54902158851401e-08,3.298871030042949e-08,3.472890024447395e-07,6.652301527410032e-07,3.261800499358612e-06,3.549400986251676e-06,7.185483296081696e-10,1.2259934975983786e-09,2.7244502287580693e-06,1.4104918721481906e-05,6.771113600080821e-08,3.473774502157392e-07,1.658477418731933e-09,8.249735750713199e-09,9.313557607359968e-07,4.99824722388631e-07,3.3478238714579334e-07
E1_A20,kin6d,595,libneo_Boozer,0.64175,8.110497277753739e-08,5.8559014813362626e-08,1.7849694141647277e-06,6.652301527410032e-07,3.870724993742005e-06,4.940154627496319e-06,1.4152887329515558e-08,1.5745659082274002e-08,5.994885442188687e-06,1.9508789098893572e-05,1.604970100076401e-07,5.154170490574281e-07,1.5804035785454497e-08,2.7493167851364734e-08,1.2516202521073438e-06,8.145708914053529e-07,5.084120254794655e-07
E1_A20,kin6d,595,libneo_Boozer,0.72625,1.5626684211156707e-07,1.106014820190843e-07,4.478261429463615e-06,6.652301527410032e-07,4.790402338421912e-06,8.124173499234841e-06,2.2302403311969134e-09,4.1691968916795175e-09,8.574355320032289e-06,1.5298167819787216e-05,2.4324808645957377e-07,4.295323348255797e-07,7.710831528605664e-09,1.2914894540611482e-08,1.8276139397421787e-06,1.4360150312198172e-06,8.42530638367478e-07
E1_A20,kin6d,595,libneo_Boozer,0.81075,1.3312584960359372e-07,1.1292489389871965e-07,6.498906370611124e-06,6.652301527410032e-07,1.01816321278097e-05,1.3902922158923065e-05,7.182891624405707e-09,1.1127548402073878e-08,1.1863865566451822e-05,1.9597828707357276e-05,3.556495815246669e-07,5.810685433024048e-07,1.4749426930304262e-08,2.4541867865488772e-08,2.3565348468146396e-06,1.3059500232337484e-06,7.251918392459089e-07
E1_A20,kin6d,595,libneo_Boozer,0.89525,1.1885081618960401e-07,9.835117791168565e-08,1.2134264359420222e-05,6.652301527410032e-07,1.9328624032173102e-05,3.506489832192638e-05,9.680286061438722e-09,1.760015304690276e-08,2.3672313328696562e-05,3.651080547660905e-05,7.455743286798087e-07,1.1368732685990385e-06,1.18245900299377e-08,2.635027241180733e-08,3.5199086509951627e-06,2.599229755650967e-06,1.3735427926153676e-06
E1_A20,kin6d,595,libneo_Boozer,0.97975,1.491497821875609e-07,1.226006685953813e-07,2.544184196140442e-05,6.652301527410032e-07,0.00011876929350385676,0.000249346602826048,2.370894543038122e-08,5.480653918610485e-08,4.649732870025099e-05,8.203881606447574e-05,1.5319921489611245e-06,2.670585740548403e-06,5.374241256313628e-08,1.233040313030636e-07,5.017918116800857e-06,4.672293804741656e-06,2.3601629848268857e-06
E1_A20,kin6d,595,NEO_RT,0.05,,4.596924342102763e-09,2.1964338126068128e-08,,,,,,,,,,,,,,
E1_A20,kin6d,595,NEO_RT,0.13454545454545455,,9.131121214921388e-09,5.777529576977969e-08,,,,,,,,,,,,,,
E1_A20,kin6d,595,NEO_RT,0.21909090909090911,,7.45333633283513e-09,5.5044688140881703e-08,,,,,,,,,,,,,,
E1_A20,kin6d,595,NEO_RT,0.30363636363636365,,9.482380599612635e-09,2.2725733295203554e-08,,,,,,,,,,,,,,
E1_A20,kin6d,595,NEO_RT,0.3881818181818182,,7.405690955209336e-09,8.968152032107213e-08,,,,,,,,,,,,,,
E1_A20,kin6d,595,NEO_RT,0.4727272727272728,,1.0364918520304024e-08,2.79368659317214e-08,,,,,,,,,,,,,,
E1_A20,kin6d,595,NEO_RT,0.5572727272727274,,3.3123891068488465e-08,3.4846533925048107e-07,,,,,,,,,,,,,,
E1_A20,kin6d,595,NEO_RT,0.641818181818182,,5.8323417542035345e-08,1.78717386223326e-06,,,,,,,,,,,,,,
E1_A20,kin6d,595,NEO_RT,0.7263636363636364,,1.1079957272396651e-07,4.4949091149160125e-06,,,,,,,,,,,,,,
E1_A20,kin6d,595,NEO_RT,0.810909090909091,,1.1037835711103837e-07,6.482168799282206e-06,,,,,,,,,,,,,,
E1_A20,kin6d,595,NEO_RT,0.8954545454545456,,1.0112276579124626e-07,1.2174393362762714e-05,,,,,,,,,,,,,,
E1_A20,kin6d,595,NEO_RT,0.9800000000000001,,1.198933875966854e-07,2.570330752393879e-05,,,,,,,,,,,,,,
E1_A20,kin6d,595,NEO_2,0.05,,4.596792363590708e-09,2.196433546153287e-08,,,,,,,,,,,,,,
E1_A20,kin6d,595,NEO_2,0.13454545454545455,,9.131106457836546e-09,5.777529676898041e-08,,,,,,,,,,,,,,
E1_A20,kin6d,595,NEO_2,0.21909090909090911,,7.453172018961138e-09,5.5044684144078815e-08,,,,,,,,,,,,,,
E1_A20,kin6d,595,NEO_2,0.30363636363636365,,9.482417846953654e-09,2.2725733295203554e-08,,,,,,,,,,,,,,
E1_A20,kin6d,595,NEO_2,0.3881818181818182,,7.405598000124269e-09,8.968151354871168e-08,,,,,,,,,,,,,,
E1_A20,kin6d,595,NEO_2,0.4727272727272728,,1.0364905940253436e-08,2.793685560664727e-08,,,,,,,,,,,,,,
E1_A20,kin6d,595,NEO_2,0.5572727272727274,,3.3123900324628044e-08,3.4846533836230265e-07,,,,,,,,,,,,,,
E1_A20,kin6d,595,NEO_2,0.641818181818182,,5.832341255003262e-08,1.7871738645647284e-06,,,,,,,,,,,,,,
E1_A20,kin6d,595,NEO_2,0.7263636363636364,,1.1079957850710931e-07,4.494909117358503e-06,,,,,,,,,,,,,,
E1_A20,kin6d,595,NEO_2,0.810909090909091,,1.1037835717321241e-07,6.482168804167188e-06,,,,,,,,,,,,,,
E1_A20,kin6d,595,NEO_2,0.8954545454545456,,1.0112277212967837e-07,1.2174393362318625e-05,,,,,,,,,,,,,,
E1_A20,kin6d,595,NEO_2,0.9800000000000001,,1.198933868471012e-07,2.5703307526159236e-05,,,,,,,,,,,,,,
E1_A3p1,kin6d,613,libneo_Boozer,0.05025,7.117499485427099e-07,5.279310588630063e-07,4.3167783159159256e-07,7.313044763090915e-07,1.5370972477399724e-06,2.2851334452442966e-06,5.4667079759591266e-08,8.367216041708828e-08,2.8487890171081714e-05,7.852132940436686e-05,1.3257969016096883e-06,3.607933543395677e-06,6.448648538198945e-08,1.1736637972528553e-07,9.30725940956334e-07,7.689144191011521e-07,1.7150560388534686e-06
E1_A3p1,kin6d,613,libneo_Boozer,0.13475,2.871589110298616e-07,2.053338357555457e-07,2.667972629155635e-06,7.313044763090915e-07,1.710974945436223e-06,2.3810399724067455e-06,6.502256316357636e-08,7.984868561862044e-08,1.139783613779681e-05,2.3799528337150814e-05,8.683340657551305e-07,1.7687788954711501e-06,9.59336966483745e-08,1.8435671416787275e-07,9.286383730877645e-07,6.657205635363095e-07,9.067698117926071e-07
E1_A3p1,kin6d,613,libneo_Boozer,0.21925,5.036805192621663e-07,3.9225480846308446e-07,3.340810483143386e-06,7.313044763090915e-07,1.8425822491224884e-06,2.5710795374087375e-06,7.095521756225156e-08,8.126066890106543e-08,9.176199465061531e-06,1.9721872402221644e-05,8.899829417048519e-07,1.8520136514377764e-06,6.70190252336994e-08,1.3952737231649783e-07,9.83473907895105e-07,7.901067657078986e-07,8.436967482428059e-07
E1_A3p1,kin6d,613,libneo_Boozer,0.30375,2.846539480360744e-07,2.028602879093686e-07,1.1174023417659384e-07,7.313044763090915e-07,2.147602182341883e-06,3.002298142306152e-06,6.109786789840592e-08,7.610991021753023e-08,8.255395082711436e-06,3.0252611577598532e-05,9.392007824869448e-07,3.316398909451498e-06,1.1173423064741768e-07,4.257503990473495e-07,1.1726870176032023e-06,8.003169420511824e-07,7.260617960191951e-07
E1_A3p1,kin6d,613,libneo_Boozer,0.38825,1.5884926929980693e-07,1.1733282674938508e-07,1.6133794010775304e-06,7.313044763090915e-07,2.377056027441072e-06,2.9738472346821506e-06,6.749915737602348e-08,9.89398687512479e-08,5.677545675079203e-06,1.720885879535264e-05,7.300684690245378e-07,2.11753685960083e-06,1.1573560570102753e-07,3.0053149320658606e-07,1.0106797057596317e-06,6.432227928621082e-07,5.161495079120115e-07
E1_A3p1,kin6d,613,libneo_Boozer,0.47275,3.55520973179164e-07,2.912401886251358e-07,8.094470262953735e-07,7.313044763090915e-07,2.6845987097883932e-06,3.5213995148503406e-06,6.034916820852026e-08,7.65458184822958e-08,5.041487229137205e-06,1.4248739277751968e-05,7.131187296543588e-07,1.922204566298536e-06,9.315574557278962e-08,2.4637018840345275e-07,1.1538745304795484e-06,7.731148012890543e-07,5.622093266488548e-07
E1_A3p1,kin6d,613,libneo_Boozer,0.55725,6.25958172914776e-07,4.50315823200354e-07,2.1557521390214163e-07,7.313044763090915e-07,3.3659874383295966e-06,4.099334233603245e-06,6.672673097325126e-08,1.1285487160751578e-07,5.033460472655372e-06,1.6573806569093438e-05,7.712058770387456e-07,2.4115566497573056e-06,1.2375043309935822e-07,4.259105030447006e-07,1.2184757948174862e-06,7.149536755957087e-07,4.788756226004054e-07
E1_A3p1,kin6d,613,libneo_Boozer,0.64175,2.0553109360031483e-06,1.7360591253833784e-06,1.585372865764434e-06,7.313044763090915e-07,4.051020823006853e-06,5.5946764732677485e-06,7.282922797691252e-08,1.1300534760149095e-07,1.1559114997977245e-05,3.137087600467833e-05,1.890237672347444e-06,4.8675334883119384e-06,3.282909964282858e-07,7.622129168431974e-07,1.5095514277474464e-06,1.0287543980025404e-06,6.4209397743209e-07
E1_A3p1,kin6d,613,libneo_Boozer,0.72625,1.7914695043883117e-06,1.494150366657497e-06,8.027710221014672e-07,7.313044763090915e-07,5.083917095459611e-06,8.50183281201155e-06,7.94331449002733e-08,1.9368362236249954e-07,1.222464958678742e-05,3.259105195590277e-05,2.1211057906600512e-06,5.3480177325142445e-06,3.6244594756719267e-07,8.53054737120101e-07,1.930153728624262e-06,1.4413669605639612e-06,8.456706905857203e-07
E1_A3p1,kin6d,613,libneo_Boozer,0.81075,1.396084409394647e-06,1.1892890187475267e-06,5.102914196086772e-06,7.313044763090915e-07,1.017631437554526e-05,1.755808160897211e-05,1.0325498175628989e-07,2.4581612656967375e-07,1.2376936109422003e-05,2.0681108037845103e-05,2.2638860747914355e-06,3.5652557589911478e-06,3.482797694719195e-07,6.831818209596488e-07,3.005563836921965e-06,2.188033615291296e-06,1.2150110356712318e-06
E1_A3p1,kin6d,613,libneo_Boozer,0.89525,3.43074600944289e-06,3.0414153907657876e-06,7.316644195509703e-06,7.313044763090915e-07,1.8017250291298663e-05,3.471526641883806e-05,1.6609706862754436e-07,3.2271829389353153e-07,2.062530908640062e-05,3.992015077012895e-05,3.953277938661721e-06,7.19492727460695e-06,6.536222778698107e-07,1.037672473722841e-06,3.410785171187314e-06,2.62221406877039e-06,1.385688665589413e-06
E1_A3p1,kin6d,613,libneo_Boozer,0.97975,4.613391603254772e-06,4.031649087171723e-06,2.0880060835226644e-05,7.313044763090915e-07,0.00021667419227442352,0.0006468309536737279,1.153458564400293e-06,2.2385825724541582e-06,5.093650054618597e-05,0.00010462267985647907,1.0239968338794787e-05,1.9608736975615204e-05,2.343770813588632e-06,3.518353905993507e-06,1.2714073740149878e-05,1.3081508924428498e-05,6.608024731957762e-06
E1_A3p1,kin6d,613,NEO_RT,0.05,,5.361458427366883e-07,5.01148275544594e-07,,,,,,,,,,,,,,
E1_A3p1,kin6d,613,NEO_RT,0.13454545454545455,,2.0441808439810245e-07,2.619148586013864e-06,,,,,,,,,,,,,,
E1_A3p1,kin6d,613,NEO_RT,0.21909090909090911,,3.9004187763727196e-07,3.3419940543844007e-06,,,,,,,,,,,,,,
E1_A3p1,kin6d,613,NEO_RT,0.30363636363636365,,2.0330515581291238e-07,1.157636771997872e-07,,,,,,,,,,,,,,
E1_A3p1,kin6d,613,NEO_RT,0.3881818181818182,,1.1769758869316829e-07,1.6131664632990095e-06,,,,,,,,,,,,,,
E1_A3p1,kin6d,613,NEO_RT,0.4727272727272728,,2.9119372730426733e-07,8.086583329625086e-07,,,,,,,,,,,,,,
E1_A3p1,kin6d,613,NEO_RT,0.5572727272727274,,4.5028608467810893e-07,2.1597045285481897e-07,,,,,,,,,,,,,,
E1_A3p1,kin6d,613,NEO_RT,0.641818181818182,,1.7400971439685142e-06,1.5828749153623534e-06,,,,,,,,,,,,,,
E1_A3p1,kin6d,613,NEO_RT,0.7263636363636364,,1.4959032726148919e-06,8.087327250105858e-07,,,,,,,,,,,,,,
E1_A3p1,kin6d,613,NEO_RT,0.810909090909091,,1.1848525941845923e-06,5.0908696731521985e-06,,,,,,,,,,,,,,
E1_A3p1,kin6d,613,NEO_RT,0.8954545454545456,,3.04565882056476e-06,7.3379760640035485e-06,,,,,,,,,,,,,,
E1_A3p1,kin6d,613,NEO_RT,0.9800000000000001,,4.058933081601658e-06,2.10382274956622e-05,,,,,,,,,,,,,,
E1_A3p1,kin6d,613,NEO_2,0.05,,5.361458554522314e-07,5.011482779870846e-07,,,,,,,,,,,,,,
E1_A3p1,kin6d,613,NEO_2,0.13454545454545455,,2.044179085258291e-07,2.6191485887894217e-06,,,,,,,,,,,,,,
E1_A3p1,kin6d,613,NEO_2,0.21909090909090911,,3.9004183995534434e-07,3.3419940554946237e-06,,,,,,,,,,,,,,
E1_A3p1,kin6d,613,NEO_2,0.30363636363636365,,2.0330508972281973e-07,1.1576368308396923e-07,,,,,,,,,,,,,,
E1_A3p1,kin6d,613,NEO_2,0.3881818181818182,,1.1769766483274854e-07,1.6131664839491577e-06,,,,,,,,,,,,,,
E1_A3p1,kin6d,613,NEO_2,0.4727272727272728,,2.911937865842054e-07,8.086583329625086e-07,,,,,,,,,,,,,,
E1_A3p1,kin6d,613,NEO_2,0.5572727272727274,,4.502860599248517e-07,2.159704490800607e-07,,,,,,,,,,,,,,
E1_A3p1,kin6d,613,NEO_2,0.641818181818182,,1.7400971458990583e-06,1.5828749095891936e-06,,,,,,,,,,,,,,
E1_A3p1,kin6d,613,NEO_2,0.7263636363636364,,1.4959034293165381e-06,8.087327216799167e-07,,,,,,,,,,,,,,
E1_A3p1,kin6d,613,NEO_2,0.810909090909091,,1.184852598460748e-06,5.090869675594689e-06,,,,,,,,,,,,,,
E1_A3p1,kin6d,613,NEO_2,0.8954545454545456,,3.0456588026226626e-06,7.337976061116969e-06,,,,,,,,,,,,,,
E1_A3p1,kin6d,613,NEO_2,0.9800000000000001,,4.058933169611946e-06,2.1038227499214912e-05,,,,,,,,,,,,,,
E2_A40,kin6d,2422,libneo_Boozer,0.05025,6.051945304047027e-09,6.046120620014246e-09,8.516505056732626e-09,5.152540749620016e-08,1.197358294329725e-07,1.9332626052849592e-07,1.1153698511293614e-08,1.1149865911807657e-08,9.130914560312718e-07,1.052824835956405e-06,1.1664598953884944e-08,1.178323345125304e-08,1.1153574514095967e-08,1.1137534523838873e-08,9.603760448007037e-08,9.377978876096149e-08,2.0917559778732553e-07
E2_A40,kin6d,2422,libneo_Boozer,0.13475,7.783562263049435e-09,7.777629340591377e-09,3.831876038695725e-09,5.152540749620016e-08,1.0882116866071515e-07,1.1933139676901955e-07,8.088631309396018e-09,8.016580806494113e-09,4.801117729259337e-08,1.4708301459195844e-07,8.093819629292707e-09,8.065076877198605e-09,8.088738720291417e-09,8.019011692129702e-09,2.347040131689404e-08,1.7729178902747833e-08,2.414872612988006e-08
E2_A40,kin6d,2422,libneo_Boozer,0.21925,5.258071073546569e-09,5.246781998756133e-09,3.4195803966241556e-09,5.152540749620016e-08,1.7699868013059119e-07,3.1091268948031076e-07,8.987887745815673e-09,8.951618532798865e-09,3.237966111067634e-07,3.9040755226291837e-07,9.336486565823517e-09,9.374203575940035e-09,8.987071484856671e-09,8.969183546648111e-09,1.707159130448499e-07,1.6142525025020227e-07,1.7237393334923468e-07
E2_A40,kin6d,2422,libneo_Boozer,0.30375,5.237308984311064e-09,5.225518809956588e-09,3.167957007832456e-10,5.152540749620016e-08,2.7035570182281116e-07,4.6954649831549047e-07,1.0409875554750648e-08,1.0488885213549887e-08,3.79164151723236e-07,4.3094022515548114e-07,1.0977084233929645e-08,1.1089203903460748e-08,1.0408905443112677e-08,1.0518547371022372e-08,2.6263528285497273e-07,2.4999443903883645e-07,2.2679951416915145e-07
E2_A40,kin6d,2422,libneo_Boozer,0.38825,7.712191501471595e-09,7.70330473668023e-09,1.8353811803706321e-09,5.152540749620016e-08,3.0676729754759084e-07,5.355876831554735e-07,1.2342285208954772e-08,1.2290182599142083e-08,3.0037522345931e-07,3.5255721423298804e-07,1.2729904229411164e-08,1.2680642803372925e-08,1.2340796668928649e-08,1.2319814124718684e-08,2.7112121397943056e-07,2.5508153289610647e-07,2.0468839423415375e-07
E2_A40,kin6d,2422,libneo_Boozer,0.47275,6.208321339418609e-09,6.2023347482807e-09,7.985788696984741e-09,5.152540749620016e-08,2.5626787409741855e-07,4.202632004329843e-07,4.0890396344285744e-09,4.169512317812283e-09,1.2753501502311686e-07,1.5886103285915904e-07,4.342138363130251e-09,4.438825672320986e-09,4.090629926347203e-09,4.155241501409816e-09,1.7287707654300988e-07,1.5348434445616732e-07,1.1161390012226491e-07
E2_A40,kin6d,2422,libneo_Boozer,0.55725,1.3924728617151447e-09,1.3259517066478724e-09,3.757769428958113e-09,5.152540749620016e-08,3.3001359228097844e-07,5.756924014872009e-07,1.202406206998661e-09,1.5971617025564811e-09,1.2709117374607499e-07,1.4993880092925363e-07,1.9862241931620162e-09,2.431798338015095e-09,1.2055282943838251e-09,1.61705652894459e-09,2.139293207026327e-07,1.910891770373624e-07,1.27991467424593e-07
E2_A40,kin6d,2422,libneo_Boozer,0.64175,7.760344436841362e-09,7.720954234877083e-09,1.0866767929940124e-08,5.152540749620016e-08,9.816658258951352e-07,1.7184937900102227e-06,5.036885242048304e-10,7.790731541084364e-10,3.675367613143852e-07,4.5183618704893255e-07,4.931406055734615e-09,5.980546554318034e-09,5.218841013448193e-10,8.504058598038332e-10,5.82192734466247e-07,5.560040577945458e-07,3.470283319595424e-07
E2_A40,kin6d,2422,libneo_Boozer,0.72625,4.726628280863432e-09,4.711429938622017e-09,9.19874953986266e-09,5.152540749620016e-08,4.185216520232547e-07,5.61586500989671e-07,3.4757127466351887e-09,3.993838427558994e-09,9.087185914505681e-08,3.252318662765301e-07,3.7070682535475915e-09,5.987771662526486e-09,3.475780366592045e-09,4.025418066531215e-09,1.283875435964532e-07,9.892244579035037e-08,5.8039246075836104e-08
E2_A40,kin6d,2422,libneo_Boozer,0.81075,5.823647265166959e-09,4.145233090674123e-09,2.963438762160209e-07,5.152540749620016e-08,1.7786372498768234e-06,3.1830013509592427e-06,5.1071559750188055e-09,6.350206624236922e-09,7.032027924462618e-07,2.1996928455365285e-06,1.1717076522191417e-08,3.3053948537852994e-08,5.167947959984909e-09,6.765407509735899e-09,5.843932638915916e-07,5.645667185971703e-07,3.135030157697116e-07
E2_A40,kin6d,2422,libneo_Boozer,0.89525,2.2470055937218252e-09,1.7192808895954588e-09,6.036432120826163e-07,5.152540749620016e-08,3.9845507957244176e-06,6.904546542285779e-06,7.3674251922952806e-09,7.760431692866844e-09,9.258394965963039e-07,2.19556626138996e-06,1.6342038086779846e-08,3.484437208619995e-08,7.209994681482533e-09,7.80764829533818e-09,7.128668387812453e-07,6.45065469484507e-07,3.4088002720533694e-07
E2_A40,kin6d,2422,libneo_Boozer,0.97975,4.705206495841801e-09,3.329227289478747e-09,9.387663455484585e-07,5.152540749620016e-08,1.814338315696027e-05,2.7404535216145648e-05,1.0006836605722703e-08,1.0575718846929569e-08,1.3064976221066334e-06,3.1509481396117564e-06,2.3742147196061415e-08,5.1862182243077435e-08,9.753293481898215e-09,1.08886200891078e-08,5.524698042380649e-07,5.496672443872086e-07,2.7765926191580803e-07
E2_A40,kin6d,2422,NEO_RT,0.05,,6.328400388122057e-09,8.080301983071081e-09,,,,,,,,,,,,,,
E2_A40,kin6d,2422,NEO_RT,0.13454545454545455,,6.627737775634436e-09,4.299402389662532e-09,,,,,,,,,,,,,,
E2_A40,kin6d,2422,NEO_RT,0.21909090909090911,,4.768503225685705e-09,5.355378585036874e-09,,,,,,,,,,,,,,
E2_A40,kin6d,2422,NEO_RT,0.30363636363636365,,4.898947291453792e-09,7.430676074449138e-10,,,,,,,,,,,,,,
E2_A40,kin6d,2422,NEO_RT,0.3881818181818182,,7.201179162728495e-09,2.0818078372286664e-09,,,,,,,,,,,,,,
E2_A40,kin6d,2422,NEO_RT,0.4727272727272728,,6.210403621647994e-09,7.629242348983212e-09,,,,,,,,,,,,,,
E2_A40,kin6d,2422,NEO_RT,0.5572727272727274,,1.3680227622738183e-09,4.053465119113753e-09,,,,,,,,,,,,,,
E2_A40,kin6d,2422,NEO_RT,0.641818181818182,,7.260642369426547e-09,9.584727678202398e-09,,,,,,,,,,,,,,
E2_A40,kin6d,2422,NEO_RT,0.7263636363636364,,4.893387474514785e-09,1.0126746108340967e-08,,,,,,,,,,,,,,
E2_A40,kin6d,2422,NEO_RT,0.810909090909091,,4.193554146401988e-09,2.984952295337351e-07,,,,,,,,,,,,,,
E2_A40,kin6d,2422,NEO_RT,0.8954545454545456,,1.5676913630771824e-09,5.984671667125241e-07,,,,,,,,,,,,,,
E2_A40,kin6d,2422,NEO_RT,0.9800000000000001,,3.389161059357078e-09,1.0129805281255955e-06,,,,,,,,,,,,,,
E2_A40,kin6d,2422,NEO_2,0.05,,6.328393168224466e-09,8.080303537383315e-09,,,,,,,,,,,,,,
E2_A40,kin6d,2422,NEO_2,0.13454545454545455,,6.627733936708791e-09,4.299397726725829e-09,,,,,,,,,,,,,,
E2_A40,kin6d,2422,NEO_2,0.21909090909090911,,4.768503409552351e-09,5.355380583438318e-09,,,,,,,,,,,,,,
E2_A40,kin6d,2422,NEO_2,0.30363636363636365,,4.898945426404756e-09,7.43064054731235e-10,,,,,,,,,,,,,,
E2_A40,kin6d,2422,NEO_2,0.3881818181818182,,7.201187407991419e-09,2.0817960688646053e-09,,,,,,,,,,,,,,
E2_A40,kin6d,2422,NEO_2,0.4727272727272728,,6.2104115890426846e-09,7.6292463457861e-09,,,,,,,,,,,,,,
E2_A40,kin6d,2422,NEO_2,0.5572727272727274,,1.3680183300774293e-09,4.053476221343999e-09,,,,,,,,,,,,,,
E2_A40,kin6d,2422,NEO_2,0.641818181818182,,7.2606407387939056e-09,9.584731452960682e-09,,,,,,,,,,,,,,
E2_A40,kin6d,2422,NEO_2,0.7263636363636364,,4.893390299936967e-09,1.012673944700282e-08,,,,,,,,,,,,,,
E2_A40,kin6d,2422,NEO_2,0.810909090909091,,4.193556075249764e-09,2.984952308660027e-07,,,,,,,,,,,,,,
E2_A40,kin6d,2422,NEO_2,0.8954545454545456,,1.5676845044045195e-09,5.984671618275428e-07,,,,,,,,,,,,,,
E2_A40,kin6d,2422,NEO_2,0.9800000000000001,,3.3891537996711668e-09,1.0129805259051494e-06,,,,,,,,,,,,,,
E1_A20,kin6d,2422,libneo_Boozer,0.05025,4.626201721272788e-09,4.587636065859746e-09,1.3416962540979682e-08,5.44615057496145e-08,1.1103924474815445e-07,1.616604094833158e-07,1.0762814669769802e-08,1.0804544477189259e-08,5.564264114107292e-07,6.529827272514648e-07,1.1536270327263524e-08,1.1784659973510603e-08,1.0761974479235483e-08,1.083670626545906e-08,6.28877164371433e-08,6.10054073368893e-08,1.3607243945501502e-07
E1_A20,kin6d,2422,libneo_Boozer,0.13475,7.469944025906159e-09,7.44073882474498e-09,5.240143874374326e-10,5.44615057496145e-08,1.2203401937763348e-07,1.7883957294456412e-07,4.102949623841331e-09,4.503866768384425e-09,1.895237402873507e-07,2.4748737253604697e-07,4.711564395154917e-09,5.072578758581804e-09,4.101774197658714e-09,4.482380147358664e-09,7.215285266481963e-08,6.691346599030368e-08,9.11421123017675e-08
E1_A20,kin6d,2422,libneo_Boozer,0.21925,8.211829030023436e-09,8.189363833656981e-09,5.924766899312317e-09,5.44615057496145e-08,1.651505134842186e-07,2.865134631453066e-07,1.5087860560913444e-08,1.5034874809900348e-08,2.981004951363575e-07,3.6709699451896904e-07,1.57857820433781e-08,1.5906498654562332e-08,1.5085509589226554e-08,1.509696894771666e-08,1.4915898707834607e-07,1.4047721913490463e-07,1.5000510361629082e-07
E1_A20,kin6d,2422,libneo_Boozer,0.30375,4.516978271724552e-09,4.4742850895180996e-09,6.0908855736840906e-09,5.44615057496145e-08,1.8473015697917578e-07,3.0257438682504404e-07,9.03084364023471e-09,9.751227304342282e-09,1.6842861288320475e-07,2.2146255204537835e-07,9.54367952202514e-09,1.0442113171059677e-08,9.024098101384906e-09,9.686954775648744e-09,1.4418954852324362e-07,1.3184766861629171e-07,1.1961462109688625e-07
E1_A20,kin6d,2422,libneo_Boozer,0.38825,1.2014188624496506e-09,8.569174804908613e-10,1.5968704136781753e-10,5.44615057496145e-08,1.7437686426312802e-07,2.8547667698618823e-07,3.6008242936475744e-09,3.83946826681919e-09,1.1984132297836726e-07,1.5483226771568753e-07,4.375114755858019e-09,4.911674273293898e-09,3.5968740431818466e-09,3.7869275206847475e-09,1.1622668982802509e-07,1.0049158333247377e-07,8.063877710018375e-08
E1_A20,kin6d,2422,libneo_Boozer,0.47275,4.772121461000014e-09,4.749168802452262e-09,2.2472605998302697e-09,5.44615057496145e-08,2.072655164936485e-07,2.6854783852421916e-07,6.580111844490336e-09,6.701728161253887e-09,5.892056633529985e-08,8.198299011374495e-08,6.715233051317524e-09,6.791434590469763e-09,6.580994467922246e-09,6.721443574711274e-09,9.12442861822349e-08,7.203954027756865e-08,5.238719580358264e-08
E1_A20,kin6d,2422,libneo_Boozer,0.55725,8.57152785965304e-09,8.556162329177952e-09,1.7912601402159112e-09,5.44615057496145e-08,3.436623580505884e-07,6.221808267308031e-07,2.752762323584641e-09,3.6349726242990495e-09,1.599014970707312e-07,1.9266741167100743e-07,4.8336670752277516e-09,5.094550417780981e-09,2.7784993125955587e-09,3.720106411511695e-09,2.3313774533129106e-07,2.1046281462044902e-07,1.4096792233520006e-07
E1_A20,kin6d,2422,libneo_Boozer,0.64175,2.3506251991246323e-09,2.2916921947449276e-09,1.224467804927798e-08,5.44615057496145e-08,2.8311210215936533e-07,3.4867062373938183e-07,2.5994886455691327e-09,3.464914814436006e-09,3.013775842158676e-08,6.362611487849525e-08,2.720017627936644e-09,3.674790862128079e-09,2.606375099447101e-09,3.4728624885750086e-09,9.068487749619436e-08,6.444829814267194e-08,4.022522737123779e-08
E1_A20,kin6d,2422,libneo_Boozer,0.72625,5.092116203561121e-09,4.99383640185136e-09,1.5937971609147894e-08,5.44615057496145e-08,2.961442664324189e-07,3.9621145363951046e-07,4.4128102889593196e-09,4.601443886564294e-09,5.766312648331245e-08,1.6835009079782055e-07,4.704576015627888e-09,6.133192276001749e-09,4.42583632935725e-09,4.644014679662636e-09,8.230057491065423e-08,5.288694449046005e-08,3.1029544600436054e-08
E1_A20,kin6d,2422,libneo_Boozer,0.81075,9.072149550862449e-09,7.65842623641607e-09,3.0794277194878816e-07,5.44615057496145e-08,5.505787455027052e-07,1.0535424299578742e-06,5.810329408226295e-10,1.2745454863002297e-09,6.119384601423909e-07,1.8050720982239565e-06,1.8349862162745537e-08,5.352046968895858e-08,9.79191476954738e-10,2.6250316853378486e-09,1.8123508627176932e-07,1.606942773291209e-07,8.923329197774166e-08
E1_A20,kin6d,2422,libneo_Boozer,0.89525,4.247953800807475e-09,3.7004238765344307e-09,6.239688019604728e-07,5.44615057496145e-08,1.3701918215752475e-06,1.919041561493689e-06,3.1455126938917553e-09,3.6471555953291384e-09,8.504369395817314e-07,1.6033083420161594e-06,2.6966679029226236e-08,5.0010726763077565e-08,3.803820574468559e-09,4.725488866804237e-09,1.909227286267523e-07,1.2322763554006855e-07,6.511873262837753e-08
E1_A20,kin6d,2422,libneo_Boozer,0.97975,9.871109489056779e-09,8.06783152657339e-09,9.138455274726454e-07,5.44615057496145e-08,7.618257958529658e-06,1.59384449731718e-05,4.613999606991751e-09,6.641705726486872e-09,1.196838997140281e-06,1.924747855987446e-06,3.969743329576598e-08,6.27793253681304e-08,3.839076923624509e-09,7.802939997529186e-09,3.206408079048373e-07,3.168847165779809e-07,1.600713570582002e-07
E1_A20,kin6d,2422,NEO_RT,0.05,,2.728469013462771e-09,9.67603508428283e-09,,,,,,,,,,,,,,
E1_A20,kin6d,2422,NEO_RT,0.13454545454545455,,8.094389068218329e-09,4.484430826678931e-09,,,,,,,,,,,,,,
E1_A20,kin6d,2422,NEO_RT,0.21909090909090911,,4.013087280454204e-09,4.34280056360592e-09,,,,,,,,,,,,,,
E1_A20,kin6d,2422,NEO_RT,0.30363636363636365,,6.445777418146699e-09,5.234930489095291e-09,,,,,,,,,,,,,,
E1_A20,kin6d,2422,NEO_RT,0.3881818181818182,,1.9364413824483156e-09,4.37053726543013e-10,,,,,,,,,,,,,,
E1_A20,kin6d,2422,NEO_RT,0.4727272727272728,,5.035407534575776e-09,2.2113666453549286e-09,,,,,,,,,,,,,,
E1_A20,kin6d,2422,NEO_RT,0.5572727272727274,,8.804566883440863e-09,1.9715730159575173e-09,,,,,,,,,,,,,,
E1_A20,kin6d,2422,NEO_RT,0.641818181818182,,6.604854893895398e-10,1.262727045148182e-08,,,,,,,,,,,,,,
E1_A20,kin6d,2422,NEO_RT,0.7263636363636364,,3.62992016153458e-09,1.4060809405691543e-08,,,,,,,,,,,,,,
E1_A20,kin6d,2422,NEO_RT,0.810909090909091,,6.316381211940948e-09,3.0572956211116775e-07,,,,,,,,,,,,,,
E1_A20,kin6d,2422,NEO_RT,0.8954545454545456,,2.10437674822507e-09,6.142158559541144e-07,,,,,,,,,,,,,,
E1_A20,kin6d,2422,NEO_RT,0.9800000000000001,,6.7725205310625244e-09,9.78355351621829e-07,,,,,,,,,,,,,,
E1_A20,kin6d,2422,NEO_2,0.05,,2.7284602663148604e-09,9.676033418948293e-09,,,,,,,,,,,,,,
E1_A20,kin6d,2422,NEO_2,0.13454545454545455,,8.094391654802529e-09,4.484432380991166e-09,,,,,,,,,,,,,,
E1_A20,kin6d,2422,NEO_2,0.21909090909090911,,4.013054362237603e-09,4.34280011951671e-09,,,,,,,,,,,,,,
E1_A20,kin6d,2422,NEO_2,0.30363636363636365,,6.445781419571718e-09,5.234930489095291e-09,,,,,,,,,,,,,,
E1_A20,kin6d,2422,NEO_2,0.3881818181818182,,1.936441121906553e-09,4.370572792566918e-10,,,,,,,,,,,,,,
E1_A20,kin6d,2422,NEO_2,0.4727272727272728,,5.035404188312184e-09,2.211370864202422e-09,,,,,,,,,,,,,,
E1_A20,kin6d,2422,NEO_2,0.5572727272727274,,8.804563200704207e-09,1.971574348225147e-09,,,,,,,,,,,,,,
E1_A20,kin6d,2422,NEO_2,0.641818181818182,,6.604849490854242e-10,1.2627266676723536e-08,,,,,,,,,,,,,,
E1_A20,kin6d,2422,NEO_2,0.7263636363636364,,3.6299249069529106e-09,1.4060804964799445e-08,,,,,,,,,,,,,,
E1_A20,kin6d,2422,NEO_2,0.810909090909091,,6.3163770958448124e-09,3.0572956277730157e-07,,,,,,,,,,,,,,
E1_A20,kin6d,2422,NEO_2,0.8954545454545456,,2.104394633746805e-09,6.142158524014008e-07,,,,,,,,,,,,,,
E1_A20,kin6d,2422,NEO_2,0.9800000000000001,,6.772514125139379e-09,9.783553525100075e-07,,,,,,,,,,,,,,
E1_A3p1,kin6d,2395,libneo_Boozer,0.05025,4.472364780764982e-08,3.182239894217195e-08,3.354920141696027e-08,5.9089740434004057e-08,1.0059805564879473e-07,1.2736434517910888e-07,1.8680991139421693e-09,3.025651685304862e-09,1.838019582184298e-06,5.115169140805128e-06,8.548727696467993e-08,2.349882571604657e-07,3.1253966831753723e-09,6.96460405243145e-09,4.452855821568402e-08,5.352217825882466e-08,1.1938117996934672e-07
E1_A3p1,kin6d,2395,libneo_Boozer,0.13475,3.4971829478777617e-08,2.7814615563120613e-08,1.916954929237491e-07,5.9089740434004057e-08,1.0789237623029275e-07,1.5948677633082009e-07,6.4840985627750265e-09,8.32727436496801e-09,1.1802188644201431e-06,3.489814824898489e-06,8.989571635063435e-08,2.592549146967444e-07,9.239127590360742e-09,1.809132644251775e-08,6.816509248719349e-08,5.2922733861926474e-08,7.208548846726615e-08
E1_A3p1,kin6d,2395,libneo_Boozer,0.21925,3.4694207623975777e-08,2.6347786624685842e-08,1.1612841588348743e-07,5.9089740434004057e-08,1.197510484907279e-07,1.9050033733971193e-07,3.191976245517458e-09,4.537623633040843e-09,8.449574467161503e-07,2.6528503829303855e-06,8.175419766894083e-08,2.490305535329668e-07,7.765196596511846e-09,2.240439860584429e-08,8.543296600715955e-08,6.36154876554329e-08,6.79302217809763e-08
E1_A3p1,kin6d,2395,libneo_Boozer,0.30375,2.2452816255780988e-08,1.679374501188738e-08,9.251449184510818e-08,5.9089740434004057e-08,1.1826537161097694e-07,1.8168502875066542e-07,4.1628063785221935e-09,6.561090250554172e-09,6.688668383230293e-07,2.1375124329046922e-06,7.604913970820307e-08,2.3430442540178345e-07,8.572278793077428e-09,2.0948978368928943e-08,6.991997753003076e-08,4.837069322860543e-08,4.388278229683351e-08
E1_A3p1,kin6d,2395,libneo_Boozer,0.38825,1.9562613765925824e-08,1.5040476536530274e-08,7.542613245092866e-08,5.9089740434004057e-08,1.4733647249941717e-07,2.338477132133621e-07,9.383268567061307e-09,1.554236137185039e-08,5.651353549601939e-07,1.4824590500376414e-06,7.295980095611721e-08,1.8269036195449916e-07,1.3550979326676156e-08,3.288825849680651e-08,9.285545082837743e-08,7.085647768523273e-08,5.685829229662431e-08
E1_A3p1,kin6d,2395,libneo_Boozer,0.47275,2.2569539557848926e-08,1.8186406756036835e-08,4.6794698449481587e-08,5.9089740434004057e-08,1.6313754367715112e-07,2.627876944357122e-07,7.992119651890299e-09,1.2847244338514485e-08,7.310922328819474e-07,3.096519305814444e-06,1.033527444741148e-07,4.1752585104626594e-07,1.4736186387591644e-08,5.621586691082034e-08,9.489399216411343e-08,9.002633011290229e-08,6.546720543454398e-08
E1_A3p1,kin6d,2395,libneo_Boozer,0.55725,3.443710748249663e-08,2.6138902466107853e-08,2.3391956371909828e-08,5.9089740434004057e-08,2.0272754278140295e-07,3.8464258338588395e-07,7.306644476576129e-09,1.5633981596992355e-08,6.28436244334627e-07,1.9358532744065607e-06,9.62050820093631e-08,2.8173835435579533e-07,1.4241399419808456e-08,4.538036856791996e-08,1.3260312758944792e-07,1.0397108929360854e-07,6.963980392349356e-08
E1_A3p1,kin6d,2395,libneo_Boozer,0.64175,2.668883234478107e-08,1.916102081007815e-08,4.86257371035137e-08,5.9089740434004057e-08,2.760366032190983e-07,4.800040174872123e-07,2.2363745792962413e-09,6.17982681297313e-09,4.698489823855077e-07,1.2551006609336106e-06,7.680957716307136e-08,1.9475931582712805e-07,1.038261805425191e-08,2.5819087467146342e-08,1.405778903285082e-07,1.0935781502574571e-07,6.825537723909036e-08
E1_A3p1,kin6d,2395,libneo_Boozer,0.72625,2.860998688338759e-08,2.151053638500586e-08,4.671137010525683e-08,5.9089740434004057e-08,4.5504963797775104e-07,6.758543516966681e-07,1.6312879620878568e-08,1.9874353657258173e-08,4.789060531579141e-07,1.2778617492017594e-06,8.45785485243036e-08,2.0981318554229875e-07,1.9271814125028355e-08,3.2171401407532614e-08,1.5966744049134007e-07,1.3109021157475809e-07,7.691254400032932e-08
E1_A3p1,kin6d,2395,libneo_Boozer,0.81075,8.54835228177491e-08,6.340445258320327e-08,1.675124150501972e-07,5.9089740434004057e-08,5.802719862278557e-07,1.6933350784724173e-06,1.4230029461353478e-08,5.2863675787712214e-08,9.398624744145177e-07,2.5203692181264493e-06,1.7230772048343222e-07,4.344886356250795e-07,3.189916582302897e-08,7.556846326666218e-08,2.9824120595378645e-07,2.745266745041164e-07,1.5244424655946887e-07
E1_A3p1,kin6d,2395,libneo_Boozer,0.89525,1.342747577676659e-07,1.1214998727121505e-07,1.2553233430523392e-07,5.9089740434004057e-08,1.4449270711657199e-06,3.3220886558350753e-06,2.2703258308834153e-08,4.518268675906005e-08,9.563235683895661e-07,2.2430793363355993e-06,1.8449443076789017e-07,4.0429416125308564e-07,3.518716048291558e-08,8.328276700530673e-08,3.3091927398309906e-07,2.8750393676890695e-07,1.5192932223406785e-07
E1_A3p1,kin6d,2395,libneo_Boozer,0.97975,1.7688626258792389e-07,1.499894333309696e-07,1.0500937253077325e-06,5.9089740434004057e-08,1.3960430712976615e-05,6.058755889022163e-05,7.717149360860033e-08,2.1445009363590822e-07,1.6876652990415787e-06,2.988585489680151e-06,3.455791758650306e-07,5.692151511836811e-07,7.083869574980063e-08,1.2170054036544377e-07,1.1909732927639638e-06,1.200029370873601e-06,6.061834999515625e-07
E1_A3p1,kin6d,2395,NEO_RT,0.05,,3.1608169269529886e-08,3.899100531334909e-08,,,,,,,,,,,,,,
E1_A3p1,kin6d,2395,NEO_RT,0.13454545454545455,,2.7009631648288233e-08,1.9172562160107987e-07,,,,,,,,,,,,,,
E1_A3p1,kin6d,2395,NEO_RT,0.21909090909090911,,2.6510997418293672e-08,1.1472919825283867e-07,,,,,,,,,,,,,,
E1_A3p1,kin6d,2395,NEO_RT,0.30363636363636365,,1.8479585060384133e-08,9.351008278812856e-08,,,,,,,,,,,,,,
E1_A3p1,kin6d,2395,NEO_RT,0.3881818181818182,,1.511500847658098e-08,7.377434863009569e-08,,,,,,,,,,,,,,
E1_A3p1,kin6d,2395,NEO_RT,0.4727272727272728,,1.8118477314561633e-08,4.668319608658322e-08,,,,,,,,,,,,,,
E1_A3p1,kin6d,2395,NEO_RT,0.5572727272727274,,2.613771869724773e-08,2.319417391483114e-08,,,,,,,,,,,,,,
E1_A3p1,kin6d,2395,NEO_RT,0.641818181818182,,1.9167560518792902e-08,4.9300317606082444e-08,,,,,,,,,,,,,,
E1_A3p1,kin6d,2395,NEO_RT,0.7263636363636364,,2.054239622571322e-08,4.789728769161172e-08,,,,,,,,,,,,,,
E1_A3p1,kin6d,2395,NEO_RT,0.810909090909091,,6.178398475860164e-08,1.663628401704642e-07,,,,,,,,,,,,,,
E1_A3p1,kin6d,2395,NEO_RT,0.8954545454545456,,1.1380911900857083e-07,1.2005810390292027e-07,,,,,,,,,,,,,,
E1_A3p1,kin6d,2395,NEO_RT,0.9800000000000001,,1.6054012313068247e-07,1.0848421176934409e-06,,,,,,,,,,,,,,
E1_A3p1,kin6d,2395,NEO_2,0.05,,3.160776935984904e-08,3.899100531334909e-08,,,,,,,,,,,,,,
E1_A3p1,kin6d,2395,NEO_2,0.13454545454545455,,2.7009566760587225e-08,1.917256232664144e-07,,,,,,,,,,,,,,
E1_A3p1,kin6d,2395,NEO_2,0.21909090909090911,,2.6510995440317743e-08,1.1472919902999479e-07,,,,,,,,,,,,,,
E1_A3p1,kin6d,2395,NEO_2,0.30363636363636365,,1.8479597627032234e-08,9.351007901337027e-08,,,,,,,,,,,,,,
E1_A3p1,kin6d,2395,NEO_2,0.3881818181818182,,1.5115029123571168e-08,7.377434863009569e-08,,,,,,,,,,,,,,
E1_A3p1,kin6d,2395,NEO_2,0.4727272727272728,,1.811850837422913e-08,4.6683194310226384e-08,,,,,,,,,,,,,,
E1_A3p1,kin6d,2395,NEO_2,0.5572727272727274,,2.6137684071675267e-08,2.3194180798213893e-08,,,,,,,,,,,,,,
E1_A3p1,kin6d,2395,NEO_2,0.641818181818182,,1.9167601940055563e-08,4.930032271310836e-08,,,,,,,,,,,,,,
E1_A3p1,kin6d,2395,NEO_2,0.7263636363636364,,2.0542277094395038e-08,4.789728613729949e-08,,,,,,,,,,,,,,
E1_A3p1,kin6d,2395,NEO_2,0.810909090909091,,6.178408464616012e-08,1.6636283595161672e-07,,,,,,,,,,,,,,
E1_A3p1,kin6d,2395,NEO_2,0.8954545454545456,,1.1380910426948694e-07,1.2005810345883106e-07,,,,,,,,,,,,,,
E1_A3p1,kin6d,2395,NEO_2,0.9800000000000001,,1.6053998814902392e-07,1.0848421156950394e-06,,,,,,,,,,,,,,
E2_A40,kin6d,9946,libneo_Boozer,0.05025,6.040870992419501e-09,6.040580570399183e-09,8.516505056732626e-09,3.1538531786168278e-09,6.877101110658184e-08,1.034794517925482e-07,1.1152264403837808e-08,1.1121344400939143e-08,9.127026029636337e-07,9.689816117111003e-07,1.1662802007637496e-08,1.1689618526923275e-08,1.1152156049618098e-08,1.1108072173500375e-08,9.192851434941529e-08,9.211700992273197e-08,2.054669635542794e-07
E2_A40,kin6d,9946,libneo_Boozer,0.13475,7.771801163186032e-09,7.771746286767749e-09,3.831876038695725e-09,3.1538531786168278e-09,1.0414541301842664e-08,1.757651960636285e-08,8.09285369999071e-09,8.154989306769324e-09,3.767562726861048e-08,6.409427478909873e-08,8.095989013611573e-09,8.16284748773944e-09,8.09297112491451e-09,8.156468414766594e-09,1.0789474480521477e-08,1.1406619898624015e-08,1.553683653954252e-08
E2_A40,kin6d,9946,libneo_Boozer,0.21925,5.235142970180625e-09,5.235305053638699e-09,3.4195803966241556e-09,3.1538531786168278e-09,1.2765203164139724e-07,1.93063066013219e-07,8.99314539588659e-09,8.897872012651114e-09,3.2127101845841694e-07,3.401157428763999e-07,9.3362292024765e-09,9.262258013680408e-09,8.992272888633287e-09,8.916479493072044e-09,1.452454618244836e-07,1.4420409730209194e-07,1.5398475705641346e-07
E2_A40,kin6d,9946,libneo_Boozer,0.30375,5.213545225229812e-09,5.213622456852525e-09,3.167957007832456e-10,3.1538531786168278e-09,2.3350381479867423e-07,3.4603665810064154e-07,1.0416142993412719e-08,1.0446894467078998e-08,3.7762454130731634e-07,3.884365684978934e-07,1.0978547382360873e-08,1.098419793975446e-08,1.0415090888403037e-08,1.0476555858987963e-08,2.3598410503478107e-07,2.3459853959462151e-07,2.1283207607414312e-07
E2_A40,kin6d,9946,libneo_Boozer,0.38825,7.693556262950994e-09,7.693980819224225e-09,1.8353811803706321e-09,3.1538531786168278e-09,2.692503967562549e-07,4.050945803009632e-07,1.2349691186131605e-08,1.2253631843815883e-08,2.9904259438673475e-07,3.1234521271318926e-07,1.2733700277004686e-08,1.2622426585567792e-08,1.234812830895967e-08,1.2282120320774081e-08,2.4343668603155066e-07,2.417559359368937e-07,1.9399536366204728e-07
E2_A40,kin6d,9946,libneo_Boozer,0.47275,6.195457809014842e-09,6.195899158752497e-09,7.012841307663109e-09,3.1538531786168278e-09,1.7776256489232614e-07,2.9922593260626216e-07,4.103660997702617e-09,4.565973857311558e-09,1.2583225529951899e-07,1.3914811119196954e-07,4.3493998614073325e-09,4.828623575004607e-09,4.1025066192115355e-09,4.547882669306403e-09,1.540017735557342e-07,1.5203746489556025e-07,1.1056172866119596e-07
E2_A40,kin6d,9946,libneo_Boozer,0.55725,1.257388768255711e-09,1.2566380631018135e-09,3.757769428958113e-09,3.1538531786168278e-09,2.3776634828552579e-07,4.230341678996939e-07,1.2115262357388019e-09,1.7305809814372187e-09,1.4789830521718291e-07,2.1275381996923088e-07,2.2028461491684623e-09,3.130465084050641e-09,1.2060757100735545e-09,1.697102147317174e-09,1.902690962563014e-07,1.925769297361768e-07,1.2898798595895045e-07
E2_A40,kin6d,9946,libneo_Boozer,0.64175,7.720790904386831e-09,7.701097923464601e-09,4.137654441294103e-09,3.1538531786168278e-09,9.163738029565436e-07,1.3308463740220787e-06,4.339314781046381e-10,4.682414156764565e-10,3.625976709623761e-07,3.722117119080018e-07,4.859107395632453e-09,4.918573880445856e-09,4.3730391399712777e-10,4.521667120217173e-10,4.789267686877707e-07,4.816774552551806e-07,3.006377184977538e-07
E2_A40,kin6d,9946,libneo_Boozer,0.72625,4.709867443539032e-09,4.703028097457806e-09,5.808570624488141e-09,3.1538531786168278e-09,2.3016390052470343e-07,3.7706261397424763e-07,3.4808246511515196e-09,4.015633036759817e-09,6.949112640262906e-08,8.411166025586172e-08,3.6175837146275726e-09,4.046923199082268e-09,3.4838458101124195e-09,4.022097138205502e-09,1.012252178744788e-07,9.835421865833638e-08,5.7705858980128255e-08
E2_A40,kin6d,9946,libneo_Boozer,0.81075,7.815153189142561e-10,7.257475424978671e-10,3.860400443755907e-09,3.1538531786168278e-09,1.2079054135588697e-06,1.7440959354513624e-06,5.112907297550797e-09,5.136283047003454e-09,1.963377471273882e-07,2.2831387267654097e-07,5.899625068193535e-09,5.942676028600901e-09,5.109670899199652e-09,5.169634225150964e-09,3.310854410631947e-07,3.3456753489868873e-07,1.8578488025777773e-07
E2_A40,kin6d,9946,libneo_Boozer,0.89525,1.2328870087803385e-09,1.0912945643654561e-09,4.192119718027243e-08,3.1538531786168278e-09,3.985889895485744e-06,5.63928887603842e-06,8.982409313313342e-09,9.951517985742431e-09,3.434509046726686e-07,4.5124315997926875e-07,1.0485568003042003e-08,1.09501460370276e-08,8.97225887909561e-09,1.0014377966759707e-08,5.908455984471317e-07,5.94452380542343e-07,3.141340273460358e-07
E2_A40,kin6d,9946,libneo_Boozer,0.97975,9.981292732928052e-10,7.141953365412446e-10,1.2737174936994222e-07,3.1538531786168278e-09,1.5738350387883253e-05,2.584024118049431e-05,6.3887761717361955e-09,6.686113351976628e-09,2.933839112118019e-07,4.848789395608169e-07,8.011360676659318e-09,9.942387176922111e-09,6.3523920706511385e-09,6.730846272519765e-09,5.22834204930156e-07,5.263381123166155e-07,2.6587484214246615e-07
E2_A40,kin6d,9946,NEO_RT,0.05,,6.323309808097016e-09,2.494634498972914e-09,,,,,,,,,,,,,,
E2_A40,kin6d,9946,NEO_RT,0.13454545454545455,,6.621313432269725e-09,4.299523514994519e-09,,,,,,,,,,,,,,
E2_A40,kin6d,9946,NEO_RT,0.21909090909090911,,4.755357042655901e-09,4.046111889977055e-09,,,,,,,,,,,,,,
E2_A40,kin6d,9946,NEO_RT,0.30363636363636365,,4.886484764192695e-09,7.430207560332747e-10,,,,,,,,,,,,,,
E2_A40,kin6d,9946,NEO_RT,0.3881818181818182,,7.191440155640562e-09,2.0818078372286664e-09,,,,,,,,,,,,,,
E2_A40,kin6d,9946,NEO_RT,0.4727272727272728,,6.2038874126510725e-09,7.30301552565038e-09,,,,,,,,,,,,,,
E2_A40,kin6d,9946,NEO_RT,0.5572727272727274,,1.301959687356842e-09,3.549875948749559e-09,,,,,,,,,,,,,,
E2_A40,kin6d,9946,NEO_RT,0.641818181818182,,7.236238142069718e-09,3.571781537203833e-09,,,,,,,,,,,,,,
E2_A40,kin6d,9946,NEO_RT,0.7263636363636364,,4.8939881994776745e-09,3.388402447512817e-09,,,,,,,,,,,,,,
E2_A40,kin6d,9946,NEO_RT,0.810909090909091,,8.969100432633992e-10,2.8267697071981956e-09,,,,,,,,,,,,,,
E2_A40,kin6d,9946,NEO_RT,0.8954545454545456,,8.846246076742094e-10,4.396693065178425e-08,,,,,,,,,,,,,,
E2_A40,kin6d,9946,NEO_RT,0.9800000000000001,,4.6113224843028684e-10,1.2820343087138752e-07,,,,,,,,,,,,,,
E2_A40,kin6d,9946,NEO_2,0.05,,6.323308452196982e-09,2.494635387151334e-09,,,,,,,,,,,,,,
E2_A40,kin6d,9946,NEO_2,0.13454545454545455,,6.621310761250652e-09,4.299515632411044e-09,,,,,,,,,,,,,,
E2_A40,kin6d,9946,NEO_2,0.21909090909090911,,4.755357163544239e-09,4.04611255611087e-09,,,,,,,,,,,,,,
E2_A40,kin6d,9946,NEO_2,0.30363636363636365,,4.886483329204346e-09,7.430258630591879e-10,,,,,,,,,,,,,,
E2_A40,kin6d,9946,NEO_2,0.3881818181818182,,7.1914482757394745e-09,2.081793626373951e-09,,,,,,,,,,,,,,
E2_A40,kin6d,9946,NEO_2,0.4727272727272728,,6.203895273672633e-09,7.303012083959004e-09,,,,,,,,,,,,,,
E2_A40,kin6d,9946,NEO_2,0.5572727272727274,,1.3019555354640158e-09,3.5498812778200772e-09,,,,,,,,,,,,,,
E2_A40,kin6d,9946,NEO_2,0.641818181818182,,7.23624107907343e-09,3.5717806490254134e-09,,,,,,,,,,,,,,
E2_A40,kin6d,9946,NEO_2,0.7263636363636364,,4.893997057195037e-09,3.3884037797804467e-09,,,,,,,,,,,,,,
E2_A40,kin6d,9946,NEO_2,0.810909090909091,,8.969152603653902e-10,2.826768152885961e-09,,,,,,,,,,,,,,
E2_A40,kin6d,9946,NEO_2,0.8954545454545456,,8.846313872444876e-10,4.3966928098271296e-08,,,,,,,,,,,,,,
E2_A40,kin6d,9946,NEO_2,0.9800000000000001,,4.6112305529840113e-10,1.2820342798480766e-07,,,,,,,,,,,,,,
E1_A20,kin6d,9766,libneo_Boozer,0.05025,4.564884823481022e-09,4.5568193437136385e-09,1.5958705468221979e-09,2.131276932715309e-09,4.297942212818232e-08,6.852579416718294e-08,1.0759743297965049e-08,1.067121529128044e-08,5.548890438674889e-07,6.205999379838211e-07,1.152927672441019e-08,1.1619294225915808e-08,1.0759544106164392e-08,1.0700757767693015e-08,5.9498447564643175e-08,5.9051464960935274e-08,1.3171417614921133e-07
E1_A20,kin6d,9766,libneo_Boozer,0.13475,7.410459101262157e-09,7.41093389777553e-09,5.240143874374326e-10,2.131276932715309e-09,4.079708804700323e-08,5.690547325215507e-08,4.093456369230072e-09,4.55503994366992e-09,1.8955006438600657e-07,2.4143273380124433e-07,4.703459438931949e-09,5.041821543207112e-09,4.0957543074558414e-09,4.5722774772330666e-09,5.4318770342787204e-08,5.501795732887338e-08,7.493938486424767e-08
E1_A20,kin6d,9766,libneo_Boozer,0.21925,8.195594266262852e-09,8.18122606977997e-09,5.924766899312317e-09,2.131276932715309e-09,1.212526195522313e-07,1.921809639080437e-07,1.508790966169229e-08,1.5016505148086548e-08,2.9734855238299303e-07,3.247755411001005e-07,1.57823810003391e-08,1.5788274249699023e-08,1.5085521797634316e-08,1.508184916847589e-08,1.4543794785160102e-07,1.443230420172803e-07,1.5411176923496583e-07
E1_A20,kin6d,9766,libneo_Boozer,0.30375,4.431764790580186e-09,4.431456910944214e-09,6.0908855736840906e-09,2.131276932715309e-09,1.0040695647129366e-07,1.4304877989400785e-07,9.012042598957614e-09,9.331557175586466e-09,1.657125252312684e-07,1.8572685354051894e-07,9.509841336600857e-09,9.858596837288025e-09,9.010337940656575e-09,9.380533415948926e-09,1.0367172526004609e-07,1.0500417951808672e-07,9.526173438967334e-08
E1_A20,kin6d,9766,libneo_Boozer,0.38825,8.9075861123194e-10,6.396621049775515e-10,1.5968704136781753e-10,2.131276932715309e-09,1.1338731521871987e-07,1.7943629879929122e-07,3.6006115697031602e-09,3.845383588331703e-09,1.1948714693237778e-07,1.429323266252468e-07,4.370768341076684e-09,4.8416653168834e-09,3.5967469135842655e-09,3.782188283018618e-09,1.0615070344943689e-07,1.0445018588933763e-07,8.381533012080666e-08
E1_A20,kin6d,9766,libneo_Boozer,0.47275,4.751339354184066e-09,4.73873311010015e-09,2.2472605998302697e-09,2.131276932715309e-09,7.55259348710293e-08,1.4531900402406349e-07,6.5923699452536054e-09,6.708985344051594e-09,5.7923057129069197e-08,8.231148341965918e-08,6.722697753867805e-09,6.958131549772855e-09,6.59331327725458e-09,6.745818552899542e-09,7.350037672937404e-08,7.151493486290406e-08,5.200570241115088e-08
E1_A20,kin6d,9766,libneo_Boozer,0.55725,8.543920544348847e-09,8.542335287119657e-09,1.7912601402159112e-09,2.131276932715309e-09,2.8187348379922466e-07,4.104968778939452e-07,2.66260799570732e-09,2.978062710649887e-09,1.5840172651465002e-07,1.788901274995975e-07,4.752008428355969e-09,4.887540067693269e-09,2.6599648544246605e-09,2.898090304093002e-09,1.8429032677680368e-07,1.866256899019092e-07,1.250018465404068e-07
E1_A20,kin6d,9766,libneo_Boozer,0.64175,2.2592626103319022e-09,2.2452402595990857e-09,2.7784397005348183e-09,2.131276932715309e-09,3.0557948563861275e-08,4.6893480847265474e-08,2.5049147684016217e-09,2.8647896843810395e-09,1.502029275385215e-08,2.1335019599612084e-08,2.535860005935915e-09,2.8757949451364745e-09,2.5031265983499004e-09,2.8584365129475145e-09,1.8898190123906033e-08,2.1543125505729677e-08,1.344608280273718e-08
E1_A20,kin6d,9766,libneo_Boozer,0.72625,4.897147381301874e-09,4.895273997289263e-09,9.133807044037212e-10,2.131276932715309e-09,1.1203084411255273e-07,1.6606652366973126e-07,4.4251182640654275e-09,4.645462402196818e-09,1.3561678653952964e-08,1.967575359200943e-08,4.440036223091037e-09,4.6482877710435645e-09,4.425770376573355e-09,4.636414449069005e-09,4.383327356638489e-08,4.088310634475789e-08,2.398671705705624e-08
E1_A20,kin6d,9766,libneo_Boozer,0.81075,5.926719077185381e-09,5.919356998809903e-09,7.421586345479625e-09,2.131276932715309e-09,7.086296086645831e-07,1.1157199080539742e-06,9.631008140421024e-10,1.6301895255585704e-09,1.1661668587602454e-07,1.301295380809019e-07,3.625318218030959e-09,3.862246746742841e-09,9.205474541602256e-10,1.5431003971079552e-09,2.1216280410296662e-07,2.1551893181204207e-07,1.196773544709373e-07
E1_A20,kin6d,9766,libneo_Boozer,0.89525,3.282130367582794e-09,3.170596121844064e-09,5.2270807904264416e-08,2.131276932715309e-09,2.1549495638103204e-07,3.355709891363444e-07,3.779890631402174e-09,3.90100116137694e-09,6.421296065994019e-08,2.1058465829318394e-07,4.285198207091325e-09,7.62831895968463e-09,3.728100421116386e-09,3.725115741400835e-09,3.574818407958702e-08,3.888671196161653e-08,2.0549396295699296e-08
E1_A20,kin6d,9766,libneo_Boozer,0.97975,5.791792192821702e-09,5.754104974194831e-09,1.3818623201267144e-07,2.131276932715309e-09,2.063713501053616e-06,3.4231490707789614e-06,3.562007340575656e-09,3.944970214216184e-09,1.5840904882198673e-07,3.3371007077728167e-07,6.317294769548701e-09,1.1514064789596679e-08,3.7168814302361713e-09,4.223826452245058e-09,6.939859187315989e-08,7.235725951737493e-08,3.6550597881657154e-08
E1_A20,kin6d,9766,NEO_RT,0.05,,2.6653334644146936e-09,1.7064106794251188e-09,,,,,,,,,,,,,,
E1_A20,kin6d,9766,NEO_RT,0.13454545454545455,,8.068010119763841e-09,3.2111215908514623e-09,,,,,,,,,,,,,,
E1_A20,kin6d,9766,NEO_RT,0.21909090909090911,,4.0042690640500725e-09,4.088106297928107e-09,,,,,,,,,,,,,,
E1_A20,kin6d,9766,NEO_RT,0.30363636363636365,,6.41126339148563e-09,6.2268457057257365e-09,,,,,,,,,,,,,,
E1_A20,kin6d,9766,NEO_RT,0.3881818181818182,,1.8031533066014982e-09,1.80760517665135e-10,,,,,,,,,,,,,,
E1_A20,kin6d,9766,NEO_RT,0.4727272727272728,,5.025998647214532e-09,2.2113701980686074e-09,,,,,,,,,,,,,,
E1_A20,kin6d,9766,NEO_RT,0.5572727272727274,,8.791401550533913e-09,1.7661301310312183e-09,,,,,,,,,,,,,,
E1_A20,kin6d,9766,NEO_RT,0.641818181818182,,5.364342903543151e-10,2.3211998989580707e-09,,,,,,,,,,,,,,
E1_A20,kin6d,9766,NEO_RT,0.7263636363636364,,3.472558615803867e-09,3.383870961215507e-09,,,,,,,,,,,,,,
E1_A20,kin6d,9766,NEO_RT,0.810909090909091,,4.267859842479166e-09,7.6025334916352e-09,,,,,,,,,,,,,,
E1_A20,kin6d,9766,NEO_RT,0.8954545454545456,,9.313337257061747e-10,5.19799958631495e-08,,,,,,,,,,,,,,
E1_A20,kin6d,9766,NEO_RT,0.9800000000000001,,1.288683559010806e-09,1.351964555862395e-07,,,,,,,,,,,,,,
E1_A20,kin6d,9766,NEO_2,0.05,,2.6653029015885375e-09,1.7064082369344646e-09,,,,,,,,,,,,,,
E1_A20,kin6d,9766,NEO_2,0.13454545454545455,,8.068015145064354e-09,3.211127252988888e-09,,,,,,,,,,,,,,
E1_A20,kin6d,9766,NEO_2,0.21909090909090911,,4.004249609991935e-09,4.08811273722165e-09,,,,,,,,,,,,,,
E1_A20,kin6d,9766,NEO_2,0.30363636363636365,,6.411262340044219e-09,6.226840598699823e-09,,,,,,,,,,,,,,
E1_A20,kin6d,9766,NEO_2,0.3881818181818182,,1.8031450871029438e-09,1.8074874930107399e-10,,,,,,,,,,,,,,
E1_A20,kin6d,9766,NEO_2,0.4727272727272728,,5.025993848385827e-09,2.2113724185146566e-09,,,,,,,,,,,,,,
E1_A20,kin6d,9766,NEO_2,0.5572727272727274,,8.791395685242581e-09,1.7661239137822804e-09,,,,,,,,,,,,,,
E1_A20,kin6d,9766,NEO_2,0.641818181818182,,5.364564114430982e-10,2.32120211940412e-09,,,,,,,,,,,,,,
E1_A20,kin6d,9766,NEO_2,0.7263636363636364,,3.472563258746711e-09,3.383868518724853e-09,,,,,,,,,,,,,,
E1_A20,kin6d,9766,NEO_2,0.810909090909091,,4.267866808885221e-09,7.602532492434477e-09,,,,,,,,,,,,,,
E1_A20,kin6d,9766,NEO_2,0.8954545454545456,,9.313523613440937e-10,5.197999952688548e-08,,,,,,,,,,,,,,
E1_A20,kin6d,9766,NEO_2,0.9800000000000001,,1.2886787157487342e-09,1.3519645869486396e-07,,,,,,,,,,,,,,
E1_A3p1,kin6d,9937,libneo_Boozer,0.05025,7.960942437696319e-09,6.457998592060222e-09,1.2973521368309093e-08,2.7867619323274084e-09,1.1064892225315473e-08,1.9073805737686413e-08,2.063805251849714e-09,2.1686862586672923e-09,2.0297198939211285e-07,4.5206582673399926e-07,9.660618878444564e-09,2.087439044607394e-08,2.1075209158424597e-09,3.072304119676882e-09,1.2212337918704463e-08,1.1168207025846755e-08,2.4910669665922924e-08
E1_A3p1,kin6d,9937,libneo_Boozer,0.13475,3.731034736715771e-09,2.6519668538672966e-09,2.6342074965768347e-08,2.7867619323274084e-09,1.3084154277107702e-08,2.4650940739888038e-08,6.333829886893374e-09,6.5530888792813105e-09,1.0597930546175769e-07,2.5735441245606067e-07,1.0232833888567601e-08,1.9813543432496357e-08,6.186431841168866e-09,7.36010603942207e-09,1.590801271267317e-08,1.3643534246821076e-08,1.8583713123909718e-08
E1_A3p1,kin6d,9937,libneo_Boozer,0.21925,5.754943659519828e-09,5.265018149065792e-09,6.632980054099846e-09,2.7867619323274084e-09,2.26727279559603e-08,4.201513483503467e-08,2.9772776156399165e-09,3.5776657681024862e-09,1.2268352483246767e-07,4.6114078978729697e-07,1.2225890793823884e-08,4.336322661829882e-08,3.144433755996185e-09,6.369291155856213e-09,2.7796681512093357e-08,2.5450717699992964e-08,2.7176920824878437e-08
E1_A3p1,kin6d,9937,libneo_Boozer,0.30375,8.27766296378461e-09,7.81805939094205e-09,1.7569304899822669e-09,2.7867619323274084e-09,3.570615312430303e-08,7.724773517273288e-08,1.2791101354197209e-08,1.5946894192608545e-08,9.820794264205893e-08,2.0216346328243657e-07,1.6906103270120672e-08,2.2774175801844175e-08,1.268947444099529e-08,1.5383637996772915e-08,4.9055535411568485e-08,4.45060084341975e-08,4.037666934131323e-08
E1_A3p1,kin6d,9937,libneo_Boozer,0.38825,8.543783526058731e-09,8.259158303811186e-09,3.4901411760657197e-09,2.7867619323274084e-09,3.697748693130909e-08,7.160099378411397e-08,1.168442991916225e-08,1.4798296177129592e-08,6.957726288198509e-08,1.8529108650756637e-07,1.4617131058031312e-08,2.2794347209103563e-08,1.1667553728987567e-08,1.4529604936264081e-08,3.958138988791049e-08,3.4505113988281266e-08,2.7688391579516747e-08
E1_A3p1,kin6d,9937,libneo_Boozer,0.47275,8.74542675216501e-09,7.307114453335994e-09,3.0938383410727965e-08,2.7867619323274084e-09,6.612819676582425e-08,1.0985879407226459e-07,1.1569663105823377e-08,1.69313550996268e-08,9.749503353354114e-08,3.844768614086039e-07,1.7889813579290703e-08,5.18566283811566e-08,1.109296227595797e-08,1.519335217162147e-08,6.038803535002302e-08,6.542963382205613e-08,4.758047134068022e-08
E1_A3p1,kin6d,9937,libneo_Boozer,0.55725,6.3451632707043645e-09,5.657845010956577e-09,7.46080819347128e-09,2.7867619323274084e-09,7.081710599045308e-08,1.1656690322190913e-07,1.3178307929888679e-08,1.8798995967848655e-08,6.36765332783429e-08,2.366157630123471e-07,1.625143693312149e-08,3.8739395952989077e-08,1.3472533820904023e-08,2.2653866362979518e-08,4.8106523320434746e-08,4.274701070894338e-08,2.86319354891873e-08
E1_A3p1,kin6d,9937,libneo_Boozer,0.64175,5.516563077436166e-09,4.021218982420032e-09,6.023133103383316e-10,2.7867619323274084e-09,5.035025187454054e-08,1.0740670937590922e-07,1.3573048546305924e-09,1.5969282535282076e-09,6.871857866497649e-08,2.9431374017019264e-07,1.1308840003585028e-08,4.566819800480694e-08,1.9179585128088908e-09,7.177535302270658e-09,3.5606004478161424e-08,3.0166400710740504e-08,1.882827593835401e-08
E1_A3p1,kin6d,9937,libneo_Boozer,0.72625,9.051028402590846e-09,8.518006253579247e-09,1.5477178427758531e-09,2.7867619323274084e-09,9.690725436301902e-08,1.6236376986036458e-07,8.405810156014216e-09,9.872514058291129e-09,5.3652929714677344e-08,1.6726546724435517e-07,1.2453085005560101e-08,2.8844968981907176e-08,8.691616320662824e-09,1.2274535210105243e-08,4.5199962106501346e-08,5.151913562428945e-08,3.022703209953903e-08
E1_A3p1,kin6d,9937,libneo_Boozer,0.81075,7.995642823773344e-09,6.694966077589983e-09,2.2010585576381914e-08,2.7867619323274084e-09,2.694645392955333e-07,5.051523911210505e-07,1.4956162103546645e-08,1.9861555577066828e-08,6.982416515322267e-08,2.8092339011198646e-07,1.9468051746857288e-08,4.845394367657433e-08,1.4778447556781425e-08,1.8287907604501247e-08,9.22604661557358e-08,8.845450882866146e-08,4.911865758572276e-08
E1_A3p1,kin6d,9937,libneo_Boozer,0.89525,8.541570263763373e-09,6.2391318922628945e-09,4.462965996765433e-09,2.7867619323274084e-09,1.840537448799109e-07,3.6201407972240684e-07,9.35758945243506e-09,9.505917579128767e-09,6.685906418093482e-08,2.3311762513725928e-07,1.575744170356607e-08,4.2664704849001495e-08,9.323447090226474e-09,1.5213449940764276e-08,3.63227137256672e-08,3.2659005833046706e-08,1.7258410478504516e-08
E1_A3p1,kin6d,9937,libneo_Boozer,0.97975,4.6548919512706124e-08,4.1100831012601396e-08,4.428847966142513e-08,2.7867619323274084e-09,1.5338814686177133e-06,4.206044956119491e-06,7.957554870903311e-09,1.2724695358813293e-08,2.218731929468139e-07,3.5496952686539147e-07,4.5011980924898926e-08,6.654301209030776e-08,1.0791737257542671e-08,1.6250873397635452e-08,8.266542084189865e-08,8.11589194738005e-08,4.0996673167370545e-08
E1_A3p1,kin6d,9937,NEO_RT,0.05,,5.649447484851161e-09,8.726629086019955e-09,,,,,,,,,,,,,,
E1_A3p1,kin6d,9937,NEO_RT,0.13454545454545455,,3.7428215179712525e-09,2.621677830383362e-08,,,,,,,,,,,,,,
E1_A3p1,kin6d,9937,NEO_RT,0.21909090909090911,,5.774159253258748e-09,2.5563767769298806e-09,,,,,,,,,,,,,,
E1_A3p1,kin6d,9937,NEO_RT,0.30363636363636365,,7.359496758611909e-09,6.429530241547354e-10,,,,,,,,,,,,,,
E1_A3p1,kin6d,9937,NEO_RT,0.3881818181818182,,7.92396607767386e-09,4.139654397050663e-09,,,,,,,,,,,,,,
E1_A3p1,kin6d,9937,NEO_RT,0.4727272727272728,,7.347324192105209e-09,3.128835801557983e-08,,,,,,,,,,,,,,
E1_A3p1,kin6d,9937,NEO_RT,0.5572727272727274,,5.695287695069686e-09,7.254640221887598e-09,,,,,,,,,,,,,,
E1_A3p1,kin6d,9937,NEO_RT,0.641818181818182,,4.320235369384801e-09,1.728175380577568e-10,,,,,,,,,,,,,,
E1_A3p1,kin6d,9937,NEO_RT,0.7263636363636364,,7.55333885614555e-09,3.8291338988472035e-09,,,,,,,,,,,,,,
E1_A3p1,kin6d,9937,NEO_RT,0.810909090909091,,4.4205777259869664e-09,1.9217774482882533e-08,,,,,,,,,,,,,,
E1_A3p1,kin6d,9937,NEO_RT,0.8954545454545456,,7.451499765939729e-09,3.645117097050843e-09,,,,,,,,,,,,,,
E1_A3p1,kin6d,9937,NEO_RT,0.9800000000000001,,4.243989323860358e-08,3.510235413450857e-08,,,,,,,,,,,,,,
E1_A3p1,kin6d,9937,NEO_2,0.05,,5.649171151538686e-09,8.726627642730023e-09,,,,,,,,,,,,,,
E1_A3p1,kin6d,9937,NEO_2,0.13454545454545455,,3.742883384642487e-09,2.621678230063651e-08,,,,,,,,,,,,,,
E1_A3p1,kin6d,9937,NEO_2,0.21909090909090911,,5.774172815358329e-09,2.5563861028032875e-09,,,,,,,,,,,,,,
E1_A3p1,kin6d,9937,NEO_2,0.30363636363636365,,7.359486492636694e-09,6.429471399727049e-10,,,,,,,,,,,,,,
E1_A3p1,kin6d,9937,NEO_2,0.3881818181818182,,7.92394870495285e-09,4.139669829150705e-09,,,,,,,,,,,,,,
E1_A3p1,kin6d,9937,NEO_2,0.4727272727272728,,7.347338430364057e-09,3.1288360013981276e-08,,,,,,,,,,,,,,
E1_A3p1,kin6d,9937,NEO_2,0.5572727272727274,,5.6953184935700146e-09,7.25464888162719e-09,,,,,,,,,,,,,,
E1_A3p1,kin6d,9937,NEO_2,0.641818181818182,,4.320281616883989e-09,1.7281798214696664e-10,,,,,,,,,,,,,,
E1_A3p1,kin6d,9937,NEO_2,0.7263636363636364,,7.55342364138947e-09,3.8291396720069315e-09,,,,,,,,,,,,,,
E1_A3p1,kin6d,9937,NEO_2,0.810909090909091,,4.4206208370848555e-09,1.9217775037994045e-08,,,,,,,,,,,,,,
E1_A3p1,kin6d,9937,NEO_2,0.8954545454545456,,7.45145306468294e-09,3.6451235363443857e-09,,,,,,,,,,,,,,
E1_A3p1,kin6d,9937,NEO_2,0.9800000000000001,,4.243987253505556e-08,3.510235213610713e-08,,,,,,,,,,,,,,
E2_A40,kin6d,40636,libneo_Boozer,0.05025,6.040877646796699e-09,6.040583897803288e-09,6.467658075770544e-09,4.957954047313251e-10,6.815703042093492e-08,9.662337374060281e-08,1.1152474814960255e-08,1.111769608950035e-08,9.126140122307831e-07,9.606042532818318e-07,1.1662906256349841e-08,1.1677127458287467e-08,1.1152156930535874e-08,1.1104586255567328e-08,9.226832660413908e-08,9.206889824142639e-08,2.0535965042367543e-07
E2_A40,kin6d,40636,libneo_Boozer,0.13475,7.771758395188978e-09,7.771724906666096e-09,3.831876038695725e-09,4.957954047313251e-10,7.511412549309162e-09,1.1300960823965691e-08,8.092854257850082e-09,8.152059644752034e-09,3.7495296805855083e-08,6.063162733092767e-08,8.095958187016646e-09,8.157127539747244e-09,8.092973065796081e-09,8.153433335237751e-09,1.0644502002055134e-08,1.0575159581360793e-08,1.4404313186666684e-08
E2_A40,kin6d,40636,libneo_Boozer,0.21925,5.235142310651819e-09,5.235304726410958e-09,3.4195803966241556e-09,4.957954047313251e-10,1.274172746512117e-07,1.8642543938446683e-07,8.99356289643786e-09,8.898983493306776e-09,3.214804971183284e-07,3.5441067732033815e-07,9.337070972892787e-09,9.292717247324859e-09,8.992690094973747e-09,8.91691038826834e-09,1.4473220780186757e-07,1.446366877655425e-07,1.544466879388473e-07
E2_A40,kin6d,40636,libneo_Boozer,0.30375,5.213512693212278e-09,5.213606190942149e-09,3.167957007832456e-10,4.957954047313251e-10,2.3361157323153953e-07,3.3942447795725374e-07,1.0416142110539903e-08,1.0445325110384392e-08,3.776086271310004e-07,3.893175909297532e-07,1.0978500322020719e-08,1.0983445044504058e-08,1.0415089422821238e-08,1.047468867681227e-08,2.355441547363668e-07,2.3539274490724793e-07,2.1355259349764566e-07
E2_A40,kin6d,40636,libneo_Boozer,0.38825,7.693560784668917e-09,7.693983072321321e-09,1.8353811803706321e-09,4.957954047313251e-10,2.6770019124558376e-07,3.80431352985624e-07,1.2352640804398506e-08,1.2407085599353215e-08,2.986775203783603e-07,3.0544000757412813e-07,1.2735636346521659e-08,1.2782089609927681e-08,1.2351290462717167e-08,1.2437001787471916e-08,2.3201233556591205e-07,2.3186426950649874e-07,1.8605786611392006e-07
E2_A40,kin6d,40636,libneo_Boozer,0.47275,6.195450695692072e-09,6.195895607949064e-09,7.012841307663109e-09,4.957954047313251e-10,1.735972839260465e-07,2.902572572905159e-07,4.1036472097794494e-09,4.558478596827242e-09,1.258247067869359e-07,1.3673776007807308e-07,4.349358174165538e-09,4.81328287638282e-09,4.102493435098778e-09,4.5405552405412414e-09,1.5242688550243244e-07,1.5227360328218253e-07,1.1073344863277157e-07
E2_A40,kin6d,40636,libneo_Boozer,0.55725,1.2570873936202548e-09,1.256487221923611e-09,3.757769428958113e-09,4.957954047313251e-10,2.387716454448346e-07,4.2871433185508825e-07,1.2115528683910408e-09,1.686903873759467e-09,1.4791191984006534e-07,2.0474976622853738e-07,2.20300224848043e-09,3.0258913327410173e-09,1.2062124577520229e-09,1.6554996043506942e-09,1.9013639418474781e-07,1.90337192229606e-07,1.274878101975574e-07
E2_A40,kin6d,40636,libneo_Boozer,0.64175,7.720754255986245e-09,7.701079556731853e-09,4.137654441294103e-09,4.957954047313251e-10,9.153745098415782e-07,1.3416876730649883e-06,4.339322485494889e-10,4.696311177987891e-10,3.625906874430338e-07,3.7143238410301546e-07,4.859014625630987e-09,4.908433646934447e-09,4.3729708536052297e-10,4.416823389866549e-10,4.80667029068016e-07,4.810526232912338e-07,3.002477312330498e-07
E2_A40,kin6d,40636,libneo_Boozer,0.72625,4.709873256160872e-09,4.7030309842051954e-09,5.808570624488141e-09,4.957954047313251e-10,2.3068637642222207e-07,3.5785994869446836e-07,3.480752692035822e-09,3.9971403178871606e-09,6.936221049194975e-08,8.31257962881147e-08,3.6170158328619368e-09,4.030254851244223e-09,3.48378292634187e-09,4.003862703888559e-09,9.760853503237854e-08,9.740452366902019e-08,5.7148659027284054e-08
E2_A40,kin6d,40636,libneo_Boozer,0.81075,7.813833201711636e-10,7.256764589612729e-10,3.860400443755907e-09,4.957954047313251e-10,1.2091709656118166e-06,1.760157005651798e-06,5.112902809781756e-09,5.12155424267172e-09,1.9633145681610206e-07,2.2523822949554604e-07,5.899574099357744e-09,5.90564304089262e-09,5.109677322347304e-09,5.154870132557634e-09,3.3299150592469573e-07,3.335168350382389e-07,1.8520142797129324e-07
E2_A40,kin6d,40636,libneo_Boozer,0.89525,1.1640088936117698e-09,1.0527826139037503e-09,3.118153069081586e-09,4.957954047313251e-10,4.086593976228635e-06,5.837896630205945e-06,8.971741835110465e-09,9.9466330002635e-09,3.378829457122093e-07,3.581901093637853e-07,1.0431389087813945e-08,1.1094085217457335e-08,8.972563245082475e-09,1.0019547374551028e-08,6.110029355799185e-07,6.118650400788184e-07,3.2333562194342136e-07
E2_A40,kin6d,40636,libneo_Boozer,0.97975,7.705187717412077e-10,5.558658830902528e-10,7.243626809483317e-09,4.957954047313251e-10,1.7376572699330184e-05,2.756034420131781e-05,6.36492590674064e-09,6.670257839083823e-09,2.613608094068935e-07,4.2105262630458174e-07,7.684606398255404e-09,8.89846756933898e-09,6.3608989242707504e-09,6.71895803604125e-09,5.575081424291639e-07,5.584530577973368e-07,2.8209741298468316e-07
E2_A40,kin6d,40636,NEO_RT,0.05,,6.323308488208806e-09,6.527313578530425e-09,,,,,,,,,,,,,,
E2_A40,kin6d,40636,NEO_RT,0.13454545454545455,,6.621285163871645e-09,2.1406044714566974e-09,,,,,,,,,,,,,,
E2_A40,kin6d,40636,NEO_RT,0.21909090909090911,,4.755357283936459e-09,4.0075336382727755e-09,,,,,,,,,,,,,,
E2_A40,kin6d,40636,NEO_RT,0.30363636363636365,,4.886467866411479e-09,6.163412002990754e-10,,,,,,,,,,,,,,
E2_A40,kin6d,40636,NEO_RT,0.3881818181818182,,7.191442418018839e-09,2.579515046008396e-09,,,,,,,,,,,,,,
E2_A40,kin6d,40636,NEO_RT,0.4727272727272728,,6.203879704442726e-09,7.302203175463262e-09,,,,,,,,,,,,,,
E2_A40,kin6d,40636,NEO_RT,0.5572727272727274,,1.3018121874643028e-09,3.549926130830272e-09,,,,,,,,,,,,,,
E2_A40,kin6d,40636,NEO_RT,0.641818181818182,,7.236217813884555e-09,3.571781537203833e-09,,,,,,,,,,,,,,
E2_A40,kin6d,40636,NEO_RT,0.7263636363636364,,4.893990860397331e-09,6.998672641422843e-09,,,,,,,,,,,,,,
E2_A40,kin6d,40636,NEO_RT,0.810909090909091,,8.968339082509276e-10,2.8200113355580925e-09,,,,,,,,,,,,,,
E2_A40,kin6d,40636,NEO_RT,0.8954545454545456,,8.367873503984548e-10,2.4870094872397885e-09,,,,,,,,,,,,,,
E2_A40,kin6d,40636,NEO_RT,0.9800000000000001,,6.898271866565913e-10,9.071447037989344e-09,,,,,,,,,,,,,,
E2_A40,kin6d,40636,NEO_2,0.05,,6.323307129664558e-09,6.527314022619635e-09,,,,,,,,,,,,,,
E2_A40,kin6d,40636,NEO_2,0.13454545454545455,,6.6212824933292186e-09,2.1406080241703762e-09,,,,,,,,,,,,,,
E2_A40,kin6d,40636,NEO_2,0.21909090909090911,,4.755357396762993e-09,4.0075338603173805e-09,,,,,,,,,,,,,,
E2_A40,kin6d,40636,NEO_2,0.30363636363636365,,4.8864664249866775e-09,6.163416443882852e-10,,,,,,,,,,,,,,
E2_A40,kin6d,40636,NEO_2,0.3881818181818182,,7.191450536701078e-09,2.5794952840385577e-09,,,,,,,,,,,,,,
E2_A40,kin6d,40636,NEO_2,0.4727272727272728,,6.203887559202114e-09,7.3022022872848424e-09,,,,,,,,,,,,,,
E2_A40,kin6d,40636,NEO_2,0.5572727272727274,,1.301806012227035e-09,3.549929239454741e-09,,,,,,,,,,,,,,
E2_A40,kin6d,40636,NEO_2,0.641818181818182,,7.236222926411173e-09,3.571781759248438e-09,,,,,,,,,,,,,,
E2_A40,kin6d,40636,NEO_2,0.7263636363636364,,4.893995708480039e-09,6.998672641422843e-09,,,,,,,,,,,,,,
E2_A40,kin6d,40636,NEO_2,0.810909090909091,,8.968384500449771e-10,2.8200082269336235e-09,,,,,,,,,,,,,,
E2_A40,kin6d,40636,NEO_2,0.8954545454545456,,8.367922955156809e-10,2.487008599061369e-09,,,,,,,,,,,,,,
E2_A40,kin6d,40636,NEO_2,0.9800000000000001,,6.897549352777633e-10,9.071446038788622e-09,,,,,,,,,,,,,,
E1_A20,kin6d,40483,libneo_Boozer,0.05025,4.563815638323713e-09,4.556283815447292e-09,1.6608703967690985e-08,9.367839837182146e-11,4.1877752359268727e-08,6.247028475973555e-08,1.075890580736303e-08,1.0670154601619734e-08,5.553982436827239e-07,6.339132238682518e-07,1.1529861539229284e-08,1.1658518300361068e-08,1.0759544101137023e-08,1.0700912247561699e-08,5.908635247742211e-08,5.882336417961653e-08,1.312053979629635e-07
E1_A20,kin6d,40483,libneo_Boozer,0.13475,7.410610792034013e-09,7.411009749560823e-09,5.240143874374326e-10,9.367839837182146e-11,4.004538266002079e-08,6.281198108315336e-08,4.093448917853137e-09,4.5468954586945904e-09,1.8938192076101998e-07,2.347746936586229e-07,4.702440772513715e-09,4.958020249619975e-09,4.095763688640059e-09,4.563783465854252e-09,5.4565269247408565e-08,5.4758699685741874e-08,7.458625267409147e-08
E1_A20,kin6d,40483,libneo_Boozer,0.21925,8.196031842187698e-09,8.181445322923954e-09,5.924766899312317e-09,9.367839837182146e-11,1.2096919863938232e-07,1.860040609534831e-07,1.5087918184228183e-08,1.501618392412474e-08,2.9728843797604647e-07,3.2292176459847714e-07,1.5782113840619172e-08,1.5778982974359197e-08,1.5085524491516144e-08,1.507738870648103e-08,1.450044484485602e-07,1.4468384140764456e-07,1.5449703982817198e-07
E1_A20,kin6d,40483,libneo_Boozer,0.30375,4.431261475657099e-09,4.4312051132059295e-09,6.0908855736840906e-09,9.367839837182146e-11,1.0130616219478646e-07,1.5075260176208098e-07,9.012056190302389e-09,9.33107637405736e-09,1.6567111838028773e-07,1.8416197420560882e-07,9.509611260658005e-09,9.821135293646398e-09,9.010344195214977e-09,9.379406846560802e-09,1.0512121906280925e-07,1.0531916622147364e-07,9.554749624829384e-08
E1_A20,kin6d,40483,libneo_Boozer,0.38825,8.846075707199907e-10,6.35377868876388e-10,1.5968704136781753e-10,9.367839837182146e-11,1.1112270323209181e-07,1.7085215711629208e-07,3.6006405998763806e-09,3.822312030756987e-09,1.193646733516516e-07,1.3032293451590002e-07,4.3693517326874156e-09,4.6528556230183195e-09,3.59676372590715e-09,3.7711285489888105e-09,1.0433877439819383e-07,1.0408315181953398e-07,8.352080616003121e-08
E1_A20,kin6d,40483,libneo_Boozer,0.47275,4.751340301538842e-09,4.73873359073603e-09,2.2472605998302697e-09,9.367839837182146e-11,7.236228556788426e-08,1.3646168859637973e-07,6.592369902292846e-09,6.708967227777026e-09,5.791404344220933e-08,8.103941831220536e-08,6.7226570189504315e-09,6.954850973933891e-09,6.5933132064636295e-09,6.747139082520841e-09,7.179481209540484e-08,7.154206899118165e-08,5.202543440496754e-08
E1_A20,kin6d,40483,libneo_Boozer,0.55725,8.543918652323923e-09,8.542334339785862e-09,1.7912601402159112e-09,9.367839837182146e-11,2.8165347694261553e-07,4.207933519761355e-07,2.6625958096673307e-09,2.9824197334132917e-09,1.5839896106502614e-07,1.7815252929287176e-07,4.7519446719777834e-09,4.869670455473638e-09,2.659962691477139e-09,2.902004260420684e-09,1.8635946164025086e-07,1.8665928436245594e-07,1.250243480965807e-07
E1_A20,kin6d,40483,libneo_Boozer,0.64175,2.259261247804286e-09,2.2452395725603853e-09,2.7784397005348183e-09,9.367839837182146e-11,3.9213309455257006e-08,5.8575561565168325e-08,2.5049154952518624e-09,2.865743365239678e-09,1.4988885178933168e-08,2.0535939753442675e-08,2.5357285547715767e-09,2.8723197415611433e-09,2.5031266293261343e-09,2.8585212371672963e-09,2.1068550348779524e-08,2.1367591029886057e-08,1.3336523441154213e-08
E1_A20,kin6d,40483,libneo_Boozer,0.72625,4.897190872008022e-09,4.895295817974429e-09,9.133807044037212e-10,9.367839837182146e-11,9.849701161647378e-08,1.5205331351403705e-07,4.425165745828124e-09,4.663800135573782e-09,1.3630919651377378e-08,2.0741557630673812e-08,4.440254132648269e-09,4.665277175236852e-09,4.42582755923933e-09,4.655568631923908e-09,4.153703692111321e-08,4.123561136992748e-08,2.419353695159998e-08
E1_A20,kin6d,40483,libneo_Boozer,0.81075,5.9267079147100906e-09,5.919351413088633e-09,7.421586345479625e-09,9.367839837182146e-11,7.130778276861129e-07,1.1413670401066468e-06,9.626784043582508e-10,1.6142796526733659e-09,1.1660525680883926e-07,1.282874953288038e-07,3.624875867408594e-09,3.810549123060971e-09,9.201498325045631e-10,1.526945928792337e-09,2.1595086185932644e-07,2.1635588787205506e-07,1.2014211503430516e-07
E1_A20,kin6d,40483,libneo_Boozer,0.89525,3.1812385878616635e-09,3.118702607456916e-09,7.188195705332134e-09,9.367839837182146e-11,2.4707733483026146e-07,5.21998097485159e-07,3.800228450966439e-09,3.7119654630005894e-09,3.23797683825761e-08,3.984987474234707e-08,3.932845290784199e-09,3.804520515147715e-09,3.7922103682601115e-09,3.7173752087728492e-09,5.462413898982277e-08,5.430549609997115e-08,2.8697338283478757e-08
E1_A20,kin6d,40483,libneo_Boozer,0.97975,5.755141152570291e-09,5.73574786270774e-09,2.9251296940202565e-09,9.367839837182146e-11,2.94852594764173e-06,4.738721896984349e-06,3.7094411301776112e-09,4.234299255100067e-09,5.615577863969448e-08,1.2638685077036984e-07,4.1433689582890136e-09,5.68575369771127e-09,3.71736347171991e-09,4.248443563976931e-09,9.591024441313323e-08,9.632781816648617e-08,4.865910341322888e-08
E1_A20,kin6d,40483,NEO_RT,0.05,,2.6642774864575664e-09,1.4421287719557085e-08,,,,,,,,,,,,,,
E1_A20,kin6d,40483,NEO_RT,0.13454545454545455,,8.068069233055833e-09,1.4282359739326012e-09,,,,,,,,,,,,,,
E1_A20,kin6d,40483,NEO_RT,0.21909090909090911,,4.004698178037667e-09,2.2335457927624702e-09,,,,,,,,,,,,,,
E1_A20,kin6d,40483,NEO_RT,0.30363636363636365,,6.411098021144591e-09,6.226839044387589e-09,,,,,,,,,,,,,,
E1_A20,kin6d,40483,NEO_RT,0.3881818181818182,,1.8041565137502724e-09,1.807611837989498e-10,,,,,,,,,,,,,,
E1_A20,kin6d,40483,NEO_RT,0.4727272727272728,,5.025999148560321e-09,2.2113701980686074e-09,,,,,,,,,,,,,,
E1_A20,kin6d,40483,NEO_RT,0.5572727272727274,,8.791400588884371e-09,1.7661301310312183e-09,,,,,,,,,,,,,,
E1_A20,kin6d,40483,NEO_RT,0.641818181818182,,5.364663530956953e-10,2.3211998989580707e-09,,,,,,,,,,,,,,
E1_A20,kin6d,40483,NEO_RT,0.7263636363636364,,3.4725904153071795e-09,3.383870961215507e-09,,,,,,,,,,,,,,
E1_A20,kin6d,40483,NEO_RT,0.810909090909091,,4.2678513310441185e-09,7.6025334916352e-09,,,,,,,,,,,,,,
E1_A20,kin6d,40483,NEO_RT,0.8954545454545456,,9.7289746169034e-10,7.044437588810126e-09,,,,,,,,,,,,,,
E1_A20,kin6d,40483,NEO_RT,0.9800000000000001,,1.2088274196897272e-09,2.1507433611844817e-09,,,,,,,,,,,,,,
E1_A20,kin6d,40483,NEO_2,0.05,,2.6642469477886175e-09,1.4421290384092345e-08,,,,,,,,,,,,,,
E1_A20,kin6d,40483,NEO_2,0.13454545454545455,,8.068071750832445e-09,1.4282391935793726e-09,,,,,,,,,,,,,,
E1_A20,kin6d,40483,NEO_2,0.21909090909090911,,4.004679056274535e-09,2.23354623685168e-09,,,,,,,,,,,,,,
E1_A20,kin6d,40483,NEO_2,0.30363636363636365,,6.4111004844004325e-09,6.22683593576312e-09,,,,,,,,,,,,,,
E1_A20,kin6d,40483,NEO_2,0.3881818181818182,,1.8041351596939226e-09,1.8075629881764144e-10,,,,,,,,,,,,,,
E1_A20,kin6d,40483,NEO_2,0.4727272727272728,,5.025994695677191e-09,2.211367755577953e-09,,,,,,,,,,,,,,
E1_A20,kin6d,40483,NEO_2,0.5572727272727274,,8.791388879551828e-09,1.7661224704923484e-09,,,,,,,,,,,,,,
E1_A20,kin6d,40483,NEO_2,0.641818181818182,,5.36494153230844e-10,2.3212012312257002e-09,,,,,,,,,,,,,,
E1_A20,kin6d,40483,NEO_2,0.7263636363636364,,3.472598064259115e-09,3.3838700730370874e-09,,,,,,,,,,,,,,
E1_A20,kin6d,40483,NEO_2,0.810909090909091,,4.2678572952062325e-09,7.602528606653891e-09,,,,,,,,,,,,,,
E1_A20,kin6d,40483,NEO_2,0.8954545454545456,,9.729326072404658e-10,7.0444371447209164e-09,,,,,,,,,,,,,,
E1_A20,kin6d,40483,NEO_2,0.9800000000000001,,1.2088233446620424e-09,2.1507478020765802e-09,,,,,,,,,,,,,,
E1_A3p1,kin6d,40753,libneo_Boozer,0.05025,4.586641771878053e-09,4.524792110234097e-09,2.5340525233730204e-09,4.49404513602758e-10,7.814484695497749e-09,1.3011445145170541e-08,2.22628708514285e-09,2.3000226841878066e-09,1.0171509875424036e-07,1.7698131409143323e-07,5.226439096891899e-09,8.293138720744804e-09,2.196704298138702e-09,2.3578287060119263e-09,1.2302086724313988e-08,1.1511483224979635e-08,2.5676346687708573e-08
E1_A3p1,kin6d,40753,libneo_Boozer,0.13475,3.1096874639546326e-10,2.7496560559019166e-10,4.806154807468488e-09,4.49404513602758e-10,1.234044043187837e-08,1.970585954260047e-08,6.159762095861203e-09,6.217182287633985e-09,6.037025913735845e-08,1.607123578079115e-07,7.66543402723856e-09,1.3106992704639025e-08,6.175230354207691e-09,6.566292582096854e-09,1.6952767523115142e-08,1.5112900320080058e-08,2.0585120941163382e-08
E1_A3p1,kin6d,40753,libneo_Boozer,0.21925,4.692252623371932e-09,4.704270942868438e-09,6.632980054099846e-09,4.49404513602758e-10,2.0385586426255833e-08,3.0380491247835957e-08,3.2989850603120145e-09,4.475591044867563e-09,5.4047259150961396e-08,1.1757549778865444e-07,6.1714279865801926e-09,1.1318129907069507e-08,3.432369653343791e-09,5.281707643194546e-09,2.3545647875877762e-08,2.347771585475833e-08,2.507009944086036e-08
E1_A3p1,kin6d,40753,libneo_Boozer,0.30375,7.385029296886816e-09,7.350033503641534e-09,1.7569304899822669e-09,4.49404513602758e-10,3.1282262111348476e-08,5.560889488003865e-08,1.2809128706768055e-08,1.4978999122283444e-08,8.452152340905749e-08,1.3867792132591758e-07,1.5938549412797176e-08,1.738203956693234e-08,1.2721044271696284e-08,1.3982086800010979e-08,3.836628387210439e-08,3.5044348922763646e-08,3.179287810795017e-08
E1_A3p1,kin6d,40753,libneo_Boozer,0.38825,8.14447209265969e-09,8.051278792792522e-09,3.4901411760657197e-09,4.49404513602758e-10,3.1224358953061306e-08,6.74066153253949e-08,1.1577847903483847e-08,1.4921150670721342e-08,4.97074550312538e-08,8.058362783837526e-08,1.3128615608137258e-08,1.5805674910236956e-08,1.152459592416727e-08,1.4417627695984934e-08,4.0769141396168607e-08,3.7087080906328396e-08,2.9760273134726845e-08
E1_A3p1,kin6d,40753,libneo_Boozer,0.47275,7.163530968476391e-09,6.369446004042557e-09,7.742479990469064e-10,4.49404513602758e-10,5.0137910406755366e-08,7.569398236095511e-08,1.2105471903080485e-08,1.4329135296550909e-08,2.930355927728228e-08,1.3265797688066554e-07,1.2676408358799143e-08,1.793277959836889e-08,1.1809022429221082e-08,1.4032877506901813e-08,3.9407285767900646e-08,4.300792083578031e-08,3.127538705793853e-08
E1_A3p1,kin6d,40753,libneo_Boozer,0.55725,5.341113291509424e-09,5.101257573017459e-09,7.46080819347128e-09,4.49404513602758e-10,6.615623342679444e-08,1.3539947857266843e-07,1.3532020724266649e-08,2.0505567422571657e-08,3.6505501406372076e-08,1.0713857129903986e-07,1.4488054507543152e-08,2.4837165425940793e-08,1.3624925473273674e-08,2.1372505340065702e-08,5.8998712582081225e-08,5.542140990577593e-08,3.71212441896418e-08
E1_A3p1,kin6d,40753,libneo_Boozer,0.64175,4.770172325114208e-09,3.4889222670478945e-09,6.023133103383316e-10,4.49404513602758e-10,4.350654912492405e-08,6.53294330784328e-08,1.5441698603052576e-09,1.8728836455335264e-09,3.787136705132089e-08,8.434392288996167e-08,6.3732977167932884e-09,1.3189125011260645e-08,1.337447161013581e-09,2.2403831452216082e-09,2.2968994040084567e-08,2.574370272512283e-08,1.6067861596802402e-08
E1_A3p1,kin6d,40753,libneo_Boozer,0.72625,8.611693141324452e-09,8.2765209295318e-09,1.5477178427758531e-09,4.49404513602758e-10,1.1046556839272166e-07,1.6470005650979036e-07,8.395384564953046e-09,9.404114970928313e-09,2.5917650036267312e-08,6.744097784740983e-08,9.410567466857502e-09,1.4106571043968358e-08,8.579165440915627e-09,9.569509023193682e-09,4.4175437197147005e-08,4.805545306130199e-08,2.819483868599093e-08
E1_A3p1,kin6d,40753,libneo_Boozer,0.81075,6.217703509366492e-09,5.641928536536624e-09,5.843712846953508e-09,4.49404513602758e-10,2.2985407890581754e-07,4.4388179543174373e-07,1.3981722863528462e-08,1.5414053065878072e-08,5.4627394760763896e-08,1.1864263813377449e-07,1.6988240047866295e-08,2.0642157157844677e-08,1.3761466030358615e-08,1.3966780910902062e-08,8.206956980671976e-08,8.080540925270441e-08,4.4871124038614596e-08
E1_A3p1,kin6d,40753,libneo_Boozer,0.89525,2.4966816178594595e-09,2.0598080123930862e-09,4.462965996765433e-09,4.49404513602758e-10,2.9502627907935853e-07,4.5778802208704396e-07,8.751682720463951e-09,9.518067048728983e-09,3.022337576220606e-08,5.805915244242511e-08,1.035780572823406e-08,1.3860407367530893e-08,8.87737919519397e-09,1.0831527762883115e-08,4.672812026207396e-08,4.599667613458536e-08,2.4306603840784646e-08
E1_A3p1,kin6d,40753,libneo_Boozer,0.97975,3.1955892343775083e-09,2.7906633400048824e-09,4.713657464350263e-09,4.49404513602758e-10,1.592089616488058e-06,2.9661822279768527e-06,1.1041782245222812e-08,1.2248539864022178e-08,7.581335913750063e-08,1.6658893992918146e-07,1.8614876637946545e-08,3.1363340746949635e-08,1.0759878069953252e-08,1.5038220919470807e-08,5.8384041046188884e-08,6.063410851187001e-08,3.0628756864103934e-08
E1_A3p1,kin6d,40753,NEO_RT,0.05,,3.147644158162314e-09,8.479181801135383e-10,,,,,,,,,,,,,,
E1_A3p1,kin6d,40753,NEO_RT,0.13454545454545455,,2.684502295718508e-09,4.037714274041093e-09,,,,,,,,,,,,,,
E1_A3p1,kin6d,40753,NEO_RT,0.21909090909090911,,5.254825780608183e-09,2.9424860326088265e-09,,,,,,,,,,,,,,
E1_A3p1,kin6d,40753,NEO_RT,0.30363636363636365,,6.841186780712637e-09,7.121446765623318e-10,,,,,,,,,,,,,,
E1_A3p1,kin6d,40753,NEO_RT,0.3881818181818182,,7.709093522924243e-09,4.25450674690353e-09,,,,,,,,,,,,,,
E1_A3p1,kin6d,40753,NEO_RT,0.4727272727272728,,6.415286417587729e-09,7.979670257896032e-10,,,,,,,,,,,,,,
E1_A3p1,kin6d,40753,NEO_RT,0.5572727272727274,,5.14068333379137e-09,7.19250969893892e-09,,,,,,,,,,,,,,
E1_A3p1,kin6d,40753,NEO_RT,0.641818181818182,,3.589473744259689e-09,1.729603127387236e-10,,,,,,,,,,,,,,
E1_A3p1,kin6d,40753,NEO_RT,0.7263636363636364,,7.2770237941268586e-09,4.1535641592815864e-10,,,,,,,,,,,,,,
E1_A3p1,kin6d,40753,NEO_RT,0.810909090909091,,2.5127391100121957e-09,3.0324790456504047e-09,,,,,,,,,,,,,,
E1_A3p1,kin6d,40753,NEO_RT,0.8954545454545456,,3.934304743997457e-09,3.0214577506626483e-09,,,,,,,,,,,,,,
E1_A3p1,kin6d,40753,NEO_RT,0.9800000000000001,,4.9870462300813545e-09,5.28452748227437e-09,,,,,,,,,,,,,,
E1_A3p1,kin6d,40753,NEO_2,0.05,,3.1477064790783112e-09,8.479139612660447e-10,,,,,,,,,,,,,,
E1_A3p1,kin6d,40753,NEO_2,0.13454545454545455,,2.6845933452355956e-09,4.037711498483532e-09,,,,,,,,,,,,,,
E1_A3p1,kin6d,40753,NEO_2,0.21909090909090911,,5.2548296263632015e-09,2.9424882530548757e-09,,,,,,,,,,,,,,
E1_A3p1,kin6d,40753,NEO_2,0.30363636363636365,,6.841173778556917e-09,7.12142567138585e-10,,,,,,,,,,,,,,
E1_A3p1,kin6d,40753,NEO_2,0.3881818181818182,,7.709077507466352e-09,4.254503749301364e-09,,,,,,,,,,,,,,
E1_A3p1,kin6d,40753,NEO_2,0.4727272727272728,,6.415305836821477e-09,7.979732430385411e-10,,,,,,,,,,,,,,
E1_A3p1,kin6d,40753,NEO_2,0.5572727272727274,,5.140720669322796e-09,7.192506812359056e-09,,,,,,,,,,,,,,
E1_A3p1,kin6d,40753,NEO_2,0.641818181818182,,3.589321246584338e-09,1.7296253318477284e-10,,,,,,,,,,,,,,
E1_A3p1,kin6d,40753,NEO_2,0.7263636363636364,,7.277111810859862e-09,4.153550836605291e-10,,,,,,,,,,,,,,
E1_A3p1,kin6d,40753,NEO_2,0.810909090909091,,2.5128159597016788e-09,3.0324737165798865e-09,,,,,,,,,,,,,,
E1_A3p1,kin6d,40753,NEO_2,0.8954545454545456,,3.934404950135144e-09,3.0214625246216542e-09,,,,,,,,,,,,,,
E1_A3p1,kin6d,40753,NEO_2,0.9800000000000001,,4.986676302476283e-09,5.28452925863121e-09,,,,,,,,,,,,,,
E2_A20,kin6d,595,libneo_Boozer,0.05025,5.072676674147895e-09,3.598591602362383e-09,1.1507923280973387e-07,6.582830796020289e-07,1.5227136838847137e-06,1.614850996393286e-06,1.1335905543782917e-08,1.1427248099829172e-08,2.403420053006116e-06,7.179492938877162e-06,2.129460729508122e-08,5.4586040879272824e-08,1.1328491023230226e-08,1.1527942476205685e-08,1.6742164209854193e-07,1.239175168935014e-07,2.763976879038843e-07
E2_A20,kin6d,595,libneo_Boozer,0.13475,1.3048422432001136e-08,9.900627264888854e-09,3.1372093034498505e-07,6.582830796020289e-07,1.675009124146286e-06,1.802091802970443e-06,9.877836785953186e-09,1.0400209878553594e-08,1.3906623865336846e-06,3.6433753779638494e-06,1.972022930496711e-08,4.517556524436025e-08,9.827701925036403e-09,1.0400413144811414e-08,3.1437728451044755e-07,2.109837511365953e-07,2.8737862128869196e-07
E2_A20,kin6d,595,libneo_Boozer,0.21925,8.067372003957649e-09,6.507054284915019e-09,1.7607873548097785e-07,6.582830796020289e-07,1.8441283991018371e-06,1.917991483043658e-06,5.924808474846476e-09,6.740976542307541e-09,7.869454872394997e-07,2.339465014612306e-06,1.3662559214501823e-08,3.640529776332299e-08,5.8837950796084916e-09,6.754222238548851e-09,3.7396352819962786e-07,2.016582830166591e-07,2.1533576555210487e-07
E2_A20,kin6d,595,libneo_Boozer,0.30375,1.4772226583612292e-08,1.2574222120687122e-08,2.3691958839222593e-08,6.582830796020289e-07,2.0820756004717715e-06,2.353413224367269e-06,1.4682219939257941e-09,2.1214291629691513e-09,7.68113316703572e-07,3.02467102641302e-06,1.4209964447544259e-08,5.462757050198741e-08,1.4505490080207463e-09,2.2188865569960034e-09,6.361026766432687e-07,4.0060505873684704e-07,3.634361699367261e-07
E2_A20,kin6d,595,libneo_Boozer,0.38825,1.3911018643050152e-08,1.0957562911575432e-08,5.328253838143837e-08,6.582830796020289e-07,2.3872715341227167e-06,2.6646153054637457e-06,9.440942028841286e-09,9.49581286686582e-09,4.878131724308214e-07,1.0396148035269737e-06,1.3853886198565568e-08,2.317049982051152e-08,9.414309817824452e-09,9.672669152997775e-09,7.4872647504165e-07,4.4439646573746217e-07,3.5660279618099366e-07
E2_A20,kin6d,595,libneo_Boozer,0.47275,1.5412184538466552e-08,1.2068439052641108e-08,1.853159332654286e-07,6.582830796020289e-07,2.715581169308713e-06,3.002964970732015e-06,4.542383776429647e-09,4.8954582469057165e-09,5.869416721781964e-07,1.753949687416114e-06,1.4200080578080173e-08,3.9453654279389496e-08,4.6436532924098374e-09,5.409122189239327e-09,8.230660195618356e-07,4.5118880792616167e-07,3.2810469885458104e-07
E2_A20,kin6d,595,libneo_Boozer,0.55725,3.0609773954892394e-08,2.257527349017937e-08,4.987294077718474e-08,6.582830796020289e-07,3.249752633596836e-06,3.996915355690801e-06,6.732651048825051e-10,1.0651105149840604e-09,2.0392069222058474e-06,1.0082588457891335e-05,5.071814631880197e-08,2.442614373432398e-07,1.2578365270821904e-09,5.552910696959972e-09,1.1298416354721397e-06,7.061064832836195e-07,4.72949779450893e-07
E2_A20,kin6d,595,libneo_Boozer,0.64175,1.4832566486204811e-07,1.2227009895370773e-07,3.985076331591841e-06,6.582830796020289e-07,3.949442156065591e-06,4.9106841362137e-06,5.192722765831449e-09,6.948124906335388e-09,9.421271664581025e-06,3.7634535619184794e-05,2.5131025285919126e-07,9.758742314955063e-07,6.680402588027778e-09,2.52919981828482e-08,1.2402539272260427e-06,7.786193034764466e-07,4.859729544337554e-07
E2_A20,kin6d,595,libneo_Boozer,0.72625,2.8277558035631357e-07,2.209262986546021e-07,4.727412451499546e-06,6.582830796020289e-07,4.696319877626079e-06,7.350265238021595e-06,1.9557309040988595e-09,4.2346402279402915e-09,1.0908803083016725e-05,2.689336719488823e-05,3.09271839542728e-07,7.400151344350495e-07,7.929165599241701e-09,1.8474557622892435e-08,1.6129733320102702e-06,1.2459212725968172e-06,7.30999948461708e-07
E2_A20,kin6d,595,libneo_Boozer,0.81075,1.96175341125756e-07,1.6580813344575334e-07,6.593643359975587e-06,6.582830796020289e-07,1.0131924338197944e-05,1.4216971430689559e-05,9.019828344501305e-09,1.1902194602027463e-08,1.19050561525314e-05,3.194259837834311e-05,3.5646074032754885e-07,9.265177691011323e-07,1.6664298947261355e-08,3.9318625436259905e-08,2.409381856249837e-06,1.3854791611755957e-06,7.693542162234834e-07
E2_A20,kin6d,595,libneo_Boozer,0.89525,3.7779523252080956e-07,3.283278018771138e-07,1.1663591924171435e-05,6.582830796020289e-07,1.7874268825814672e-05,3.4193477092913376e-05,6.400866446788465e-09,1.3882049249066603e-08,2.1120851436417974e-05,3.1558663999516766e-05,6.638770612599502e-07,9.596844710356173e-07,1.7112212609259767e-08,3.669785607960956e-08,3.417111745451784e-06,2.5171574931093232e-06,1.330172372915328e-06
E2_A20,kin6d,595,libneo_Boozer,0.97975,4.370400793398154e-07,3.792767988143943e-07,2.471473263132573e-05,6.582830796020289e-07,9.959252990770958e-05,0.0002494001770283756,1.9157339666302367e-08,5.347090556823063e-08,4.615605860406083e-05,8.268835856387592e-05,1.5166711583672756e-06,2.624691638119913e-06,5.2087532013098775e-08,1.0065297124988587e-07,4.9995087439969055e-06,4.655770370454171e-06,2.351816345447233e-06
E2_A20,kin6d,595,NEO_RT,0.05,,6.1979208618500735e-09,1.1634341667843273e-07,,,,,,,,,,,,,,
E2_A20,kin6d,595,NEO_RT,0.13454545454545455,,8.48608782302619e-09,3.1212967988025753e-07,,,,,,,,,,,,,,
E2_A20,kin6d,595,NEO_RT,0.21909090909090911,,5.302511250417266e-09,1.7675358965352217e-07,,,,,,,,,,,,,,
E2_A20,kin6d,595,NEO_RT,0.30363636363636365,,1.1515313416133637e-08,2.4604695170182822e-08,,,,,,,,,,,,,,
E2_A20,kin6d,595,NEO_RT,0.3881818181818182,,1.1249062014428194e-08,5.409609049600306e-08,,,,,,,,,,,,,,
E2_A20,kin6d,595,NEO_RT,0.4727272727272728,,1.223025275792654e-08,1.8544735402858947e-07,,,,,,,,,,,,,,
E2_A20,kin6d,595,NEO_RT,0.5572727272727274,,2.243741648333264e-08,4.966340738654651e-08,,,,,,,,,,,,,,
E2_A20,kin6d,595,NEO_RT,0.641818181818182,,1.2276451526264664e-07,4.005760582015405e-06,,,,,,,,,,,,,,
E2_A20,kin6d,595,NEO_RT,0.7263636363636364,,2.210838474772807e-07,4.741451493428528e-06,,,,,,,,,,,,,,
E2_A20,kin6d,595,NEO_RT,0.810909090909091,,1.6705143694373507e-07,6.575783888518316e-06,,,,,,,,,,,,,,
E2_A20,kin6d,595,NEO_RT,0.8954545454545456,,3.2806580323685113e-07,1.1699056075675784e-05,,,,,,,,,,,,,,
E2_A20,kin6d,595,NEO_RT,0.9800000000000001,,3.814199512203373e-07,2.4977899142797355e-05,,,,,,,,,,,,,,
E2_A20,kin6d,595,NEO_2,0.05,,6.197849337435162e-09,1.1634341690047734e-07,,,,,,,,,,,,,,
E2_A20,kin6d,595,NEO_2,0.13454545454545455,,8.486106232336963e-09,3.121296880959079e-07,,,,,,,,,,,,,,
E2_A20,kin6d,595,NEO_2,0.21909090909090911,,5.302523421805828e-09,1.7675359820223946e-07,,,,,,,,,,,,,,
E2_A20,kin6d,595,NEO_2,0.30363636363636365,,1.1515389411102042e-08,2.46046941709821e-08,,,,,,,,,,,,,,
E2_A20,kin6d,595,NEO_2,0.3881818181818182,,1.1249080453910371e-08,5.409609094009227e-08,,,,,,,,,,,,,,
E2_A20,kin6d,595,NEO_2,0.4727272727272728,,1.2230254341688458e-08,1.8544734547987218e-07,,,,,,,,,,,,,,
E2_A20,kin6d,595,NEO_2,0.5572727272727274,,2.243741996103134e-08,4.966339695045008e-08,,,,,,,,,,,,,,
E2_A20,kin6d,595,NEO_2,0.641818181818182,,1.2276451832730385e-07,4.005760580239048e-06,,,,,,,,,,,,,,
E2_A20,kin6d,595,NEO_2,0.7263636363636364,,2.2108384445063022e-07,4.7414514914301265e-06,,,,,,,,,,,,,,
E2_A20,kin6d,595,NEO_2,0.810909090909091,,1.6705143121392268e-07,6.575783879858577e-06,,,,,,,,,,,,,,
E2_A20,kin6d,595,NEO_2,0.8954545454545456,,3.2806580644519854e-07,1.1699056076563963e-05,,,,,,,,,,,,,,
E2_A20,kin6d,595,NEO_2,0.9800000000000001,,3.814199438206683e-07,2.49778991450178e-05,,,,,,,,,,,,,,
E2_A20,kin6d,2422,libneo_Boozer,0.05025,9.042567665597349e-10,7.013955473787404e-10,4.0394842804047926e-08,4.747881976463475e-08,1.0096996283204862e-07,1.445723285255353e-07,4.73517633313624e-09,4.845559640004373e-09,4.990533865108266e-07,1.137015790941516e-06,6.035866347445128e-09,9.644402254533062e-09,4.737028754396918e-09,4.863486576571057e-09,5.4335930116389264e-08,5.200119366360889e-08,1.1598856400341084e-07
E2_A20,kin6d,2422,libneo_Boozer,0.13475,5.114629298589551e-09,5.095028329283116e-09,1.4753101851283645e-08,4.747881976463475e-08,1.1717018765597688e-07,1.8838644007536747e-07,1.0014802527057097e-08,1.0198794070792077e-08,2.936249415402291e-07,6.879200784446989e-07,1.064277861666203e-08,1.2988846910557542e-08,1.0011106165023045e-08,1.0234677513137397e-08,8.736933326813912e-08,8.137607215852327e-08,1.1084146966933162e-07
E2_A20,kin6d,2422,libneo_Boozer,0.21925,4.525148340045423e-09,4.4758333155929175e-09,1.840006880193812e-08,4.747881976463475e-08,1.0992912973584907e-07,1.2873459713139383e-07,5.6209352794243856e-09,5.6900290809091506e-09,1.376009574175164e-07,3.578152940307519e-07,6.018414781979707e-09,7.77958174914187e-09,5.6249875943629834e-09,5.738286093876559e-09,3.227989187060132e-08,2.3337370647080746e-08,2.492023398747989e-08
E2_A20,kin6d,2422,libneo_Boozer,0.30375,8.993980085823585e-09,8.979303655467841e-09,6.250935324914053e-09,4.747881976463475e-08,1.9814264452049037e-07,3.426962703637502e-07,1.8532295764548098e-09,2.7456694573949255e-09,2.714442929447673e-07,5.017924563414813e-07,5.327415594213595e-09,9.378207124945472e-09,1.8851684068990924e-09,2.825776416830351e-09,1.7753932152198004e-07,1.6525842105874489e-07,1.4992546382153193e-07
E2_A20,kin6d,2422,libneo_Boozer,0.38825,6.844772752821467e-09,6.833749051365552e-09,6.649453987428444e-09,4.747881976463475e-08,1.7815967147557602e-07,2.7135967875038587e-07,9.903405872933322e-09,9.747974007172964e-09,1.1223418015270492e-07,2.149077795281588e-07,1.0172450813421935e-08,1.0580257006569019e-08,9.902635890961392e-09,9.818912402502174e-09,1.1236930025360081e-07,9.65535328356637e-08,7.747871588748012e-08
E2_A20,kin6d,2422,libneo_Boozer,0.47275,7.516730589979288e-09,7.421390672633507e-09,5.381240564261702e-09,4.747881976463475e-08,1.529016075176628e-07,2.37803826007065e-07,5.130800131393803e-09,5.455744185822627e-09,7.434545748452072e-08,1.7688704680791707e-07,5.405145770157303e-09,5.995463334388047e-09,5.135561246882815e-09,5.466259117188258e-09,7.915637439959156e-08,6.225231119483254e-08,4.5269920256885143e-08
E2_A20,kin6d,2422,libneo_Boozer,0.55725,9.037003898868503e-09,9.038881637430038e-09,4.854532331677319e-09,4.747881976463475e-08,3.719238989526771e-07,6.617618846662979e-07,1.595407978642128e-08,1.687551224243234e-08,1.8378129426914488e-07,2.4676066859617345e-07,1.6591106985548543e-08,1.7726915887512327e-08,1.59441203498241e-08,1.698804294618776e-08,2.536746067649531e-07,2.3146733241219408e-07,1.5503673977956822e-07
E2_A20,kin6d,2422,libneo_Boozer,0.64175,5.633913489616841e-09,5.468613064604219e-09,5.394715230089275e-09,4.747881976463475e-08,4.5510226266727545e-07,8.270951837732556e-07,6.143843289566864e-10,9.407100773400073e-10,1.4708094759523322e-07,2.2953166394450456e-07,3.970302930913393e-09,5.975382042386426e-09,6.793487891695059e-10,1.0248988062826515e-09,2.6423798471508775e-07,2.388799654751139e-07,1.490962611150337e-07
E2_A20,kin6d,2422,libneo_Boozer,0.72625,2.1458522807613025e-09,1.6655769880601268e-09,6.848559053196368e-09,4.747881976463475e-08,4.044270327887688e-07,7.292166238590808e-07,1.8303325159412651e-09,2.1710740686914683e-09,1.039453321477319e-07,3.019479478404467e-07,3.4686313605522275e-09,8.554045791202264e-09,1.824800040557484e-09,2.2696917338106783e-09,1.751289836482428e-07,1.4660709646285852e-07,8.601652679018912e-08
E2_A20,kin6d,2422,libneo_Boozer,0.81075,1.3923232923261856e-08,1.0115334477530395e-08,2.1994814192183298e-07,4.747881976463475e-08,7.676003077915793e-07,1.5028518182354571e-06,4.294374899274122e-09,4.3770694460337516e-09,8.25714019094507e-07,2.966821957815879e-06,2.508555162511619e-08,8.615709188311505e-08,4.556880953359794e-09,7.000155160659589e-09,2.6689299958970736e-07,2.491740491716854e-07,1.3836597323457767e-07
E2_A20,kin6d,2422,libneo_Boozer,0.89525,1.3647801009061742e-08,1.2898050068389626e-08,4.987521526889083e-07,4.747881976463475e-08,1.5724441466551588e-06,2.4018806253944007e-06,1.040551719517177e-08,1.1019205348985621e-08,8.702501710864022e-07,2.183567011060676e-06,2.926325391373514e-08,6.709262421186565e-08,1.0937002540275475e-08,1.2445834201575737e-08,2.414569507669384e-07,1.7324521928152592e-07,9.15501535692087e-08
E2_A20,kin6d,2422,libneo_Boozer,0.97975,1.8382153285594888e-08,1.488384845152561e-08,1.0181102887418803e-06,4.747881976463475e-08,1.0343305887230024e-05,2.601899304590717e-05,9.777919112454353e-09,1.5535104874398957e-08,1.452635929127256e-06,4.229457341591917e-06,4.8719461731493715e-08,1.3506303011030193e-07,8.698881421957396e-09,1.3005830029347258e-08,5.227730802692676e-07,5.217311660477009e-07,2.635476153978189e-07
E2_A20,kin6d,2422,NEO_RT,0.05,,5.702377837570022e-09,4.273642661978272e-08,,,,,,,,,,,,,,
E2_A20,kin6d,2422,NEO_RT,0.13454545454545455,,1.3868411732966034e-09,1.4779871548853407e-08,,,,,,,,,,,,,,
E2_A20,kin6d,2422,NEO_RT,0.21909090909090911,,2.4418719479438215e-09,1.7723437828465194e-08,,,,,,,,,,,,,,
E2_A20,kin6d,2422,NEO_RT,0.30363636363636365,,9.208680952800681e-09,5.63134361364348e-09,,,,,,,,,,,,,,
E2_A20,kin6d,2422,NEO_RT,0.3881818181818182,,7.269077870911785e-09,6.17375162104139e-09,,,,,,,,,,,,,,
E2_A20,kin6d,2422,NEO_RT,0.4727272727272728,,7.652202543304415e-09,5.343891884557195e-09,,,,,,,,,,,,,,
E2_A20,kin6d,2422,NEO_RT,0.5572727272727274,,9.36904479892878e-09,4.677641829431423e-09,,,,,,,,,,,,,,
E2_A20,kin6d,2422,NEO_RT,0.641818181818182,,4.823916627702215e-09,6.229900595400295e-09,,,,,,,,,,,,,,
E2_A20,kin6d,2422,NEO_RT,0.7263636363636364,,1.5919358986678142e-09,7.047986527730643e-09,,,,,,,,,,,,,,
E2_A20,kin6d,2422,NEO_RT,0.810909090909091,,9.97651881479074e-09,2.194694486146176e-07,,,,,,,,,,,,,,
E2_A20,kin6d,2422,NEO_RT,0.8954545454545456,,7.2105602006337804e-09,4.947195602067467e-07,,,,,,,,,,,,,,
E2_A20,kin6d,2422,NEO_RT,0.9800000000000001,,1.6393834565619245e-08,1.0891699042669956e-06,,,,,,,,,,,,,,
E2_A20,kin6d,2422,NEO_2,0.05,,5.702368568820452e-09,4.273642439933667e-08,,,,,,,,,,,,,,
E2_A20,kin6d,2422,NEO_2,0.13454545454545455,,1.386837947787385e-09,1.4779874213388666e-08,,,,,,,,,,,,,,
E2_A20,kin6d,2422,NEO_2,0.21909090909090911,,2.441873214953149e-09,1.7723434719840725e-08,,,,,,,,,,,,,,
E2_A20,kin6d,2422,NEO_2,0.30363636363636365,,9.20868684446254e-09,5.6313460561341344e-09,,,,,,,,,,,,,,
E2_A20,kin6d,2422,NEO_2,0.3881818181818182,,7.26908593507096e-09,6.173772493234253e-09,,,,,,,,,,,,,,
E2_A20,kin6d,2422,NEO_2,0.4727272727272728,,7.652186969920301e-09,5.343884557085232e-09,,,,,,,,,,,,,,
E2_A20,kin6d,2422,NEO_2,0.5572727272727274,,9.369043484551965e-09,4.6776420514760275e-09,,,,,,,,,,,,,,
E2_A20,kin6d,2422,NEO_2,0.641818181818182,,4.823925623309907e-09,6.229896820642011e-09,,,,,,,,,,,,,,
E2_A20,kin6d,2422,NEO_2,0.7263636363636364,,1.5919338525236154e-09,7.0479835301284766e-09,,,,,,,,,,,,,,
E2_A20,kin6d,2422,NEO_2,0.810909090909091,,9.976517300978147e-09,2.1946945005790752e-07,,,,,,,,,,,,,,
E2_A20,kin6d,2422,NEO_2,0.8954545454545456,,7.210554165345966e-09,4.947195628712819e-07,,,,,,,,,,,,,,
E2_A20,kin6d,2422,NEO_2,0.9800000000000001,,1.6393846267645565e-08,1.0891699087078877e-06,,,,,,,,,,,,,,
E2_A20,kin6d,9766,libneo_Boozer,0.05025,4.357072881305975e-10,4.2191288640003785e-10,4.415785959110963e-09,1.9657508953940805e-09,3.541581266658396e-08,5.649142105350669e-08,4.7332415462755235e-09,4.89402141558658e-09,4.618824370011537e-07,5.725097329720252e-07,5.86548593357941e-09,6.259129132800324e-09,4.732745423109623e-09,4.9203861905646455e-09,4.8325998674991766e-08,4.760190958769117e-08,1.061759715148547e-07
E2_A20,kin6d,9766,libneo_Boozer,0.13475,5.077635603416906e-09,5.076490737731156e-09,1.9528489936249116e-10,1.9657508953940805e-09,6.131459801258351e-08,9.845497406316204e-08,1.001288078738214e-08,9.852357539046473e-09,2.7154172696777757e-07,3.070199032745493e-07,1.055225824623841e-08,1.0525020943181217e-08,1.001067794986206e-08,9.858154443037115e-09,8.029601161751998e-08,7.92163741547558e-08,1.0789976873093465e-07
E2_A20,kin6d,9766,libneo_Boozer,0.21925,4.429713842432987e-09,4.427828027410468e-09,3.440158158340978e-09,1.9657508953940805e-09,2.79105402096785e-08,3.757427358615589e-08,5.624387335964393e-09,5.71250581455384e-09,6.496617639869262e-08,1.0502723639620742e-07,5.714804533556223e-09,5.759212687510006e-09,5.624587400237797e-09,5.717097616244388e-09,2.49413489028516e-08,2.4289687677869765e-08,2.593714354404142e-08
E2_A20,kin6d,9766,libneo_Boozer,0.30375,8.963164626698639e-09,8.963877043332985e-09,6.250935324914053e-09,1.9657508953940805e-09,1.6437132996447019e-07,2.5527668296598525e-07,1.8586752227569682e-09,2.7240419806900417e-09,2.622759200850214e-07,2.9998469711311157e-07,5.171529860638086e-09,5.96367109760932e-09,1.8896026023071314e-09,2.8065488953452645e-09,1.7359841647524021e-07,1.7177821332037269e-07,1.5584033785653872e-07
E2_A20,kin6d,9766,libneo_Boozer,0.38825,6.837968800969918e-09,6.830340464792649e-09,6.649453987428444e-09,1.9657508953940805e-09,9.222924262971317e-08,1.6382607175367098e-07,9.914583793402878e-09,9.755209501380122e-09,1.0446053999129651e-07,1.4328801837054917e-07,1.0147522314511378e-08,1.0017398156397021e-08,9.913765178220407e-09,9.788529614217769e-09,9.662508715369e-08,9.469516648596965e-08,7.598748263948352e-08
E2_A20,kin6d,9766,libneo_Boozer,0.47275,7.358495882163893e-09,7.341629048725688e-09,5.381240564261702e-09,1.9657508953940805e-09,8.12284592755004e-08,1.2237491657673004e-07,5.130823336067505e-09,5.4322172589889924e-09,6.509001318573311e-08,9.170623420473769e-08,5.3420706322610085e-09,5.601337683226907e-09,5.135507611347893e-09,5.410033509685152e-09,6.143831204896699e-08,5.930194479919493e-08,4.312440926579342e-08
E2_A20,kin6d,9766,libneo_Boozer,0.55725,9.035752977018571e-09,9.038255624372673e-09,4.854532331677319e-09,1.9657508953940805e-09,3.270800502421619e-07,5.052015366037747e-07,1.5872259250667636e-08,1.544985424332763e-08,1.8426159441136965e-07,2.1985148700108692e-07,1.6515802201032838e-08,1.6338010057906908e-08,1.5856609621438168e-08,1.5355841988489515e-08,2.255807086681827e-07,2.2812412836525908e-07,1.5279749443486423e-07
E2_A20,kin6d,9766,libneo_Boozer,0.64175,5.299928424116078e-09,5.298908147832502e-09,5.394715230089275e-09,1.9657508953940805e-09,3.5463289418685214e-07,4.984819556982435e-07,4.6150362065680933e-10,7.381334110696389e-10,1.4060213089008647e-07,1.525416346605797e-07,3.778001903384304e-09,4.021554660244762e-09,5.162416443660147e-10,8.324440939478048e-10,1.7634307691860585e-07,1.7932325824254747e-07,1.1192412741056756e-07
E2_A20,kin6d,9766,libneo_Boozer,0.72625,9.828791233936013e-10,9.76313748866181e-10,6.848559053196368e-09,1.9657508953940805e-09,2.7549638851481056e-07,4.899513647448854e-07,1.8321807155173342e-09,2.064288298744342e-09,6.850595226814783e-08,7.921687621322469e-08,2.6694818850142773e-09,2.996645899549071e-09,1.8250245841699921e-09,2.0093161054880264e-09,1.3215253158449514e-07,1.2939177496118504e-07,7.591604644918704e-08
E2_A20,kin6d,9766,libneo_Boozer,0.81075,3.2922785348740716e-09,3.273977047052914e-09,5.6659843483686245e-09,1.9657508953940805e-09,2.2205841436116506e-07,3.364607492371994e-07,4.6055583359926044e-09,4.920856231757036e-09,3.348025280482443e-08,4.3997188710066774e-08,4.711311357295488e-09,4.976281832299364e-09,4.595272956412701e-09,4.896431832409076e-09,6.238431082827844e-08,5.915222156538391e-08,3.284714122919752e-08
E2_A20,kin6d,9766,libneo_Boozer,0.89525,6.8066625799238444e-09,6.7502192070981655e-09,4.3140761851745424e-08,1.9657508953940805e-09,6.282631617002779e-07,1.0214002869947132e-06,7.928220705449439e-09,7.716265169972369e-09,6.694978776838926e-08,1.523178555243923e-07,8.198940024240758e-09,8.87171126925612e-09,7.966572156692829e-09,7.75207623160186e-09,1.0597079935781295e-07,1.0329907129680294e-07,5.45876305269033e-08
E2_A20,kin6d,9766,libneo_Boozer,0.97975,9.16858138941265e-09,8.86109537521059e-09,1.4183539920331611e-07,1.9657508953940805e-09,8.126388643398513e-06,1.2508036016769587e-05,1.1435011891150842e-08,1.160549701420135e-08,2.086726936198977e-07,5.913547744391484e-07,1.3327714198246222e-08,2.0017037166542508e-08,1.1572702111004599e-08,1.178912548849395e-08,2.520456069410315e-07,2.5033109640748563e-07,1.2645241909137184e-07
E2_A20,kin6d,9766,NEO_RT,0.05,,5.668709473529466e-09,3.994707009624676e-09,,,,,,,,,,,,,,
E2_A20,kin6d,9766,NEO_RT,0.13454545454545455,,1.3177436583364945e-09,2.8370927829257653e-10,,,,,,,,,,,,,,
E2_A20,kin6d,9766,NEO_RT,0.21909090909090911,,2.3536964026060945e-09,2.873618454302118e-09,,,,,,,,,,,,,,
E2_A20,kin6d,9766,NEO_RT,0.30363636363636365,,9.189260143239532e-09,6.682173037120265e-09,,,,,,,,,,,,,,
E2_A20,kin6d,9766,NEO_RT,0.3881818181818182,,7.26380146642896e-09,5.692517790478746e-09,,,,,,,,,,,,,,
E2_A20,kin6d,9766,NEO_RT,0.4727272727272728,,7.578943569023e-09,5.343954501135784e-09,,,,,,,,,,,,,,
E2_A20,kin6d,9766,NEO_RT,0.5572727272727274,,9.36790786641776e-09,4.618269655587426e-09,,,,,,,,,,,,,,
E2_A20,kin6d,9766,NEO_RT,0.641818181818182,,4.65204820917624e-09,4.322765145836627e-09,,,,,,,,,,,,,,
E2_A20,kin6d,9766,NEO_RT,0.7263636363636364,,8.126429563062754e-10,4.351985993800156e-09,,,,,,,,,,,,,,
E2_A20,kin6d,9766,NEO_RT,0.810909090909091,,2.985684785038013e-09,5.704414940410629e-09,,,,,,,,,,,,,,
E2_A20,kin6d,9766,NEO_RT,0.8954545454545456,,5.231463862402746e-09,4.2331581906474014e-08,,,,,,,,,,,,,,
E2_A20,kin6d,9766,NEO_RT,0.9800000000000001,,6.29110231748014e-09,1.321375613372311e-07,,,,,,,,,,,,,,
E2_A20,kin6d,9766,NEO_2,0.05,,5.668705868354941e-09,3.994705455312442e-09,,,,,,,,,,,,,,
E2_A20,kin6d,9766,NEO_2,0.13454545454545455,,1.3177390854631678e-09,2.837063917127125e-10,,,,,,,,,,,,,,
E2_A20,kin6d,9766,NEO_2,0.21909090909090911,,2.353692323766435e-09,2.873616011811464e-09,,,,,,,,,,,,,,
E2_A20,kin6d,9766,NEO_2,0.30363636363636365,,9.189267490413893e-09,6.6821710387188205e-09,,,,,,,,,,,,,,
E2_A20,kin6d,9766,NEO_2,0.3881818181818182,,7.26381047617579e-09,5.692526894307548e-09,,,,,,,,,,,,,,
E2_A20,kin6d,9766,NEO_2,0.4727272727272728,,7.578926369121618e-09,5.3439518366005245e-09,,,,,,,,,,,,,,
E2_A20,kin6d,9766,NEO_2,0.5572727272727274,,9.367910160613747e-09,4.618271431944265e-09,,,,,,,,,,,,,,
E2_A20,kin6d,9766,NEO_2,0.641818181818182,,4.652045823404599e-09,4.322756819163942e-09,,,,,,,,,,,,,,
E2_A20,kin6d,9766,NEO_2,0.7263636363636364,,8.126351532095713e-10,4.3519902126476495e-09,,,,,,,,,,,,,,
E2_A20,kin6d,9766,NEO_2,0.810909090909091,,2.98568543610545e-09,5.704412497919975e-09,,,,,,,,,,,,,,
E2_A20,kin6d,9766,NEO_2,0.8954545454545456,,5.231459176738489e-09,4.2331584682031576e-08,,,,,,,,,,,,,,
E2_A20,kin6d,9766,NEO_2,0.9800000000000001,,6.291102711674977e-09,1.3213756056007497e-07,,,,,,,,,,,,,,
E1_A10,kin6d,595,libneo_Boozer,0.05025,3.268310326166055e-08,2.418797913456395e-08,2.127838749643729e-08,6.670312147072366e-07,1.5214208983459388e-06,1.6124473936065403e-06,1.2395138756762066e-08,1.3216410345645005e-08,2.180582228508681e-06,6.041571147582162e-06,3.4750048397050213e-08,9.025204862915807e-08,1.2399924994937045e-08,1.346289731335855e-08,1.807976734297112e-07,1.1990331557493183e-07,2.674440280070467e-07
E1_A10,kin6d,595,libneo_Boozer,0.13475,2.7590886952932532e-08,2.1140450545231658e-08,2.52159125246898e-07,6.670312147072366e-07,1.670143213311435e-06,1.7742848809001196e-06,6.03203786358249e-09,6.308795519863267e-09,1.3851750360169796e-06,3.7174849872917595e-06,3.429799564277537e-08,9.003285778708315e-08,6.2024546010605804e-09,6.911314021926243e-09,3.046649798554846e-07,1.7729827064827397e-07,2.414960180163739e-07
E1_A10,kin6d,595,libneo_Boozer,0.21925,3.55809719574348e-08,2.5174397736763804e-08,2.1537175465269343e-07,6.670312147072366e-07,1.8475866524008295e-06,1.9327316042608027e-06,4.240019828822358e-09,4.709656155734902e-09,7.585606698894267e-07,2.1936428079551855e-06,2.3958185545650238e-08,6.755656921495359e-08,4.069272461958793e-09,5.4102638115395706e-09,3.98500749898556e-07,2.0992195365332478e-07,2.2415991790536438e-07
E1_A10,kin6d,595,libneo_Boozer,0.30375,3.675690061359515e-08,2.6894083264842194e-08,1.0047912768484935e-07,6.670312147072366e-07,2.0911544191080394e-06,2.1703952671873403e-06,7.960421345780308e-09,8.037582272222386e-09,6.118334341509262e-07,1.4940530537770726e-06,2.3753314391172516e-08,5.453397429632747e-08,7.851121437626635e-09,9.522569985325965e-09,5.206562123660774e-07,2.6088879540031584e-07,2.3668307080892959e-07
E1_A10,kin6d,595,libneo_Boozer,0.38825,3.178635952077927e-08,2.527135065018057e-08,1.9190495659238138e-07,6.670312147072366e-07,2.3677838603957324e-06,2.425187518185163e-06,1.0433078622102703e-08,1.0561432672234316e-08,6.328345801447898e-07,1.7985683508554715e-06,2.8166974979703528e-08,7.397392258160868e-08,1.0802411441704501e-08,1.3066945062211592e-08,6.131034085421483e-07,2.9238208287818424e-07,2.346199543534766e-07
E1_A10,kin6d,595,libneo_Boozer,0.47275,3.492926075225142e-08,2.7102355609694634e-08,1.4463863773350738e-08,6.670312147072366e-07,2.732053551721758e-06,2.9352264650523454e-06,7.552166979100781e-09,8.074212791596523e-09,6.295045684750498e-07,1.8151414808573938e-06,2.9691057937180906e-08,8.182293413493698e-08,7.637930296452842e-09,9.197382259034695e-09,7.969313325362215e-07,4.2144185780079724e-07,3.064727085444474e-07
E1_A10,kin6d,595,libneo_Boozer,0.55725,1.0925730350115788e-07,7.740218761251836e-08,1.3715598512487048e-07,6.670312147072366e-07,3.2401508771124317e-06,3.5359343244809067e-06,9.965953571209352e-09,1.2436018527477677e-08,2.4236435468309077e-06,1.3500497815759111e-05,1.204230223573234e-07,6.569745410974901e-07,1.1615094015399928e-08,4.199840571305547e-08,9.346933222964537e-07,4.951801962915781e-07,3.316714862755532e-07
E1_A10,kin6d,595,libneo_Boozer,0.64175,1.371588390728905e-07,9.723932990150911e-08,2.0556685496053717e-06,6.670312147072366e-07,3.922852257881727e-06,4.7535188192666876e-06,1.4277797694352523e-08,1.9200564269024147e-08,5.701676780524133e-06,2.0518650184144282e-05,3.032507791632976e-07,1.0698813811801148e-06,2.395439685459909e-08,6.708740982252975e-08,1.1916979985038267e-06,7.326067442692263e-07,4.572543588210465e-07
E1_A10,kin6d,595,libneo_Boozer,0.72625,3.720524164031674e-07,2.715252668002324e-07,4.252277693073125e-06,6.670312147072366e-07,4.6521214539532285e-06,7.179795793011628e-06,5.347600561326386e-09,9.140723634322948e-09,8.47455162655295e-06,1.615903870914004e-05,4.788850784397294e-07,8.950506592938594e-07,2.6912224407373235e-08,4.728590991243044e-08,1.5734938723088732e-06,1.1850978357541564e-06,6.953139769505512e-07
E1_A10,kin6d,595,libneo_Boozer,0.81075,2.7798376217168886e-07,2.3637187068381565e-07,6.515493118364191e-06,6.670312147072366e-07,9.985725400226823e-06,1.3098232225351005e-05,9.7651586878448e-09,1.8428757712878156e-08,1.1212075503094701e-05,1.9406587744287088e-05,6.693119557191929e-07,1.1343099305872004e-06,3.2389514731167666e-08,7.57726585794907e-08,2.20551913310274e-06,1.177163410082116e-06,6.536768767384515e-07
E1_A10,kin6d,595,libneo_Boozer,0.89525,3.8575154026330945e-07,3.41019101742547e-07,1.1622076014572436e-05,6.670312147072366e-07,1.812168831798966e-05,3.517630420677808e-05,2.294458391722178e-08,3.745648966917621e-08,2.0348991337734984e-05,3.486365905393015e-05,1.276281091370891e-06,2.138704520486826e-06,6.133203012495773e-08,1.017509799205082e-07,3.5283764786564475e-06,2.613218966218689e-06,1.3809352769067473e-06
E1_A10,kin6d,595,libneo_Boozer,0.97975,4.775085024779742e-07,4.197765741052264e-07,2.484908533739727e-05,6.670312147072366e-07,0.0001020317320405177,0.0002596719163827839,7.012800905228352e-08,1.7783895685734325e-07,4.3963512517087613e-05,8.402435095673966e-05,2.8843471047660814e-06,5.385234976085156e-06,1.837232379426159e-07,3.7635668618363575e-07,5.218334829693028e-06,4.8631288471767675e-06,2.456561298713744e-06
E1_A10,kin6d,595,NEO_RT,0.05,,2.7253875999330242e-08,1.9974334963812623e-08,,,,,,,,,,,,,,
E1_A10,kin6d,595,NEO_RT,0.13454545454545455,,2.1641542183898915e-08,2.500430240637286e-07,,,,,,,,,,,,,,
E1_A10,kin6d,595,NEO_RT,0.21909090909090911,,2.5168118213093682e-08,2.1780512482472147e-07,,,,,,,,,,,,,,
E1_A10,kin6d,595,NEO_RT,0.30363636363636365,,2.637618560673012e-08,1.0096780944657269e-07,,,,,,,,,,,,,,
E1_A10,kin6d,595,NEO_RT,0.3881818181818182,,2.4458163119865934e-08,1.9179346433251254e-07,,,,,,,,,,,,,,
E1_A10,kin6d,595,NEO_RT,0.4727272727272728,,2.6887542792946484e-08,1.4146116722457691e-08,,,,,,,,,,,,,,
E1_A10,kin6d,595,NEO_RT,0.5572727272727274,,7.742502231811234e-08,1.3749966609744035e-07,,,,,,,,,,,,,,
E1_A10,kin6d,595,NEO_RT,0.641818181818182,,9.716249694177856e-08,2.062192829388465e-06,,,,,,,,,,,,,,
E1_A10,kin6d,595,NEO_RT,0.7263636363636364,,2.722022825457278e-07,4.268942639162887e-06,,,,,,,,,,,,,,
E1_A10,kin6d,595,NEO_RT,0.810909090909091,,2.3677287038762997e-07,6.501192758801011e-06,,,,,,,,,,,,,,
E1_A10,kin6d,595,NEO_RT,0.8954545454545456,,3.3990530472991994e-07,1.1653942242673132e-05,,,,,,,,,,,,,,
E1_A10,kin6d,595,NEO_RT,0.9800000000000001,,4.275973557018597e-07,2.5102586978631436e-05,,,,,,,,,,,,,,
E1_A10,kin6d,595,NEO_2,0.05,,2.725382213775254e-08,1.9974332410299667e-08,,,,,,,,,,,,,,
E1_A10,kin6d,595,NEO_2,0.13454545454545455,,2.1641623033490907e-08,2.5004302195430483e-07,,,,,,,,,,,,,,
E1_A10,kin6d,595,NEO_2,0.21909090909090911,,2.516803888425554e-08,2.17805121716097e-07,,,,,,,,,,,,,,
E1_A10,kin6d,595,NEO_2,0.30363636363636365,,2.637611924504727e-08,1.00967796345941e-07,,,,,,,,,,,,,,
E1_A10,kin6d,595,NEO_2,0.3881818181818182,,2.4458144037394532e-08,1.917934716599845e-07,,,,,,,,,,,,,,
E1_A10,kin6d,595,NEO_2,0.4727272727272728,,2.6887541031847967e-08,1.4146105953294352e-08,,,,,,,,,,,,,,
E1_A10,kin6d,595,NEO_2,0.5572727272727274,,7.742502122965843e-08,1.3749965777076767e-07,,,,,,,,,,,,,,
E1_A10,kin6d,595,NEO_2,0.641818181818182,,9.71625036916223e-08,2.0621928353836694e-06,,,,,,,,,,,,,,
E1_A10,kin6d,595,NEO_2,0.7263636363636364,,2.722022864812299e-07,4.26894263738653e-06,,,,,,,,,,,,,,
E1_A10,kin6d,595,NEO_2,0.810909090909091,,2.3677287641799167e-07,6.501192757690788e-06,,,,,,,,,,,,,,
E1_A10,kin6d,595,NEO_2,0.8954545454545456,,3.399053070403969e-07,1.1653942249889582e-05,,,,,,,,,,,,,,
E1_A10,kin6d,595,NEO_2,0.9800000000000001,,4.275973541656438e-07,2.5102586979519614e-05,,,,,,,,,,,,,,
E2_A3p1,kin6d,613,libneo_Boozer,0.05025,1.5607208947228568e-06,1.264888840117091e-06,3.5904763724392552e-06,8.613413622349242e-07,2.109448444414386e-06,5.175809680928674e-06,1.6150373921930696e-08,2.9757926271160267e-08,7.740159917048615e-05,0.00016124332775843304,4.311539237384108e-06,8.76386415601667e-06,1.62918438514439e-07,3.386736989656138e-07,3.6066331475098634e-06,2.9115585167271973e-06,6.494133370615884e-06
E2_A3p1,kin6d,613,libneo_Boozer,0.13475,3.3720637433538317e-06,2.407057349640429e-06,4.849937837780871e-06,8.613413622349242e-07,2.164513037627384e-06,5.509257217755654e-06,1.4543704207801408e-08,3.268911245899685e-08,4.107995282045526e-05,9.560387894619962e-05,3.644062809248831e-06,8.044062373025306e-06,2.1641162041437018e-07,5.914110021948886e-07,3.5142613872274353e-06,2.8431504982551203e-06,3.872604766474996e-06
E2_A3p1,kin6d,613,libneo_Boozer,0.21925,1.5737676816271494e-06,1.1375760900486993e-06,4.776523129024213e-06,8.613413622349242e-07,2.0103794216831757e-06,5.294562456557303e-06,4.2776121308748903e-08,8.891318476957041e-08,3.24694002937376e-05,7.366814794867204e-05,3.5733098998402543e-06,7.551565603112625e-06,2.6298026016135134e-07,5.75599522514683e-07,2.95926987753381e-06,2.6026327304695673e-06,2.779148809028964e-06
E2_A3p1,kin6d,613,libneo_Boozer,0.30375,1.972669708627133e-06,1.559106713696135e-06,5.760188441450431e-06,8.613413622349242e-07,2.8498718757769577e-06,5.800428867766078e-06,2.4881372838174107e-08,5.538381355085206e-08,2.2807668036383627e-05,6.573834632542367e-05,2.8732477802777374e-06,7.608572046303497e-06,2.5413050096246345e-07,6.291450173709451e-07,2.928583923700323e-06,2.23877450755694e-06,2.0310537363066317e-06
E2_A3p1,kin6d,613,libneo_Boozer,0.38825,1.607260004713604e-06,1.1939973996565493e-06,2.4023490940994208e-06,8.613413622349242e-07,2.686448493869596e-06,4.965621724947744e-06,6.711086024441765e-08,1.2200094671350352e-07,1.8234894997625753e-05,4.4354331182369156e-05,2.526652109522874e-06,5.581875891260396e-06,2.9725890507478893e-07,7.991606742141721e-07,2.0573991059147367e-06,1.6727556225171192e-06,1.3422898390569316e-06
E2_A3p1,kin6d,613,libneo_Boozer,0.47275,1.441525797206393e-06,1.048459281565388e-06,4.419990639714655e-06,8.613413622349242e-07,2.9971929021058077e-06,5.885354961074389e-06,2.718807241434875e-08,9.262433002945633e-08,1.6199362553561756e-05,4.9064042497760556e-05,2.408117134106095e-06,6.563852253768515e-06,2.7962811254407764e-07,7.952658706469957e-07,2.186988940278134e-06,1.8344919560653317e-06,1.3340423786756261e-06
E2_A3p1,kin6d,613,libneo_Boozer,0.55725,3.834184014615606e-06,2.907436570141121e-06,9.417354510654619e-06,8.613413622349242e-07,3.672274205062786e-06,7.87148514612263e-06,1.356674050483324e-07,2.1552466552566907e-07,2.8178020671738647e-05,7.364099905102675e-05,4.4242380601649736e-06,1.0316957657772279e-05,7.92572603763793e-07,2.0488775405194055e-06,2.6979490294065656e-06,2.932277169187536e-06,1.9640410292565136e-06
E2_A3p1,kin6d,613,libneo_Boozer,0.64175,3.3331493301637902e-06,2.7788578699599616e-06,8.8131745734632e-06,8.613413622349242e-07,5.469574345318728e-06,2.201518671937623e-05,4.291929015026709e-07,1.8254217389032982e-06,3.694254379845257e-05,9.733499447284222e-05,6.06451578947741e-06,1.4189868740573335e-05,1.454875572691939e-06,4.93502593178708e-06,7.390312261823517e-06,8.031934174312916e-06,5.0131253627183625e-06
E2_A3p1,kin6d,613,libneo_Boozer,0.72625,3.1063701172633764e-06,2.6457458456186124e-06,6.765562861499319e-06,8.613413622349242e-07,1.645363667699443e-05,6.695343647174133e-05,3.719965423159435e-07,1.3304372347969932e-06,2.9749302328310887e-05,6.911365560746847e-05,5.051847689763175e-06,1.0325198144598916e-05,8.180316774885325e-07,2.117713497979984e-06,1.560080138240938e-05,1.5822586798108773e-05,9.283292894401995e-06
E2_A3p1,kin6d,613,libneo_Boozer,0.81075,3.652279984102071e-06,2.840045434251095e-06,1.0486717359814435e-05,8.613413622349242e-07,1.7963746385375134e-05,5.089063619853437e-05,3.2493397617979927e-07,9.485173564333052e-07,4.120287913838982e-05,9.50264087104438e-05,7.174102701017953e-06,1.4468452093027261e-05,1.3736782114268728e-06,3.849393482983132e-06,8.00960665559014e-06,7.857162036439824e-06,4.363059976753014e-06
E2_A3p1,kin6d,613,libneo_Boozer,0.89525,6.647311788899624e-06,5.761652722038511e-06,1.0082422711388261e-05,8.613413622349242e-07,2.4614885038437846e-05,6.121522150703016e-05,3.2788063265001447e-07,9.51942494241312e-07,5.112879865706929e-05,9.540448474083575e-05,9.087978152641729e-06,1.4755401341959104e-05,1.8145620545315877e-06,2.95129431951225e-06,5.26787619281599e-06,6.239258487750199e-06,3.29708437563081e-06
E2_A3p1,kin6d,613,libneo_Boozer,0.97975,9.51668850163113e-06,8.17938911423561e-06,1.8802457799838024e-05,8.613413622349242e-07,0.0008771190674824593,0.00326844463308631,2.6046238228474355e-06,6.362284398843889e-06,9.79247812373412e-05,0.00019409590878904928,1.7865398420661903e-05,3.038096745788813e-05,4.36048761713272e-06,9.886147078861023e-06,5.486017445388569e-05,6.672809772667598e-05,3.3707652446146597e-05
E2_A3p1,kin6d,613,NEO_RT,0.05,,1.2765300614280261e-06,3.61434907669711e-06,,,,,,,,,,,,,,
E2_A3p1,kin6d,613,NEO_RT,0.13454545454545455,,2.427374056311104e-06,4.750554350785308e-06,,,,,,,,,,,,,,
E2_A3p1,kin6d,613,NEO_RT,0.21909090909090911,,1.1350469714560105e-06,4.678428599191875e-06,,,,,,,,,,,,,,
E2_A3p1,kin6d,613,NEO_RT,0.30363636363636365,,1.558914206981753e-06,5.733126432816427e-06,,,,,,,,,,,,,,
E2_A3p1,kin6d,613,NEO_RT,0.3881818181818182,,1.1956731625824242e-06,2.37106877798432e-06,,,,,,,,,,,,,,
E2_A3p1,kin6d,613,NEO_RT,0.4727272727272728,,1.048781589460619e-06,4.418429455865791e-06,,,,,,,,,,,,,,
E2_A3p1,kin6d,613,NEO_RT,0.5572727272727274,,2.9065165819182616e-06,9.411195102781988e-06,,,,,,,,,,,,,,
E2_A3p1,kin6d,613,NEO_RT,0.641818181818182,,2.7808203347577718e-06,8.825359724129456e-06,,,,,,,,,,,,,,
E2_A3p1,kin6d,613,NEO_RT,0.7263636363636364,,2.646294600261142e-06,6.739880789696784e-06,,,,,,,,,,,,,,
E2_A3p1,kin6d,613,NEO_RT,0.810909090909091,,2.8455950409313057e-06,1.0521135685004346e-05,,,,,,,,,,,,,,
E2_A3p1,kin6d,613,NEO_RT,0.8954545454545456,,5.766382399283965e-06,1.0002582830459517e-05,,,,,,,,,,,,,,
E2_A3p1,kin6d,613,NEO_RT,0.9800000000000001,,8.236154709278405e-06,1.7999854856842745e-05,,,,,,,,,,,,,,
E2_A3p1,kin6d,613,NEO_2,0.05,,1.2765293056986106e-06,3.614349075364842e-06,,,,,,,,,,,,,,
E2_A3p1,kin6d,613,NEO_2,0.13454545454545455,,2.4273740957203045e-06,4.750554352450642e-06,,,,,,,,,,,,,,
E2_A3p1,kin6d,613,NEO_2,0.21909090909090911,,1.1350469924477792e-06,4.6784286011902765e-06,,,,,,,,,,,,,,
E2_A3p1,kin6d,613,NEO_2,0.30363636363636365,,1.5589142304539387e-06,5.733126427043267e-06,,,,,,,,,,,,,,
E2_A3p1,kin6d,613,NEO_2,0.3881818181818182,,1.1956730755832966e-06,2.371068785089747e-06,,,,,,,,,,,,,,
E2_A3p1,kin6d,613,NEO_2,0.4727272727272728,,1.0487815518775855e-06,4.418429456087836e-06,,,,,,,,,,,,,,
E2_A3p1,kin6d,613,NEO_2,0.5572727272727274,,2.906516569471469e-06,9.41119510478039e-06,,,,,,,,,,,,,,
E2_A3p1,kin6d,613,NEO_2,0.641818181818182,,2.7808203178920164e-06,8.825359721686965e-06,,,,,,,,,,,,,,
E2_A3p1,kin6d,613,NEO_2,0.7263636363636364,,2.6462947146222898e-06,6.739880785255892e-06,,,,,,,,,,,,,,
E2_A3p1,kin6d,613,NEO_2,0.810909090909091,,2.8455948900395215e-06,1.0521135683561056e-05,,,,,,,,,,,,,,
E2_A3p1,kin6d,613,NEO_2,0.8954545454545456,,5.766382185216096e-06,1.0002582830348494e-05,,,,,,,,,,,,,,
E2_A3p1,kin6d,613,NEO_2,0.9800000000000001,,8.236154674154075e-06,1.79998548566207e-05,,,,,,,,,,,,,,
E1_A10,kin6d,2440,libneo_Boozer,0.05025,8.845775622579705e-09,8.78033858063252e-09,3.892616851075559e-08,5.140646952561667e-08,9.830119974806961e-08,1.0886280656725821e-07,6.323874929047587e-09,6.305489623898905e-09,2.155315787316723e-07,5.061275630622785e-07,7.090789678749336e-09,9.660080745395539e-09,6.332873031901649e-09,6.3066311990582935e-09,1.6615626000082706e-08,1.4012198949753252e-08,3.125418912564015e-08
E1_A10,kin6d,2440,libneo_Boozer,0.13475,7.481542511772681e-09,7.38453743118021e-09,1.12464448864813e-08,5.140646952561667e-08,1.0766683459579076e-07,1.4917620281481311e-07,1.259591633268275e-08,1.304276796040843e-08,1.7373816370300304e-07,4.3875672047622337e-07,1.3285218030611729e-08,1.64962787381141e-08,1.2583109520364303e-08,1.2977745748727645e-08,5.0004509061229996e-08,4.423195346103803e-08,6.024787058134251e-08
E1_A10,kin6d,2440,libneo_Boozer,0.21925,1.4362925840631818e-09,1.0435269344266938e-09,1.0572806519171252e-08,5.140646952561667e-08,1.2693951687828485e-07,1.7273430073976895e-07,4.493240609691575e-09,4.434316020839515e-09,1.1381075502117867e-07,2.7241107342767045e-07,5.7171957790112295e-09,9.465608593625775e-09,4.498663394057172e-09,4.45918743420069e-09,6.349570730312948e-08,5.425519539192791e-08,5.793506629991896e-08
E1_A10,kin6d,2440,libneo_Boozer,0.30375,9.733122085112446e-09,9.704358858855322e-09,5.003198300101985e-09,5.140646952561667e-08,1.2344849340632308e-07,1.3699693267736464e-07,8.433531587054235e-09,8.353129664755027e-09,5.065258491677889e-08,1.2262201019855046e-07,8.629173536567706e-09,9.031165902573389e-09,8.441501058056811e-09,8.3980853438994e-09,3.1747938500359396e-08,1.8969214310438076e-08,1.720922038206396e-08
E1_A10,kin6d,2440,libneo_Boozer,0.38825,3.4955598053166155e-09,3.0152553572310487e-09,4.068060999173895e-09,5.140646952561667e-08,1.6939398662002835e-07,2.43058825088934e-07,7.663259345743707e-09,8.015023006495146e-09,8.696555314808274e-08,1.5460904428847865e-07,8.459071863069371e-09,1.0006719049066514e-08,7.655398664694134e-09,7.921303794900644e-09,9.271371692598507e-08,7.65032238114749e-08,6.138948460687743e-08
E1_A10,kin6d,2440,libneo_Boozer,0.47275,3.7085721140017305e-09,3.3778493061942288e-09,6.169480482043355e-10,5.140646952561667e-08,2.293215317698207e-07,3.750472027487434e-07,1.0319232509921328e-08,1.0596436788705877e-08,1.111336160147642e-07,2.3448031491883537e-07,1.1487665817172492e-08,1.3754603788163872e-08,1.0314796027714413e-08,1.089025672272829e-08,1.4940527059970066e-07,1.3012229477249448e-07,9.462500594192846e-08
E1_A10,kin6d,2440,libneo_Boozer,0.55725,4.224104977508514e-09,3.866893364285532e-09,1.3749195115764223e-09,5.140646952561667e-08,2.5462959004573877e-07,4.3392970234993864e-07,3.872908790764102e-09,3.755489919853068e-09,1.0078643921293147e-07,1.8957100625825888e-07,6.314181306364095e-09,9.946353780344158e-09,3.859234849891577e-09,4.152219117437369e-09,1.514719969453182e-07,1.2849441344275903e-07,8.606551793466366e-08
E1_A10,kin6d,2440,libneo_Boozer,0.64175,6.614273946392671e-09,6.4173711233929445e-09,3.05524716637251e-09,5.140646952561667e-08,2.796897993503813e-07,4.4076581463950384e-07,1.1184099528981846e-08,1.079276055052732e-08,6.703250723338243e-08,1.148102210760168e-07,1.1722355925715574e-08,1.2290279901752554e-08,1.1159891326885162e-08,1.0682682884747768e-08,1.2498411350314598e-07,9.89636596004928e-08,6.17678941328137e-08
E1_A10,kin6d,2440,libneo_Boozer,0.72625,3.0503865725235958e-09,2.235747115203166e-09,5.595899410515415e-09,5.140646952561667e-08,3.092633715970886e-07,3.9073612162839964e-07,1.089935896154393e-09,1.816130444465461e-09,5.802381242449875e-08,1.9006771871563528e-07,3.4545109522281042e-09,1.0528191109612145e-08,1.117546915759197e-09,2.12954619940538e-09,8.18129077817531e-08,5.219853871363256e-08,3.062564679634505e-08
E1_A10,kin6d,2440,libneo_Boozer,0.81075,1.064795475880815e-08,7.602116690795281e-09,2.0618287377427436e-07,5.140646952561667e-08,4.6427771343273e-07,8.412404869412785e-07,7.756141313548936e-09,8.01380243781032e-09,6.025513234641317e-07,1.9617811368656166e-06,3.678975681962655e-08,1.1483484966333754e-07,7.3112481860183355e-09,1.0834232371773946e-08,1.4164366968216768e-07,1.199742881707877e-07,6.662154372616413e-08
E1_A10,kin6d,2440,libneo_Boozer,0.89525,1.5533697547025734e-08,1.2783197668011684e-08,5.571137515758551e-07,5.140646952561667e-08,1.3059196684246083e-06,2.1721974943336367e-06,4.188672007726697e-09,6.321472573033656e-09,8.365445844014826e-07,1.930626170652024e-06,5.262560662627181e-08,1.1853752079911965e-07,6.682818640988053e-09,1.2539772617173727e-08,2.1750898426819987e-07,1.554959284666424e-07,8.217067271054646e-08
E1_A10,kin6d,2440,libneo_Boozer,0.97975,3.4254317907130427e-08,2.703169971559427e-08,8.126480006698245e-07,5.140646952561667e-08,5.6028694913825274e-06,1.3382779646574432e-05,6.229632912934962e-09,1.4600934903580457e-08,1.1697274309078607e-06,2.5251336942906994e-06,7.697198915923139e-08,1.6210669690456265e-07,6.429363711447751e-09,1.6200197338372003e-08,2.68532438285618e-07,2.627416719747089e-07,1.3272150523047088e-07
E1_A10,kin6d,2440,NEO_RT,0.05,,7.940103872998942e-09,3.989237384871558e-08,,,,,,,,,,,,,,
E1_A10,kin6d,2440,NEO_RT,0.13454545454545455,,1.767044560274641e-09,7.265596568828414e-09,,,,,,,,,,,,,,
E1_A10,kin6d,2440,NEO_RT,0.21909090909090911,,4.003661942166908e-09,1.4017424554424451e-08,,,,,,,,,,,,,,
E1_A10,kin6d,2440,NEO_RT,0.30363636363636365,,1.0521595853315632e-08,5.557749149787128e-09,,,,,,,,,,,,,,
E1_A10,kin6d,2440,NEO_RT,0.3881818181818182,,2.3732883120445898e-09,4.179490753486448e-09,,,,,,,,,,,,,,
E1_A10,kin6d,2440,NEO_RT,0.4727272727272728,,3.689086580365213e-09,3.5851766000405405e-10,,,,,,,,,,,,,,
E1_A10,kin6d,2440,NEO_RT,0.5572727272727274,,3.6053261633772215e-09,1.3495323747392263e-09,,,,,,,,,,,,,,
E1_A10,kin6d,2440,NEO_RT,0.641818181818182,,7.022461256690495e-09,1.8352860342574218e-09,,,,,,,,,,,,,,
E1_A10,kin6d,2440,NEO_RT,0.7263636363636364,,2.05803219082294e-09,5.602937225290816e-09,,,,,,,,,,,,,,
E1_A10,kin6d,2440,NEO_RT,0.810909090909091,,7.399851753163933e-09,2.0292697100465773e-07,,,,,,,,,,,,,,
E1_A10,kin6d,2440,NEO_RT,0.8954545454545456,,1.3248709784042924e-08,5.485452716502692e-07,,,,,,,,,,,,,,
E1_A10,kin6d,2440,NEO_RT,0.9800000000000001,,2.5094094237431838e-08,8.847635308839585e-07,,,,,,,,,,,,,,
E1_A10,kin6d,2440,NEO_2,0.05,,7.94011410986523e-09,3.989237162826953e-08,,,,,,,,,,,,,,
E1_A10,kin6d,2440,NEO_2,0.13454545454545455,,1.766675060119161e-09,7.265597790073741e-09,,,,,,,,,,,,,,
E1_A10,kin6d,2440,NEO_2,0.21909090909090911,,4.003683520217341e-09,1.4017418226153211e-08,,,,,,,,,,,,,,
E1_A10,kin6d,2440,NEO_2,0.30363636363636365,,1.0521609545217947e-08,5.5577519253446894e-09,,,,,,,,,,,,,,
E1_A10,kin6d,2440,NEO_2,0.3881818181818182,,2.3733023159217225e-09,4.179486534638954e-09,,,,,,,,,,,,,,
E1_A10,kin6d,2440,NEO_2,0.4727272727272728,,3.6890939935527915e-09,3.585092223090669e-10,,,,,,,,,,,,,,
E1_A10,kin6d,2440,NEO_2,0.5572727272727274,,3.6053279351629893e-09,1.3495271566910105e-09,,,,,,,,,,,,,,
E1_A10,kin6d,2440,NEO_2,0.641818181818182,,7.02245149324695e-09,1.8352834807444651e-09,,,,,,,,,,,,,,
E1_A10,kin6d,2440,NEO_2,0.7263636363636364,,2.0580558397855165e-09,5.6029402228929825e-09,,,,,,,,,,,,,,
E1_A10,kin6d,2440,NEO_2,0.810909090909091,,7.399875172194727e-09,2.0292697167079154e-07,,,,,,,,,,,,,,
E1_A10,kin6d,2440,NEO_2,0.8954545454545456,,1.32487081364474e-08,5.485452738707153e-07,,,,,,,,,,,,,,
E1_A10,kin6d,2440,NEO_2,0.9800000000000001,,2.5094108830284863e-08,8.847635293296463e-07,,,,,,,,,,,,,,
E2_A3p1,kin6d,2395,libneo_Boozer,0.05025,1.5270298879707063e-07,1.1139024704053224e-07,1.7485865555499913e-06,5.533127200862964e-08,1.0457401563493397e-07,3.2476561379634246e-07,3.205860165699924e-09,6.113727524117665e-09,8.212563228307525e-06,2.4135854956722682e-05,4.5747544831198716e-07,1.3118159856761836e-06,1.870347470427857e-08,4.5374086920472445e-08,2.5325581284180165e-07,1.8021313092503322e-07,4.0196479092480253e-07
E2_A3p1,kin6d,2395,libneo_Boozer,0.13475,6.472874191184636e-08,4.8591123524536605e-08,5.105582761011362e-07,5.533127200862964e-08,1.1102162461860927e-07,2.336260616014367e-07,3.252296516833549e-09,7.751840461329006e-09,2.7859025703479705e-06,6.29843655366396e-06,2.4714701938856845e-07,5.299548256505513e-07,1.7367417116865245e-08,4.429604721431065e-08,1.501700502282155e-07,8.463378697864954e-08,1.1527880333650486e-07
E2_A3p1,kin6d,2395,libneo_Boozer,0.21925,1.1184434284880571e-07,8.555847149333903e-08,1.6190130280868686e-07,5.533127200862964e-08,1.4214175282588156e-07,3.9089967599358963e-07,9.381990685764034e-09,1.6292254660979566e-08,3.5622153252761505e-06,1.052458966950632e-05,3.9211062022848217e-07,1.0788822958161541e-06,3.4486807861876006e-08,1.1052558650850372e-07,2.5106766365912137e-07,1.6822841045205372e-07,1.7963858600644755e-07
E2_A3p1,kin6d,2395,libneo_Boozer,0.30375,1.6369004801507157e-07,1.1652429063371193e-07,3.917228266203665e-07,5.533127200862964e-08,1.3227120656623124e-07,3.915268231778266e-07,6.079142684921542e-09,1.3616191425341099e-08,2.425217298805339e-06,8.34079279057226e-06,3.0556999375980563e-07,9.653910543655827e-07,3.5387926703680405e-08,9.904450346991311e-08,2.2068591093438172e-07,1.5165353239865453e-07,1.3758289574283822e-07
E2_A3p1,kin6d,2395,libneo_Boozer,0.38825,1.3483553880787477e-07,1.0752686605159063e-07,2.405380470360541e-07,5.533127200862964e-08,1.9491796597910058e-07,4.312148901283688e-07,8.962631099316399e-09,1.973790597712688e-08,1.6763570711197137e-06,4.855067766148214e-06,2.32367602398507e-07,6.11001307195838e-07,2.6393263494692372e-08,6.21926042525549e-08,2.132855216885332e-07,1.5587966922803176e-07,1.2508458480109397e-07
E2_A3p1,kin6d,2395,libneo_Boozer,0.47275,1.4179679263253924e-07,1.0835786447855998e-07,3.0648687165957256e-07,5.533127200862964e-08,1.6672562158454496e-07,5.214119008819899e-07,8.025034012044158e-09,2.4115344952507566e-08,2.170369077082822e-06,1.1296410465001247e-05,3.227138250434405e-07,1.5112887192265698e-06,4.2488680847464505e-08,1.9762547774563258e-07,2.2424089130002045e-07,1.9834893227876904e-07,1.4423948002662001e-07
E2_A3p1,kin6d,2395,libneo_Boozer,0.55725,6.456688934231735e-08,4.791763844992312e-08,4.396965458397517e-08,5.533127200862964e-08,2.2324998762727144e-07,9.64068216720927e-07,1.081506899151228e-08,2.2077728670830613e-08,1.726532240385398e-06,6.641373875276869e-06,2.7116973264434807e-07,9.304034947344361e-07,3.073389289832805e-08,1.200930486291778e-07,3.612051009405093e-07,2.5479738363642923e-07,1.7066319824010634e-07
E2_A3p1,kin6d,2395,libneo_Boozer,0.64175,1.26910635036844e-07,9.454317329913787e-08,3.3536786148147257e-07,5.533127200862964e-08,3.352330307329932e-07,1.115772055403897e-06,2.49386485995562e-08,9.22488228702353e-08,2.768994801200666e-06,1.3811762388271424e-05,4.541167012946381e-07,2.0044139112023147e-06,6.035039030335489e-08,2.5576804302134154e-07,3.7060435764679767e-07,4.971789501206914e-07,3.103129376791358e-07
E2_A3p1,kin6d,2395,libneo_Boozer,0.72625,3.408920031213702e-07,2.549060592410674e-07,1.1539794808612669e-07,5.533127200862964e-08,1.928163799299997e-06,7.987416142192337e-06,9.193723847868227e-08,2.831200782978103e-07,3.014300520844047e-06,7.414574150133966e-06,5.184973833113244e-07,1.1062442773522402e-06,1.0239263671772365e-07,3.3398800499491516e-07,1.8859926150804895e-06,1.994442819452935e-06,1.1701696217558677e-06
E2_A3p1,kin6d,2395,libneo_Boozer,0.81075,5.124355828442582e-07,4.5948457455146785e-07,1.0627278295149978e-06,5.533127200862964e-08,2.5856604630425904e-06,1.1630189219964413e-05,8.312932495419061e-08,2.9235850540211945e-07,4.5062173628761576e-06,1.290528202935895e-05,7.880908825105871e-07,1.9743854915454e-06,1.5182437757320328e-07,4.029602531582798e-07,1.8710172479119436e-06,2.0021588047480776e-06,1.1117951594918907e-06
E2_A3p1,kin6d,2395,libneo_Boozer,0.89525,4.789709891258928e-07,3.93692486987449e-07,2.5778497266815137e-06,5.533127200862964e-08,4.1951785507068714e-06,1.3466715766652767e-05,7.104993871941064e-08,1.844028906784886e-07,5.014835952734846e-06,1.512564687347556e-05,8.935532832487023e-07,2.3449723075020204e-06,2.2923323477359368e-07,5.168741050239332e-07,1.179902711534453e-06,1.2608969538474568e-06,6.663114588967289e-07
E2_A3p1,kin6d,2395,libneo_Boozer,0.97975,6.809274595846142e-07,5.695137054279195e-07,3.3709036209028653e-06,5.533127200862964e-08,2.491220889562447e-05,9.049469950327578e-05,1.1058745097111692e-07,2.963279012062218e-07,6.8155110336571696e-06,1.9147318678861188e-05,1.2353631851642137e-06,2.9953548619356514e-06,3.182501313625333e-07,8.983120906854903e-07,1.5143732864375536e-06,1.835156671292637e-06,9.270127735439004e-07
E2_A3p1,kin6d,2395,NEO_RT,0.05,,1.2134510466889354e-07,1.7629355444359618e-06,,,,,,,,,,,,,,
E2_A3p1,kin6d,2395,NEO_RT,0.13454545454545455,,5.096760153019707e-08,5.207375894933364e-07,,,,,,,,,,,,,,
E2_A3p1,kin6d,2395,NEO_RT,0.21909090909090911,,8.693814178369646e-08,1.5290882915408588e-07,,,,,,,,,,,,,,
E2_A3p1,kin6d,2395,NEO_RT,0.30363636363636365,,1.16923524302175e-07,3.9521670214259785e-07,,,,,,,,,,,,,,
E2_A3p1,kin6d,2395,NEO_RT,0.3881818181818182,,1.0795151302291998e-07,2.4009466803587287e-07,,,,,,,,,,,,,,
E2_A3p1,kin6d,2395,NEO_RT,0.4727272727272728,,1.0802097821294047e-07,3.0568516207196694e-07,,,,,,,,,,,,,,
E2_A3p1,kin6d,2395,NEO_RT,0.5572727272727274,,4.783019934696245e-08,4.39913552252591e-08,,,,,,,,,,,,,,
E2_A3p1,kin6d,2395,NEO_RT,0.641818181818182,,9.471919816641617e-08,3.361636656817879e-07,,,,,,,,,,,,,,
E2_A3p1,kin6d,2395,NEO_RT,0.7263636363636364,,2.5533094824453444e-07,1.147746091501034e-07,,,,,,,,,,,,,,
E2_A3p1,kin6d,2395,NEO_RT,0.810909090909091,,4.5677133979882065e-07,1.068045998087186e-06,,,,,,,,,,,,,,
E2_A3p1,kin6d,2395,NEO_RT,0.8954545454545456,,3.9456354760620815e-07,2.5970919210749344e-06,,,,,,,,,,,,,,
E2_A3p1,kin6d,2395,NEO_RT,0.9800000000000001,,5.835257180627304e-07,3.3257483553761347e-06,,,,,,,,,,,,,,
E2_A3p1,kin6d,2395,NEO_2,0.05,,1.2134495358306285e-07,1.7629355473225417e-06,,,,,,,,,,,,,,
E2_A3p1,kin6d,2395,NEO_2,0.13454545454545455,,5.096761114821432e-08,5.207375883831133e-07,,,,,,,,,,,,,,
E2_A3p1,kin6d,2395,NEO_2,0.21909090909090911,,8.693814508608514e-08,1.529088295981751e-07,,,,,,,,,,,,,,
E2_A3p1,kin6d,2395,NEO_2,0.30363636363636365,,1.1692352720937036e-07,3.9521670214259785e-07,,,,,,,,,,,,,,
E2_A3p1,kin6d,2395,NEO_2,0.3881818181818182,,1.0795150658528772e-07,2.400946832459283e-07,,,,,,,,,,,,,,
E2_A3p1,kin6d,2395,NEO_2,0.4727272727272728,,1.0802099351114669e-07,3.0568516207196694e-07,,,,,,,,,,,,,,
E2_A3p1,kin6d,2395,NEO_2,0.5572727272727274,,4.783017647621269e-08,4.3991356335482124e-08,,,,,,,,,,,,,,
E2_A3p1,kin6d,2395,NEO_2,0.641818181818182,,9.471910919487891e-08,3.361636615739627e-07,,,,,,,,,,,,,,
E2_A3p1,kin6d,2395,NEO_2,0.7263636363636364,,2.5533092554792334e-07,1.147746089280588e-07,,,,,,,,,,,,,,
E2_A3p1,kin6d,2395,NEO_2,0.810909090909091,,4.5677154451197617e-07,1.0680459987533197e-06,,,,,,,,,,,,,,
E2_A3p1,kin6d,2395,NEO_2,0.8954545454545456,,3.9456311955400104e-07,2.5970919256268488e-06,,,,,,,,,,,,,,
E2_A3p1,kin6d,2395,NEO_2,0.9800000000000001,,5.83525939846131e-07,3.325748354710001e-06,,,,,,,,,,,,,,
E2_A20,kin6d,40483,libneo_Boozer,0.05025,4.322134385773532e-10,4.201105911248588e-10,4.415785959110963e-09,1.7028323195944495e-10,3.476910832482046e-08,5.0651053251293726e-08,4.733243619394483e-09,4.894251588386919e-09,4.6140327255444214e-07,5.576231019248983e-07,5.863365623956593e-09,6.363429200602956e-09,4.732743847315058e-09,4.915761782921455e-09,4.8186156093033006e-08,4.769927277464836e-08,1.063931398814777e-07
E2_A20,kin6d,40483,libneo_Boozer,0.13475,5.075245341009542e-09,5.075295275727672e-09,1.9528489936249116e-10,1.7028323195944495e-10,6.056450967202102e-08,9.359651551457702e-08,1.0015688433254497e-08,1.0039412077760336e-08,2.712831983330625e-07,3.135357445284802e-07,1.0553920526498608e-08,1.0718419387601999e-08,1.001310206824386e-08,1.0000134962188701e-08,8.101773396607115e-08,8.044996849254638e-08,1.0958003404670791e-07
E2_A20,kin6d,40483,libneo_Boozer,0.21925,4.429371157829719e-09,4.427656637856384e-09,3.440158158340978e-09,1.7028323195944495e-10,2.319020136218781e-08,2.964938079712794e-08,5.624404070514376e-09,5.71700575037938e-09,6.506018026019233e-08,1.393012859325001e-07,5.715082733479867e-09,5.7618204326632626e-09,5.624613939189512e-09,5.723123378747019e-09,2.320061584515365e-08,2.2859336396008345e-08,2.4409776977485365e-08
E2_A20,kin6d,40483,libneo_Boozer,0.30375,8.96280901090899e-09,8.963699175657855e-09,6.250935324914053e-09,1.7028323195944495e-10,1.6413786399297388e-07,2.605306749796418e-07,1.7708703055439524e-09,2.247239892009443e-09,2.6868139616354356e-07,3.4014942344679914e-07,5.251446953081217e-09,6.255199498866642e-09,1.7636450345385258e-09,2.1838912340293857e-09,1.8107596111427426e-07,1.81062964843548e-07,1.642636819898513e-07
E2_A20,kin6d,40483,libneo_Boozer,0.38825,6.836006831307914e-09,6.829357953250477e-09,8.33354341089887e-09,1.7028323195944495e-10,9.168840850325571e-08,1.5473773465834022e-07,9.921037161652332e-09,9.764885538895505e-09,1.0407026818074584e-07,1.429182299276668e-07,1.0152092872684167e-08,9.94464088423051e-09,9.913734873123795e-09,9.795472157704063e-09,9.45517287243014e-08,9.416578838905565e-08,7.556268688535539e-08
E2_A20,kin6d,40483,libneo_Boozer,0.47275,7.358284509814818e-09,7.3415228384065845e-09,5.381240564261702e-09,1.7028323195944495e-10,8.103148761149266e-08,1.1472295759713174e-07,5.1307986121636265e-09,5.43408656009983e-09,6.495250153540359e-08,8.346484258521011e-08,5.341167351542703e-09,5.518537077890234e-09,5.135518090545272e-09,5.411164987332905e-09,6.040772915216763e-08,6.013407094496159e-08,4.372953188447326e-08
E2_A20,kin6d,40483,libneo_Boozer,0.55725,9.03573540455056e-09,9.038246760432322e-09,4.854532331677319e-09,1.7028323195944495e-10,3.2826318155662304e-07,5.149466378467378e-07,1.5872197284514524e-08,1.5396709408766707e-08,1.8421078474537787e-07,2.1420121682506622e-07,1.6515392132005332e-08,1.6195120352419316e-08,1.5856534071128988e-08,1.5341369207385747e-08,2.2737017291163397e-07,2.2777246377891913e-07,1.5256194951795976e-07
E2_A20,kin6d,40483,libneo_Boozer,0.64175,5.299827587384716e-09,5.298857557823831e-09,5.394715230089275e-09,1.7028323195944495e-10,3.537006412141925e-07,5.003027782786594e-07,4.60612818287746e-10,7.570249513021717e-10,1.4058165804452737e-07,1.5134207859025697e-07,3.777351346982392e-09,3.9656063627030805e-09,5.15602197935478e-10,8.530449844380406e-10,1.7867409285443614e-07,1.791978692100571e-07,1.118458662352495e-07
E2_A20,kin6d,40483,libneo_Boozer,0.72625,9.825166143608848e-10,9.761314021601022e-10,6.848559053196368e-09,1.7028323195944495e-10,2.6095261613427884e-07,4.251110060715233e-07,2.0580860583220766e-09,2.996353156562543e-09,6.363590674929443e-08,6.706704894585065e-08,2.7362439174985224e-09,3.4592842913453567e-09,2.0718112051215864e-09,3.040629228993909e-09,1.1596215576670232e-07,1.1650484543768158e-07,6.83551021340989e-08
E2_A20,kin6d,40483,libneo_Boozer,0.81075,3.291971690986514e-09,3.273821901587781e-09,5.6659843483686245e-09,1.7028323195944495e-10,2.041379192113104e-07,3.1405775201096145e-07,4.621654238122486e-09,4.976539461735652e-09,3.658531575473073e-08,5.64123503678484e-08,4.747605953679681e-09,5.234586855268484e-09,4.611418988781187e-09,4.9214824478240276e-09,5.923366275251141e-08,5.9027366217101473e-08,3.277780924459961e-08
E2_A20,kin6d,40483,libneo_Boozer,0.89525,6.6904284350929596e-09,6.691805233470271e-09,2.0169586001372863e-09,1.7028323195944495e-10,3.1758782672920995e-07,4.5195166505441305e-07,7.977973785136964e-09,7.67988066379671e-09,2.6554001386004208e-08,3.1122545017697805e-08,8.017591262689408e-09,7.730724110318667e-09,7.972176596600627e-09,7.643812659528498e-09,4.715859025505864e-08,4.7444166373367125e-08,2.507152008224267e-08
E2_A20,kin6d,40483,libneo_Boozer,0.97975,8.578874662485708e-09,8.560712325691728e-09,6.2574707637708116e-09,1.7028323195944495e-10,4.1234896376113435e-06,7.645138526041075e-06,1.1470088312194857e-08,1.1642553294258657e-08,7.65147398439855e-08,1.7935073964784937e-07,1.173632445091692e-08,1.1949446663906987e-08,1.1468246172290998e-08,1.1693084812726213e-08,1.5412464726693997e-07,1.544184268231774e-07,7.800303036820111e-08
E2_A20,kin6d,40483,NEO_RT,0.05,,5.669094418792894e-09,5.1366608744274345e-09,,,,,,,,,,,,,,
E2_A20,kin6d,40483,NEO_RT,0.13454545454545455,,1.3136080730095853e-09,2.7543978209365605e-10,,,,,,,,,,,,,,
E2_A20,kin6d,40483,NEO_RT,0.21909090909090911,,2.353440597775675e-09,2.8789035599885437e-09,,,,,,,,,,,,,,
E2_A20,kin6d,40483,NEO_RT,0.30363636363636365,,9.18906311899183e-09,6.6493743844375786e-09,,,,,,,,,,,,,,
E2_A20,kin6d,40483,NEO_RT,0.3881818181818182,,7.2628924527138264e-09,8.635838044668276e-09,,,,,,,,,,,,,,
E2_A20,kin6d,40483,NEO_RT,0.4727272727272728,,7.578840947387897e-09,5.343891884557195e-09,,,,,,,,,,,,,,
E2_A20,kin6d,40483,NEO_RT,0.5572727272727274,,9.368026597948336e-09,4.620877680494573e-09,,,,,,,,,,,,,,
E2_A20,kin6d,40483,NEO_RT,0.641818181818182,,4.6519879837280566e-09,4.322765145836627e-09,,,,,,,,,,,,,,
E2_A20,kin6d,40483,NEO_RT,0.7263636363636364,,8.124466646610793e-10,4.351985993800156e-09,,,,,,,,,,,,,,
E2_A20,kin6d,40483,NEO_RT,0.810909090909091,,2.9855135349597276e-09,5.704424266284036e-09,,,,,,,,,,,,,,
E2_A20,kin6d,40483,NEO_RT,0.8954545454545456,,5.157307718782966e-09,2.464427550918913e-09,,,,,,,,,,,,,,
E2_A20,kin6d,40483,NEO_RT,0.9800000000000001,,8.468601004298555e-09,5.872902386627743e-09,,,,,,,,,,,,,,
E2_A20,kin6d,40483,NEO_2,0.05,,5.6690870498993195e-09,5.136663094873484e-09,,,,,,,,,,,,,,
E2_A20,kin6d,40483,NEO_2,0.13454545454545455,,1.313608707172737e-09,2.75436895513792e-10,,,,,,,,,,,,,,
E2_A20,kin6d,40483,NEO_2,0.21909090909090911,,2.3534356868699727e-09,2.8788949002489517e-09,,,,,,,,,,,,,,
E2_A20,kin6d,40483,NEO_2,0.30363636363636365,,9.189068800180966e-09,6.649375050571393e-09,,,,,,,,,,,,,,
E2_A20,kin6d,40483,NEO_2,0.3881818181818182,,7.26290346824278e-09,8.635826276304215e-09,,,,,,,,,,,,,,
E2_A20,kin6d,40483,NEO_2,0.4727272727272728,,7.578826933248413e-09,5.343882780728393e-09,,,,,,,,,,,,,,
E2_A20,kin6d,40483,NEO_2,0.5572727272727274,,9.36802795024346e-09,4.620875015959314e-09,,,,,,,,,,,,,,
E2_A20,kin6d,40483,NEO_2,0.641818181818182,,4.651992296467342e-09,4.322763369479787e-09,,,,,,,,,,,,,,
E2_A20,kin6d,40483,NEO_2,0.7263636363636364,,8.124400480883886e-10,4.351990878781464e-09,,,,,,,,,,,,,,
E2_A20,kin6d,40483,NEO_2,0.810909090909091,,2.985515181626425e-09,5.704419603347333e-09,,,,,,,,,,,,,,
E2_A20,kin6d,40483,NEO_2,0.8954545454545456,,5.157312095652078e-09,2.46442111162537e-09,,,,,,,,,,,,,,
E2_A20,kin6d,40483,NEO_2,0.9800000000000001,,8.468608360060144e-09,5.8728996110701814e-09,,,,,,,,,,,,,,
E1_A10,kin6d,9640,libneo_Boozer,0.05025,8.763251749554092e-09,8.738854234316945e-09,6.22724893872828e-09,1.6083256948462576e-09,9.958915373519242e-09,1.37345013088607e-08,6.412225109897382e-09,7.649518021271587e-09,1.2942653419638074e-07,2.390580115720101e-07,6.694813207236858e-09,7.766364087168285e-09,6.4142943507779285e-09,7.658744135558462e-09,1.3407482714333785e-08,1.351508113062172e-08,3.0145372698076045e-08
E1_A10,kin6d,9640,libneo_Boozer,0.13475,7.289822018799186e-09,7.2879657673277765e-09,3.8106016120309505e-09,1.6083256948462576e-09,3.3030984170913674e-08,5.371658428186415e-08,1.255006410566953e-08,1.2991565103432426e-08,1.4345413330788627e-07,1.6308683095322245e-07,1.3024494205428753e-08,1.356368084467323e-08,1.2552388015577015e-08,1.3073653024822443e-08,4.166805622762837e-08,4.111770507408963e-08,5.6005986515117456e-08
E1_A10,kin6d,9640,libneo_Boozer,0.21925,7.760106247445529e-10,5.98115379110636e-10,4.4901611317982315e-09,1.6083256948462576e-09,3.648866064906378e-08,5.8305792553717216e-08,4.563936265975881e-09,4.736626308439148e-09,8.936909661112693e-08,1.0618046635401584e-07,5.341087807822297e-09,5.63347025819121e-09,4.552073289763668e-09,4.655332116254893e-09,4.1172515563570045e-08,4.0312695598343495e-08,4.3046914033340045e-08
E1_A10,kin6d,9640,libneo_Boozer,0.30375,9.11720968232308e-09,9.09572384671534e-09,5.003198300101985e-09,1.6083256948462576e-09,1.605194439286384e-08,3.2875577928479013e-08,1.0354308500410914e-08,1.0016357610045033e-08,3.021252672802201e-08,5.99495754472369e-08,1.0406234947247997e-08,1.0013763119267212e-08,1.0345589932513079e-08,1.0013515413641605e-08,1.9015968744096057e-08,1.7840644184197174e-08,1.6185360829368278e-08
E1_A10,kin6d,9640,libneo_Boozer,0.38825,2.54130460719509e-09,2.4911718965125217e-09,4.068060999173895e-09,1.6083256948462576e-09,7.557396314913152e-08,1.069814418190148e-07,7.587580953797809e-09,7.605393470418647e-09,8.305303371499144e-08,1.0881342922395751e-07,8.322643282369934e-09,8.394588064056232e-09,7.581845745918298e-09,7.45715185609076e-09,6.694515303218296e-08,6.842284816510613e-08,5.4905447965936105e-08
E1_A10,kin6d,9640,libneo_Boozer,0.47275,3.020557914568853e-09,3.014858459202446e-09,6.169480482043355e-10,1.6083256948462576e-09,1.36880115085731e-07,2.0502448359708062e-07,1.0259498378416657e-08,1.0736428099904777e-08,1.0448837879166763e-07,1.0860641873983194e-07,1.1303009364467458e-08,1.1744165387066808e-08,1.0258138494127207e-08,1.0896422522194466e-08,1.0505952757755566e-07,1.0318699583677926e-07,7.503764243299571e-08
E1_A10,kin6d,9640,libneo_Boozer,0.55725,3.4949598297119397e-09,3.4829337247934497e-09,1.3749195115764223e-09,1.6083256948462576e-09,1.7321486213286803e-07,2.5636580346086526e-07,3.8030391427806475e-09,3.875878741343535e-09,9.740529623180964e-08,1.1309242637675291e-07,6.139285398811237e-09,6.724732723701061e-09,3.79662149989887e-09,4.125006648022101e-09,1.1090625373633145e-07,1.089328669490186e-07,7.296320803096279e-08
E1_A10,kin6d,9640,libneo_Boozer,0.64175,6.212600511756862e-09,6.212766285942558e-09,3.05524716637251e-09,1.6083256948462576e-09,1.5433984899150548e-07,2.1928490445696145e-07,1.1098733004531191e-08,1.0486129118359446e-08,6.013626111954308e-08,6.339930966829186e-08,1.153436056818998e-08,1.0899267397276618e-08,1.107565848098862e-08,1.0300027853564329e-08,8.04238105001076e-08,8.301071696692475e-08,5.1810912893301975e-08
E1_A10,kin6d,9640,libneo_Boozer,0.72625,1.232738324934273e-09,1.0449656512527667e-09,5.595899410515415e-09,1.6083256948462576e-09,2.191668771813916e-08,4.8111654887025274e-08,1.0515255923282344e-09,1.575032214010272e-09,9.098777630304633e-09,1.961481389494075e-08,1.1689749377726725e-09,1.8464434919699442e-09,1.0690171484785984e-09,1.6009705626695742e-09,1.1632994123544904e-08,8.786869787336116e-09,5.1553852298269476e-09
E1_A10,kin6d,9640,libneo_Boozer,0.81075,1.3733003236828459e-09,1.349407131441274e-09,5.284207738043278e-09,1.6083256948462576e-09,5.520083073571383e-07,8.717877168244301e-07,9.537427117321788e-09,9.086068086315903e-09,9.072571793377572e-08,9.829931785093429e-08,1.0952829811925656e-08,1.0724716360097212e-08,9.498096819486538e-09,9.370231186757265e-09,1.636246981240319e-07,1.6073048436648918e-07,8.925339767262841e-08
E1_A10,kin6d,9640,libneo_Boozer,0.89525,9.208434364755062e-09,9.209426063695096e-09,3.2208712585912735e-08,1.6083256948462576e-09,3.952973946696975e-07,6.731747713165009e-07,6.166990603346431e-09,6.199407086049315e-09,5.189367301961747e-08,1.0050573027239603e-07,6.9621983737269894e-09,8.45392603263713e-09,6.0583774601002284e-09,6.224751037620359e-09,6.978729938378336e-08,6.695557963620757e-08,3.5382181406973245e-08
E1_A10,kin6d,9640,libneo_Boozer,0.97975,2.926292575478245e-09,2.421025321524212e-09,1.245984763142971e-07,1.6083256948462576e-09,2.955380788470303e-06,4.817392407459186e-06,3.1618388578116418e-09,3.2649959109870825e-09,1.3788182226039448e-07,2.1152220361182098e-07,9.578006388795165e-09,1.3893687934636186e-08,3.689967144188929e-09,4.0622929550063396e-09,9.721593285938468e-08,9.464902550604393e-08,4.7811074654902086e-08
E1_A10,kin6d,9640,NEO_RT,0.05,,7.89322246210259e-09,4.718831658756528e-09,,,,,,,,,,,,,,
E1_A10,kin6d,9640,NEO_RT,0.13454545454545455,,1.3431932110155888e-09,6.42883302148789e-10,,,,,,,,,,,,,,
E1_A10,kin6d,9640,NEO_RT,0.21909090909090911,,3.9329732583389435e-09,4.574373324572889e-09,,,,,,,,,,,,,,
E1_A10,kin6d,9640,NEO_RT,0.30363636363636365,,6.438903313803861e-09,2.7151133563663166e-09,,,,,,,,,,,,,,
E1_A10,kin6d,9640,NEO_RT,0.3881818181818182,,1.6715288038418771e-09,4.209210313632639e-09,,,,,,,,,,,,,,
E1_A10,kin6d,9640,NEO_RT,0.4727272727272728,,3.351893413918663e-09,9.039846649017136e-10,,,,,,,,,,,,,,
E1_A10,kin6d,9640,NEO_RT,0.5572727272727274,,3.1487929599251466e-09,1.3372719598336857e-09,,,,,,,,,,,,,,
E1_A10,kin6d,9640,NEO_RT,0.641818181818182,,6.835241275511041e-09,2.3635201573668496e-09,,,,,,,,,,,,,,
E1_A10,kin6d,9640,NEO_RT,0.7263636363636364,,6.953582572789827e-10,5.475357278683646e-09,,,,,,,,,,,,,,
E1_A10,kin6d,9640,NEO_RT,0.810909090909091,,4.989031772914215e-09,5.9007809749545e-09,,,,,,,,,,,,,,
E1_A10,kin6d,9640,NEO_RT,0.8954545454545456,,3.2555954807939134e-09,3.2807487615471587e-08,,,,,,,,,,,,,,
E1_A10,kin6d,9640,NEO_RT,0.9800000000000001,,7.3843302808816115e-09,1.2188491194109474e-07,,,,,,,,,,,,,,
E1_A10,kin6d,9640,NEO_2,0.05,,7.893189590541687e-09,4.718829882399689e-09,,,,,,,,,,,,,,
E1_A10,kin6d,9640,NEO_2,0.13454545454545455,,1.343233578379326e-09,6.428795273905052e-10,,,,,,,,,,,,,,
E1_A10,kin6d,9640,NEO_2,0.21909090909090911,,3.932953907169017e-09,4.574378209554197e-09,,,,,,,,,,,,,,
E1_A10,kin6d,9640,NEO_2,0.30363636363636365,,6.438877232613728e-09,2.715112246143292e-09,,,,,,,,,,,,,,
E1_A10,kin6d,9640,NEO_2,0.3881818181818182,,1.6715182100059697e-09,4.209209425454219e-09,,,,,,,,,,,,,,
E1_A10,kin6d,9640,NEO_2,0.4727272727272728,,3.3519031112379022e-09,9.039857751247382e-10,,,,,,,,,,,,,,
E1_A10,kin6d,9640,NEO_2,0.5572727272727274,,3.148791596068237e-09,1.3372688512092168e-09,,,,,,,,,,,,,,
E1_A10,kin6d,9640,NEO_2,0.641818181818182,,6.835243345422281e-09,2.3635196022553373e-09,,,,,,,,,,,,,,
E1_A10,kin6d,9640,NEO_2,0.7263636363636364,,6.953773533362511e-10,5.4753597211743e-09,,,,,,,,,,,,,,
E1_A10,kin6d,9640,NEO_2,0.810909090909091,,4.989032356146675e-09,5.9007776442854265e-09,,,,,,,,,,,,,,
E1_A10,kin6d,9640,NEO_2,0.8954545454545456,,3.255593985641457e-09,3.280748428480251e-08,,,,,,,,,,,,,,
E1_A10,kin6d,9640,NEO_2,0.9800000000000001,,7.384329418269644e-09,1.2188490772224725e-07,,,,,,,,,,,,,,
E2_A3p1,kin6d,9937,libneo_Boozer,0.05025,1.2339333698892573e-08,8.810080833645567e-09,1.0608730716121784e-07,5.422853277536888e-09,5.1255293760379305e-09,1.1499668759048502e-08,3.3329771001118296e-09,3.8077777313220926e-09,6.026980017276664e-07,1.642603482824133e-06,3.373660489086333e-08,8.932189446728662e-08,3.930451287158406e-09,7.368879901463222e-09,8.455976245602681e-09,2.034863839928125e-08,4.5387615776881773e-08
E2_A3p1,kin6d,9937,libneo_Boozer,0.13475,2.1173417724158316e-08,1.8865443849036845e-08,3.640888279754506e-08,5.422853277536888e-09,1.1087917203925088e-08,2.5085411775608437e-08,1.1816230291449137e-08,1.2068464427668601e-08,3.0096863998193783e-07,8.403371519968777e-07,2.9176879791471856e-08,7.162791849255334e-08,1.2279630287293984e-08,1.624955719580895e-08,1.903655644230895e-08,5.0975593440805156e-08,6.943332270248348e-08
E2_A3p1,kin6d,9937,libneo_Boozer,0.21925,2.1673698122493364e-08,1.618899677414483e-08,8.04990976099873e-08,5.422853277536888e-09,6.4966823392908134e-09,1.940988069500009e-08,9.076916340459883e-09,1.0818799537531714e-08,1.939937893091271e-07,4.7146743037304556e-07,2.3175888407528686e-08,4.914129411360739e-08,1.0033154761928762e-08,1.4646942534483155e-08,1.2651830749721427e-08,6.402034155583713e-08,6.836254490272253e-08
E2_A3p1,kin6d,9937,libneo_Boozer,0.30375,2.6535450261671874e-08,2.20061280248348e-08,2.6995417012898315e-10,5.422853277536888e-09,3.9106848469751666e-08,1.806968802371889e-07,5.749421461969214e-09,2.0251132378748026e-08,3.186914713496706e-07,1.1673115615401283e-06,4.054946809756626e-08,1.351141512374968e-07,7.062949633140665e-09,2.4733555003430317e-08,1.1703955077324579e-07,1.7802307789027694e-07,1.6150583970198085e-07
E2_A3p1,kin6d,9937,libneo_Boozer,0.38825,3.8650091044643247e-08,3.5646101002137166e-08,5.318064966175484e-08,5.422853277536888e-09,5.7766935412357926e-08,1.9069248444860816e-07,3.779680367627925e-09,1.498977627017625e-08,2.1451058607142813e-07,7.817942561852419e-07,2.9947461495916874e-08,9.848751699177863e-08,4.149945189898567e-09,1.029991862062918e-08,1.0969042996133993e-07,1.1498474039584039e-07,9.226872377254836e-08
E2_A3p1,kin6d,9937,libneo_Boozer,0.47275,3.349044577077817e-08,2.75081685189978e-08,2.408852695090502e-08,5.422853277536888e-09,5.528830607250845e-08,1.7905154084537896e-07,1.4756880430566153e-08,3.299323853816042e-08,1.751690917701642e-07,5.592517879642025e-07,2.984860106225939e-08,8.167090224027206e-08,1.3255674925230503e-08,1.918288296971495e-08,8.739326673445902e-08,1.1982526260112536e-07,8.713700971885174e-08
E2_A3p1,kin6d,9937,libneo_Boozer,0.55725,3.1612116516765506e-08,2.5920015135711895e-08,1.7368517624127833e-08,5.422853277536888e-09,2.8156463003628156e-08,6.218340373869034e-08,7.70843858027267e-09,1.2687057661137553e-08,1.7008995860353272e-07,6.008992354823288e-07,2.7758020297911426e-08,8.451867009987257e-08,8.572374666705224e-09,1.8149833621329044e-08,2.5720645502325112e-08,1.1255568643786518e-07,7.538977175869377e-08
E2_A3p1,kin6d,9937,libneo_Boozer,0.64175,2.7780734566694675e-08,2.214777575309779e-08,3.4639888513154915e-08,5.422853277536888e-09,1.209327227285642e-07,6.489820091246499e-07,1.612517554954304e-08,2.644464963082971e-08,2.881243336332337e-07,8.591488332153243e-07,4.979255968660639e-08,1.2595983814029274e-07,1.7212179517286842e-08,3.6803486037328204e-08,2.0613191820118004e-07,1.461053408258195e-07,9.119125277123885e-08
E2_A3p1,kin6d,9937,libneo_Boozer,0.72625,3.492072467510182e-08,3.3183877277841383e-08,5.002109393359433e-08,5.422853277536888e-09,1.2197117525155568e-07,5.067972055700599e-07,3.2532705060369685e-09,1.3232293116819657e-08,1.9554495322320052e-07,7.714582686579062e-07,3.3273438596269283e-08,1.1505900687291487e-07,4.5774957993376875e-09,1.3254245125755795e-08,1.2109926295078566e-07,1.0587372611947643e-07,6.211766823138731e-08
E2_A3p1,kin6d,9937,libneo_Boozer,0.81075,2.3802222476000486e-08,2.067078855278035e-08,1.0480134537971253e-09,5.422853277536888e-09,2.389089744850018e-07,7.209866373053826e-07,1.1622322717988057e-08,2.907098398735896e-08,1.5526828530538983e-07,4.900247688450732e-07,2.9332893658070955e-08,7.997994573990975e-08,9.059969819543679e-09,1.685572785420528e-08,1.1695105817111084e-07,1.0744950762475725e-07,5.966655580724733e-08
E2_A3p1,kin6d,9937,libneo_Boozer,0.89525,4.300583075880641e-08,3.811517040571881e-08,7.495650677924459e-08,5.422853277536888e-09,4.031924256553169e-07,1.4087756246994176e-06,1.119218846201274e-08,2.94004624997567e-08,3.995465101240316e-07,9.867454333843075e-07,7.182325708839374e-08,1.5402702481623662e-07,1.2974654491170482e-08,3.222779891546382e-08,1.2416282912930399e-07,1.3762600714617435e-07,7.272745106146061e-08
E2_A3p1,kin6d,9937,libneo_Boozer,0.97975,6.431028122286566e-08,4.9252851671366625e-08,1.9440888654465027e-07,5.422853277536888e-09,1.3703180736652364e-05,7.062487045470458e-05,4.339140506859581e-08,1.7737292232247602e-07,6.76621964860394e-07,1.992823531107018e-06,1.2940669422900586e-07,3.502247769119234e-07,2.5776196437751393e-08,8.71689106836947e-08,1.1810822543312227e-06,1.4161778274512926e-06,7.153688114103218e-07
E2_A3p1,kin6d,9937,NEO_RT,0.05,,1.0192453831812336e-08,1.196875168973932e-07,,,,,,,,,,,,,,
E2_A3p1,kin6d,9937,NEO_RT,0.13454545454545455,,1.5848781686816584e-08,3.354990374404565e-08,,,,,,,,,,,,,,
E2_A3p1,kin6d,9937,NEO_RT,0.21909090909090911,,1.688790750587375e-08,8.026088815782373e-08,,,,,,,,,,,,,,
E2_A3p1,kin6d,9937,NEO_RT,0.30363636363636365,,2.1383271305377004e-08,4.563520672462573e-10,,,,,,,,,,,,,,
E2_A3p1,kin6d,9937,NEO_RT,0.3881818181818182,,3.544734360608592e-08,5.3903914998265634e-08,,,,,,,,,,,,,,
E2_A3p1,kin6d,9937,NEO_RT,0.4727272727272728,,2.7469504904139235e-08,2.4389434583049763e-08,,,,,,,,,,,,,,
E2_A3p1,kin6d,9937,NEO_RT,0.5572727272727274,,2.621338694868099e-08,1.7534643070860056e-08,,,,,,,,,,,,,,
E2_A3p1,kin6d,9937,NEO_RT,0.641818181818182,,2.3058879262821164e-08,3.387507951924107e-08,,,,,,,,,,,,,,
E2_A3p1,kin6d,9937,NEO_RT,0.7263636363636364,,3.255845147745971e-08,5.084003085187305e-08,,,,,,,,,,,,,,
E2_A3p1,kin6d,9937,NEO_RT,0.810909090909091,,1.929376916373035e-08,3.3115155062546364e-09,,,,,,,,,,,,,,
E2_A3p1,kin6d,9937,NEO_RT,0.8954545454545456,,3.84403463511748e-08,7.826375969521848e-08,,,,,,,,,,,,,,
E2_A3p1,kin6d,9937,NEO_RT,0.9800000000000001,,4.6601097078205304e-08,2.011738697849097e-07,,,,,,,,,,,,,,
E2_A3p1,kin6d,9937,NEO_2,0.05,,1.0192183212499247e-08,1.19687511679345e-07,,,,,,,,,,,,,,
E2_A3p1,kin6d,9937,NEO_2,0.13454545454545455,,1.5849027095926637e-08,3.3549904854268675e-08,,,,,,,,,,,,,,
E2_A3p1,kin6d,9937,NEO_2,0.21909090909090911,,1.688800758032535e-08,8.026089948209858e-08,,,,,,,,,,,,,,
E2_A3p1,kin6d,9937,NEO_2,0.30363636363636365,,2.138315046623755e-08,4.563539546253992e-10,,,,,,,,,,,,,,
E2_A3p1,kin6d,9937,NEO_2,0.3881818181818182,,3.544738485127361e-08,5.3903916330533264e-08,,,,,,,,,,,,,,
E2_A3p1,kin6d,9937,NEO_2,0.4727272727272728,,2.746949178590033e-08,2.4389418817882813e-08,,,,,,,,,,,,,,
E2_A3p1,kin6d,9937,NEO_2,0.5572727272727274,,2.6213535551248248e-08,1.7534641960637032e-08,,,,,,,,,,,,,,
E2_A3p1,kin6d,9937,NEO_2,0.641818181818182,,2.3059037338434383e-08,3.3875073413014434e-08,,,,,,,,,,,,,,
E2_A3p1,kin6d,9937,NEO_2,0.7263636363636364,,3.2558344221625506e-08,5.08400330723191e-08,,,,,,,,,,,,,,
E2_A3p1,kin6d,9937,NEO_2,0.810909090909091,,1.9293646407294847e-08,3.31151206456326e-09,,,,,,,,,,,,,,
E2_A3p1,kin6d,9937,NEO_2,0.8954545454545456,,3.844016749205102e-08,7.826375370001415e-08,,,,,,,,,,,,,,
E2_A3p1,kin6d,9937,NEO_2,0.9800000000000001,,4.660107049368625e-08,2.0117386911877588e-07,,,,,,,,,,,,,,
E1_A10,kin6d,40177,libneo_Boozer,0.05025,8.745156822851081e-09,8.729783524616911e-09,6.22724893872828e-09,8.284108954370595e-10,8.416930605012411e-09,1.3232601243942597e-08,6.412373136648398e-09,7.641678590049452e-09,1.2701688694380645e-07,1.8236169736013293e-07,6.684717814627558e-09,7.684754788620854e-09,6.414366124577036e-09,7.651924010421973e-09,1.3653060328133737e-08,1.3743493371132232e-08,3.06548459949596e-08
E1_A10,kin6d,40177,libneo_Boozer,0.13475,7.284599109272217e-09,7.2853516084340146e-09,3.8106016120309505e-09,8.284108954370595e-10,3.216220039546009e-08,4.937266931190333e-08,1.2550144300895125e-08,1.2998828739720291e-08,1.4314149433306536e-07,1.5436360221113972e-07,1.3022527605923654e-08,1.3519941767250832e-08,1.2552412082329096e-08,1.308139608680934e-08,4.171626644122739e-08,4.14959380468094e-08,5.6521173574797245e-08
E1_A10,kin6d,40177,libneo_Boozer,0.21925,7.021548209349065e-10,5.505356291082464e-10,4.4901611317982315e-09,8.284108954370595e-10,3.57750230651287e-08,5.26875422787592e-08,4.5639220040643225e-09,4.737015269212507e-09,8.916034562650468e-08,9.579661331618396e-08,5.337703245817547e-09,5.576193314325743e-09,4.552052545333868e-09,4.642891098858719e-09,4.0221581898425285e-08,3.997644454356575e-08,4.268785663841257e-08
E1_A10,kin6d,40177,libneo_Boozer,0.30375,9.103862103074016e-09,9.08902487882231e-09,5.003198300101985e-09,8.284108954370595e-10,1.4388699346522031e-08,2.7732733090898125e-08,1.035430233620636e-08,1.0002720641039713e-08,2.9708376359363718e-08,4.5986770944621664e-08,1.040428627505063e-08,1.0000405614569667e-08,1.0345586471021588e-08,9.998908683423783e-09,1.8498887977003164e-08,1.8259212586357876e-08,1.6565093852172197e-08
E1_A10,kin6d,40177,libneo_Boozer,0.38825,2.5109875520552244e-09,2.475718352184292e-09,4.068060999173895e-09,8.284108954370595e-10,7.490896665726101e-08,1.1040450025038396e-07,7.587883284423197e-09,7.654305079110693e-09,8.273034300728513e-08,8.573786416401199e-08,8.317421833676696e-09,8.405223170329705e-09,7.582023449810276e-09,7.501203220359134e-09,6.817807474135407e-08,6.842921757010956e-08,5.491055909967457e-08
E1_A10,kin6d,40177,libneo_Boozer,0.47275,3.011085049127774e-09,3.0101039219111626e-09,6.169480482043355e-10,8.284108954370595e-10,1.3300684896130717e-07,1.9254531030744296e-07,1.0258679533639735e-08,1.0619233040998743e-08,1.0433491556988556e-07,1.0399441770690993e-07,1.1299317057727048e-08,1.150759584321242e-08,1.025784262051902e-08,1.0797009595126226e-08,1.0080431600556494e-07,1.0046451209833052e-07,7.30578507690538e-08
E1_A10,kin6d,40177,libneo_Boozer,0.55725,3.4813016023089027e-09,3.476063094212935e-09,1.3749195115764223e-09,8.284108954370595e-10,1.7342522105139432e-07,2.469831499353989e-07,3.80317537443112e-09,3.9246714493837164e-09,9.732285835315201e-08,1.0194370587491947e-07,6.1361631720658016e-09,6.305176715890556e-09,3.796783357355215e-09,4.151357427734084e-09,1.0870291011766398e-07,1.0867009159198915e-07,7.278720115522219e-08
E1_A10,kin6d,40177,libneo_Boozer,0.64175,6.204758038950498e-09,6.2088324617315584e-09,3.05524716637251e-09,8.284108954370595e-10,1.5395220510536603e-07,2.291854129380541e-07,1.109867423561676e-08,1.0459661477516065e-08,6.007625746080971e-08,6.140680487064255e-08,1.1533421586533793e-08,1.0892665850514366e-08,1.1075620718133577e-08,1.0273187477520696e-08,8.23915276004783e-08,8.284933006308393e-08,5.1710183690545364e-08
E1_A10,kin6d,40177,libneo_Boozer,0.72625,1.1970198659346673e-09,1.0239046665106135e-09,5.595899410515415e-09,8.284108954370595e-10,1.1191542913740499e-08,2.4281764065839136e-08,1.0483355818191071e-09,1.429109926648586e-09,8.599873467398182e-09,1.5759890476402354e-08,1.1539639535969463e-09,1.6451510674991305e-09,1.0679660401090403e-09,1.4531307419454741e-09,6.323029655419532e-09,5.893352694741338e-09,3.4577164464977272e-09
E1_A10,kin6d,40177,libneo_Boozer,0.81075,1.3259724534174019e-09,1.3254476914599891e-09,5.284207738043278e-09,8.284108954370595e-10,5.416350980839937e-07,8.085128737838271e-07,6.769970102206669e-09,7.525931569566545e-09,8.785459495039747e-08,9.03881213235312e-08,8.553859045933893e-09,9.098802038879278e-09,6.793103512498076e-09,7.79514215958853e-09,1.5250376994568882e-07,1.5232986461111153e-07,8.458854627857448e-08
E1_A10,kin6d,40177,libneo_Boozer,0.89525,9.17292789338598e-09,9.191608366233035e-09,1.9870647349762294e-09,8.284108954370595e-10,4.0673801917373367e-07,6.319858953916994e-07,6.046043509323178e-09,5.8390820931265046e-09,3.470857155115453e-08,4.033937226302473e-08,6.414693629055142e-09,6.321512983158401e-09,6.0556687235063406e-09,5.9674372432143704e-09,6.594172607954363e-08,6.566268662133723e-08,3.469896170393838e-08
E1_A10,kin6d,40177,libneo_Boozer,0.97975,1.7870800030753392e-09,1.776522090166092e-09,3.663545689036596e-09,8.284108954370595e-10,1.4751424755865249e-06,2.698324901414e-06,3.674408507696458e-09,3.615546717440585e-09,4.0544445113812894e-08,8.54873824057393e-08,4.529325111057478e-09,6.4144181704738895e-09,3.684411600092232e-09,3.6831791541788456e-09,5.4492237944181454e-08,5.420476734130375e-08,2.7381034217732747e-08
E1_A10,kin6d,40177,NEO_RT,0.05,,8.055132108130063e-09,5.340669129161313e-09,,,,,,,,,,,,,,
E1_A10,kin6d,40177,NEO_RT,0.13454545454545455,,1.3285108712769034e-09,9.368461562075936e-11,,,,,,,,,,,,,,
E1_A10,kin6d,40177,NEO_RT,0.21909090909090911,,3.926142626263631e-09,4.574373102528284e-09,,,,,,,,,,,,,,
E1_A10,kin6d,40177,NEO_RT,0.30363636363636365,,6.429436568096852e-09,6.326287937952202e-09,,,,,,,,,,,,,,
E1_A10,kin6d,40177,NEO_RT,0.3881818181818182,,1.6482806141798514e-09,4.171528233953836e-09,,,,,,,,,,,,,,
E1_A10,kin6d,40177,NEO_RT,0.4727272727272728,,3.347630803880842e-09,1.0432799069093335e-09,,,,,,,,,,,,,,
E1_A10,kin6d,40177,NEO_RT,0.5572727272727274,,3.1936427171028147e-09,1.3372719598336857e-09,,,,,,,,,,,,,,
E1_A10,kin6d,40177,NEO_RT,0.641818181818182,,6.831683520381928e-09,2.370149965180701e-09,,,,,,,,,,,,,,
E1_A10,kin6d,40177,NEO_RT,0.7263636363636364,,6.634227316762221e-10,5.509540934589552e-09,,,,,,,,,,,,,,
E1_A10,kin6d,40177,NEO_RT,0.810909090909091,,4.9826390339305556e-09,5.900911759226801e-09,,,,,,,,,,,,,,
E1_A10,kin6d,40177,NEO_RT,0.8954545454545456,,3.2030608511143965e-09,6.702314259143805e-10,,,,,,,,,,,,,,
E1_A10,kin6d,40177,NEO_RT,0.9800000000000001,,7.211805904860334e-09,1.1116061404692346e-09,,,,,,,,,,,,,,
E1_A10,kin6d,40177,NEO_2,0.05,,8.055099999168844e-09,5.3406630229346774e-09,,,,,,,,,,,,,,
E1_A10,kin6d,40177,NEO_2,0.13454545454545455,,1.3285509864210043e-09,9.368505970996921e-11,,,,,,,,,,,,,,
E1_A10,kin6d,40177,NEO_2,0.21909090909090911,,3.926120879744538e-09,4.57437110412684e-09,,,,,,,,,,,,,,
E1_A10,kin6d,40177,NEO_2,0.30363636363636365,,6.429408434254846e-09,6.3262967087140964e-09,,,,,,,,,,,,,,
E1_A10,kin6d,40177,NEO_2,0.3881818181818182,,1.6482759342939958e-09,4.171528900087651e-09,,,,,,,,,,,,,,
E1_A10,kin6d,40177,NEO_2,0.4727272727272728,,3.347631907288242e-09,1.0432774644186793e-09,,,,,,,,,,,,,,
E1_A10,kin6d,40177,NEO_2,0.5572727272727274,,3.19363963867369e-09,1.3372688512092168e-09,,,,,,,,,,,,,,
E1_A10,kin6d,40177,NEO_2,0.641818181818182,,6.831688874427597e-09,2.3701534068720775e-09,,,,,,,,,,,,,,
E1_A10,kin6d,40177,NEO_2,0.7263636363636364,,6.63443997421814e-10,5.509545264459348e-09,,,,,,,,,,,,,,
E1_A10,kin6d,40177,NEO_2,0.810909090909091,,4.982636168909089e-09,5.900911981271406e-09,,,,,,,,,,,,,,
E1_A10,kin6d,40177,NEO_2,0.8954545454545456,,3.2030599517095494e-09,6.702371990741085e-10,,,,,,,,,,,,,,
E1_A10,kin6d,40177,NEO_2,0.9800000000000001,,7.211809149845567e-09,1.1116074727368641e-09,,,,,,,,,,,,,,
E2_A3p1,kin6d,40753,libneo_Boozer,0.05025,8.353363744299015e-09,6.03383135278861e-09,3.760652567130762e-09,5.549858350661907e-10,3.171673643496956e-09,5.306618019567609e-09,3.5399786397409946e-09,4.024763904587645e-09,1.465522805264631e-07,1.0723370240986168e-06,8.895709527703596e-09,5.841243654588536e-08,3.5516557050449634e-09,5.273663144381261e-09,5.814931820780078e-09,1.6336089689317213e-08,3.6437629524765924e-08
E2_A3p1,kin6d,40753,libneo_Boozer,0.13475,2.2007578380227825e-08,1.9341184297003107e-08,1.627435530782151e-08,5.549858350661907e-10,8.970972690077118e-09,1.5827750936506673e-08,1.2016156298128049e-08,1.1782463786756287e-08,1.0036905276944332e-07,4.198659433694226e-07,1.4917136601674453e-08,3.6915670510188596e-08,1.1901387891703934e-08,1.2947453699545629e-08,1.2609251476281003e-08,4.539930564817496e-08,6.183791878555667e-08
E2_A3p1,kin6d,40753,libneo_Boozer,0.21925,1.849468142657704e-08,1.4049660388367775e-08,1.2663916471034042e-08,5.549858350661907e-10,1.1830908789005593e-08,1.698191914386796e-08,9.665961279019247e-09,9.889171038660685e-09,7.269484756647548e-08,3.4061860017291976e-07,1.2501730491327926e-08,3.62037424100689e-08,9.547565437766826e-09,1.1942972236473514e-08,1.3368715523487396e-08,6.241830766140488e-08,6.665185237064719e-08
E2_A3p1,kin6d,40753,libneo_Boozer,0.30375,2.5411007838351105e-08,2.1327915768086287e-08,2.8230883852842226e-08,5.549858350661907e-10,3.232871471781442e-08,7.376802296512636e-08,5.399245003928156e-09,6.278752442656165e-09,7.48563598791847e-08,2.7076499951018187e-07,1.0844862623282462e-08,3.136399487454001e-08,4.9617651112308235e-09,6.986836909039319e-09,4.787899920977168e-08,1.1229848267957365e-07,1.0187926180460494e-07
E2_A3p1,kin6d,40753,libneo_Boozer,0.38825,2.359178026218664e-08,1.9496684737507145e-08,2.435642831866147e-08,5.549858350661907e-10,3.4566774881291554e-08,7.21518461198748e-08,5.593050729870577e-09,8.366409486079513e-09,8.350963345263412e-08,2.5884051913556464e-07,1.2825065394249616e-08,3.306908541619131e-08,5.7749324696150815e-09,9.389007609172508e-09,4.1460683442018365e-08,9.859771238351911e-08,7.911906363400334e-08
E2_A3p1,kin6d,40753,libneo_Boozer,0.47275,3.252249931009415e-08,2.6910566415056093e-08,3.8951601721848306e-08,5.549858350661907e-10,4.82039417767876e-08,8.958365673389264e-08,1.1760865951304126e-08,1.862374850967992e-08,8.252171621513487e-08,2.6796029306307894e-07,1.6903517498313032e-08,3.7558104982403686e-08,1.1819562180556359e-08,1.988150882339786e-08,4.3541378724754054e-08,1.1281044282052122e-07,8.203582790855535e-08
E2_A3p1,kin6d,40753,libneo_Boozer,0.55725,3.110617666246577e-08,2.5599800621104068e-08,3.270305970470844e-08,5.549858350661907e-10,6.600176429198368e-08,1.235824575210644e-07,8.356497290841185e-09,1.2956294734448119e-08,6.4732344757996e-08,3.3320988430388366e-07,1.3088784805702801e-08,4.6708034008708506e-08,8.035038573555454e-09,1.3109858452502612e-08,4.948095944090625e-08,8.039046606178601e-08,5.384551415854588e-08
E2_A3p1,kin6d,40753,libneo_Boozer,0.64175,2.332039519220178e-08,1.9349069625065464e-08,3.4639888513154915e-08,5.549858350661907e-10,1.0843782042946561e-07,2.919551549717983e-07,1.095361826276465e-08,1.676866546192996e-08,6.145013450823654e-08,1.53362271183294e-07,1.4765815143886283e-08,2.7782184694694852e-08,1.0349128175480112e-08,1.2858065599803759e-08,9.265124734092467e-08,7.942277924222196e-08,4.957151134021842e-08
E2_A3p1,kin6d,40753,libneo_Boozer,0.72625,2.0238253977169455e-08,1.7679802931926715e-08,1.7332663415636773e-08,5.549858350661907e-10,1.0308083068083816e-07,1.8383670767269748e-07,6.583957393102984e-09,1.9886542567955494e-08,8.441863083027807e-08,3.6651069404734273e-07,1.5701174508481252e-08,5.530358876094222e-08,5.473938239277043e-09,1.4775772075935833e-08,4.3919287096017e-08,9.954144297719125e-08,5.840242467414214e-08
E2_A3p1,kin6d,40753,libneo_Boozer,0.81075,2.3226184968852784e-08,2.0333794266581305e-08,1.7933326046382092e-08,5.549858350661907e-10,1.7133510262061905e-07,2.88538262777148e-07,9.21433618848691e-09,1.3465188446411093e-08,7.498810838112159e-08,3.202160809854737e-07,1.5889401621470022e-08,5.029537687046478e-08,8.943092489969834e-09,1.8727099833658563e-08,4.6499882722095265e-08,1.1642721964300051e-07,6.465186652704347e-08
E2_A3p1,kin6d,40753,libneo_Boozer,0.89525,1.9848535091999513e-08,1.803703945409819e-08,1.230708013277848e-08,5.549858350661907e-10,3.763241116690529e-07,7.492257391443972e-07,1.7075645450755693e-08,2.0986048802998297e-08,8.621925355512131e-08,3.2753862524564635e-07,2.2736427666602776e-08,5.4514334123418704e-08,1.596723504016802e-08,2.1223253809751744e-08,6.599269286589049e-08,9.874538686727163e-08,5.218127274719819e-08
E2_A3p1,kin6d,40753,libneo_Boozer,0.97975,7.821767966156644e-09,8.209333958025246e-09,4.121364360898383e-09,5.549858350661907e-10,7.340271410568189e-07,2.5919278970408744e-06,3.3587382203324702e-09,7.00013878786734e-09,1.8303676271767668e-07,4.653582827555978e-07,3.321264534971966e-08,7.28129647668206e-08,5.258556541241128e-09,2.0287799729192015e-08,4.3329276389059146e-08,6.102982330613571e-08,3.0828648522884805e-08
E2_A3p1,kin6d,40753,NEO_RT,0.05,,7.644254418052438e-09,4.380398821446363e-09,,,,,,,,,,,,,,
E2_A3p1,kin6d,40753,NEO_RT,0.13454545454545455,,1.5570233667775684e-08,1.880489119976403e-08,,,,,,,,,,,,,,
E2_A3p1,kin6d,40753,NEO_RT,0.21909090909090911,,1.4812191318669111e-08,1.4903246303710205e-08,,,,,,,,,,,,,,
E2_A3p1,kin6d,40753,NEO_RT,0.30363636363636365,,2.0784062418928704e-08,2.808450738633894e-08,,,,,,,,,,,,,,
E2_A3p1,kin6d,40753,NEO_RT,0.3881818181818182,,1.9783837437808627e-08,2.306817104003045e-08,,,,,,,,,,,,,,
E2_A3p1,kin6d,40753,NEO_RT,0.4727272727272728,,2.6891948524404166e-08,3.866906106431145e-08,,,,,,,,,,,,,,
E2_A3p1,kin6d,40753,NEO_RT,0.5572727272727274,,2.561269774129278e-08,3.30769380774143e-08,,,,,,,,,,,,,,
E2_A3p1,kin6d,40753,NEO_RT,0.641818181818182,,2.0551739181333022e-08,3.386713798292362e-08,,,,,,,,,,,,,,
E2_A3p1,kin6d,40753,NEO_RT,0.7263636363636364,,1.7601623822648827e-08,1.5112893270163852e-08,,,,,,,,,,,,,,
E2_A3p1,kin6d,40753,NEO_RT,0.810909090909091,,1.889485828083204e-08,1.764371315715607e-08,,,,,,,,,,,,,,
E2_A3p1,kin6d,40753,NEO_RT,0.8954545454545456,,2.020756920831213e-08,9.005853396359953e-09,,,,,,,,,,,,,,
E2_A3p1,kin6d,40753,NEO_RT,0.9800000000000001,,6.606612794040273e-09,2.552562827773386e-09,,,,,,,,,,,,,,
E2_A3p1,kin6d,40753,NEO_2,0.05,,7.6444190863853e-09,4.380403928472276e-09,,,,,,,,,,,,,,
E2_A3p1,kin6d,40753,NEO_2,0.13454545454545455,,1.556989245318285e-08,1.8804888313184165e-08,,,,,,,,,,,,,,
E2_A3p1,kin6d,40753,NEO_2,0.21909090909090911,,1.481227365839408e-08,1.4903247302910927e-08,,,,,,,,,,,,,,
E2_A3p1,kin6d,40753,NEO_2,0.30363636363636365,,2.07840010955378e-08,2.808450594304901e-08,,,,,,,,,,,,,,
E2_A3p1,kin6d,40753,NEO_2,0.3881818181818182,,1.97838644437928e-08,2.3068168486517493e-08,,,,,,,,,,,,,,
E2_A3p1,kin6d,40753,NEO_2,0.4727272727272728,,2.689194347135132e-08,3.866906561622585e-08,,,,,,,,,,,,,,
E2_A3p1,kin6d,40753,NEO_2,0.5572727272727274,,2.5612713797605256e-08,3.3076927197228656e-08,,,,,,,,,,,,,,
E2_A3p1,kin6d,40753,NEO_2,0.641818181818182,,2.055160022179945e-08,3.386713376407613e-08,,,,,,,,,,,,,,
E2_A3p1,kin6d,40753,NEO_2,0.7263636363636364,,1.760148824251373e-08,1.511290315114877e-08,,,,,,,,,,,,,,
E2_A3p1,kin6d,40753,NEO_2,0.810909090909091,,1.889475838970898e-08,1.764371038159851e-08,,,,,,,,,,,,,,
E2_A3p1,kin6d,40753,NEO_2,0.8954545454545456,,2.0207547470182926e-08,9.005855394761397e-09,,,,,,,,,,,,,,
E2_A3p1,kin6d,40753,NEO_2,0.9800000000000001,,6.60664479696752e-09,2.5525666025316696e-09,,,,,,,,,,,,,,
E2_A10,kin6d,595,libneo_Boozer,0.05025,5.7795653076512104e-08,4.2039926385215716e-08,9.201622477306159e-07,6.833106407366785e-07,1.5534277335671086e-06,1.8171488179968914e-06,3.1493198302022828e-09,4.1582052485568486e-09,8.342467580480393e-06,2.0393918203653376e-05,1.2659814134885646e-07,3.052423820786861e-07,3.5445808724222468e-09,5.709994774714991e-09,3.3226539734865224e-07,2.8825340044752457e-07,6.429479082192824e-07
E2_A10,kin6d,595,libneo_Boozer,0.13475,1.138921074792955e-07,8.063358052817874e-08,7.285129484113639e-07,6.833106407366785e-07,1.6818215234380083e-06,2.0267133521198426e-06,1.209548376542532e-08,1.3351639906458038e-08,4.972211522647315e-06,1.4057274235136318e-05,1.2376020274721552e-07,3.4029184605494106e-07,1.1787080110542679e-08,1.6060628948897865e-08,4.831158779416977e-07,3.97122642992187e-07,5.409161492608838e-07
E2_A10,kin6d,595,libneo_Boozer,0.21925,4.236404059631192e-08,2.99724344867194e-08,1.376536867825351e-07,6.833106407366785e-07,1.860525508947423e-06,2.232209596227169e-06,1.200406543828328e-08,1.3044569272276308e-08,3.2987634847929844e-06,8.556182109155366e-06,1.0462451306734041e-07,2.616830156961971e-07,1.2400125554664488e-08,1.720344813275747e-08,5.950603290116874e-07,4.362354816545011e-07,4.6582304907838434e-07
E2_A10,kin6d,595,libneo_Boozer,0.30375,5.297222698191179e-08,3.759707877253468e-08,2.0265801814467466e-08,6.833106407366785e-07,2.0679611313923957e-06,2.4358639353404437e-06,3.1863209281476213e-09,3.810641972405819e-09,2.322219857593723e-06,6.74326888081275e-06,8.59312417031298e-08,2.405178631531183e-07,3.894610299754332e-09,8.235957943217512e-09,6.708460749127454e-07,4.604054287260517e-07,4.176881288620038e-07
E2_A10,kin6d,595,libneo_Boozer,0.38825,5.1371865440505504e-08,3.646775685472281e-08,3.373676442652851e-07,6.833106407366785e-07,2.3795211989093562e-06,2.8717632114583022e-06,4.448733031635226e-09,5.739521344710859e-09,1.926291671547633e-06,4.999851677496492e-06,8.042416073437693e-08,2.0013126597199253e-07,5.583274361133828e-09,1.2617606652732333e-08,8.53291717894944e-07,5.707613583427751e-07,4.5800337189483287e-07
E2_A10,kin6d,595,libneo_Boozer,0.47275,8.772785771470193e-08,6.622292826871294e-08,3.5564162104151364e-07,6.833106407366785e-07,2.7855713054571014e-06,3.2628015207568696e-06,1.5803155865394738e-09,5.052433827174266e-09,1.6488284493575675e-06,4.988335320966486e-06,7.564552487766246e-08,2.187150283231095e-07,3.4498934083320437e-09,1.0302053823768167e-08,9.386890790219482e-07,5.717478406830345e-07,4.157752538924697e-07
E2_A10,kin6d,595,libneo_Boozer,0.55725,6.007453176568138e-08,4.7997101091766754e-08,1.897663638450453e-07,6.833106407366785e-07,3.2655852638161736e-06,3.974882893822798e-06,8.674114515521548e-09,1.093669640012147e-08,2.577302078965469e-06,6.443679824846783e-06,1.282724246896755e-07,3.0488333432853325e-07,9.293085383165118e-09,2.059208747254826e-08,1.0991052231679177e-06,6.988771078519918e-07,4.6810754872339544e-07
E2_A10,kin6d,595,libneo_Boozer,0.64175,9.4491658822129e-07,7.658864879822416e-07,6.16992232982394e-06,6.833106407366785e-07,3.770050613307163e-06,5.020875219108522e-06,2.179134415712921e-09,5.434591801329933e-09,1.5429398539962355e-05,4.061528079746042e-05,8.198525574573489e-07,2.048046208076353e-06,4.692779909590147e-08,1.2099157412203227e-07,1.258312999019573e-06,8.986384593123731e-07,5.608825323077937e-07
E2_A10,kin6d,595,libneo_Boozer,0.72625,9.857937564833468e-07,7.9482505300607e-07,5.270864644302264e-06,6.833106407366785e-07,5.041055170836297e-06,8.771378796963427e-06,6.803184436449583e-09,2.1676536142540194e-08,1.6846859356904906e-05,4.0062849776945e-05,9.495725412356814e-07,2.1360900053076235e-06,5.2423937528574675e-08,1.306135887874516e-07,1.973169758473503e-06,1.56631131720264e-06,9.189772990358946e-07
E2_A10,kin6d,595,libneo_Boozer,0.81075,5.007955758213423e-07,4.2079977233654215e-07,4.628921779659123e-06,6.833106407366785e-07,1.1443062814189306e-05,2.042631643621037e-05,9.59997315677967e-09,1.993861306067248e-08,1.4167845849589306e-05,4.3068713719451746e-05,8.413606985975486e-07,2.4121543099139787e-06,4.4431019959964176e-08,1.4942431203954516e-07,3.535197149573399e-06,2.5568118543484175e-06,1.4197927509229658e-06
E2_A10,kin6d,595,libneo_Boozer,0.89525,1.3902566424814486e-06,1.218676481033813e-06,1.0602150587124548e-05,6.833106407366785e-07,1.769246018587692e-05,3.555391055559957e-05,2.4248786724403073e-08,4.278350303920398e-08,2.407937668826183e-05,4.130989673825811e-05,1.498413304097854e-06,2.417627521808532e-06,8.843206088981728e-08,1.6107815622016413e-07,3.512581216891242e-06,2.7362470635949876e-06,1.445948470291114e-06
E2_A10,kin6d,595,libneo_Boozer,0.97975,1.6225016436286635e-06,1.4092786087653973e-06,2.3646977301394756e-05,6.833106407366785e-07,0.0001009762490765415,0.00022421438651175056,7.452870397965479e-08,2.5882369019530883e-07,5.108556796783757e-05,0.00010304707122845758,3.316461304915556e-06,6.27445241364541e-06,2.043506646660232e-07,3.655316283935878e-07,4.431038137964194e-06,4.1038366437318174e-06,2.073012775327676e-06
E2_A10,kin6d,595,NEO_RT,0.05,,4.0073884746045896e-08,9.540212577707763e-07,,,,,,,,,,,,,,
E2_A10,kin6d,595,NEO_RT,0.13454545454545455,,8.046041113585775e-08,7.342410333066596e-07,,,,,,,,,,,,,,
E2_A10,kin6d,595,NEO_RT,0.21909090909090911,,3.003288380997354e-08,1.400495217573905e-07,,,,,,,,,,,,,,
E2_A10,kin6d,595,NEO_RT,0.30363636363636365,,3.7850812986731245e-08,2.039434365830317e-08,,,,,,,,,,,,,,
E2_A10,kin6d,595,NEO_RT,0.3881818181818182,,3.641915186600689e-08,3.363995135785558e-07,,,,,,,,,,,,,,
E2_A10,kin6d,595,NEO_RT,0.4727272727272728,,6.625647501184246e-08,3.5520801300314986e-07,,,,,,,,,,,,,,
E2_A10,kin6d,595,NEO_RT,0.5572727272727274,,4.7819033827136785e-08,1.8933186451963735e-07,,,,,,,,,,,,,,
E2_A10,kin6d,595,NEO_RT,0.641818181818182,,7.656102540452252e-07,6.162301566692285e-06,,,,,,,,,,,,,,
E2_A10,kin6d,595,NEO_RT,0.7263636363636364,,7.956306154351888e-07,5.278659415797193e-06,,,,,,,,,,,,,,
E2_A10,kin6d,595,NEO_RT,0.810909090909091,,4.190793419563406e-07,4.606163862108659e-06,,,,,,,,,,,,,,
E2_A10,kin6d,595,NEO_RT,0.8954545454545456,,1.2203346327730237e-06,1.0619043111725901e-05,,,,,,,,,,,,,,
E2_A10,kin6d,595,NEO_RT,0.9800000000000001,,1.4187706163965116e-06,2.3866100845149063e-05,,,,,,,,,,,,,,
E2_A10,kin6d,595,NEO_2,0.05,,4.007391957109758e-08,9.540212557723748e-07,,,,,,,,,,,,,,
E2_A10,kin6d,595,NEO_2,0.13454545454545455,,8.046040802934542e-08,7.342410317523473e-07,,,,,,,,,,,,,,
E2_A10,kin6d,595,NEO_2,0.21909090909090911,,3.003283082693321e-08,1.4004952375579194e-07,,,,,,,,,,,,,,
E2_A10,kin6d,595,NEO_2,0.30363636363636365,,3.7850800300560835e-08,2.0394346211816128e-08,,,,,,,,,,,,,,
E2_A10,kin6d,595,NEO_2,0.3881818181818182,,3.641922195934419e-08,3.3639949892361187e-07,,,,,,,,,,,,,,
E2_A10,kin6d,595,NEO_2,0.4727272727272728,,6.625647870912076e-08,3.5520800767407934e-07,,,,,,,,,,,,,,
E2_A10,kin6d,595,NEO_2,0.5572727272727274,,4.781903717970486e-08,1.893318531953625e-07,,,,,,,,,,,,,,
E2_A10,kin6d,595,NEO_2,0.641818181818182,,7.656102544419687e-07,6.162301563028549e-06,,,,,,,,,,,,,,
E2_A10,kin6d,595,NEO_2,0.7263636363636364,,7.956305994760785e-07,5.278659408469721e-06,,,,,,,,,,,,,,
E2_A10,kin6d,595,NEO_2,0.810909090909091,,4.190793553109128e-07,4.606163861442525e-06,,,,,,,,,,,,,,
E2_A10,kin6d,595,NEO_2,0.8954545454545456,,1.2203346403978385e-06,1.0619043115167592e-05,,,,,,,,,,,,,,
E2_A10,kin6d,595,NEO_2,0.9800000000000001,,1.418770608111171e-06,2.3866100842928617e-05,,,,,,,,,,,,,,
E2_A10,kin6d,2440,libneo_Boozer,0.05025,7.807749666600717e-09,6.574767876142926e-09,9.410462098458083e-08,4.597744607259813e-08,9.49753365757745e-08,1.31474270547056e-07,5.280405403322364e-10,9.173873625516214e-10,7.091810067815508e-07,1.5353131520540473e-06,1.0771537370338306e-08,2.2978257452884917e-08,5.681851743164802e-10,1.0271711061743704e-09,4.427672228163315e-08,4.035299013688265e-08,9.000727330121805e-08
E2_A10,kin6d,2440,libneo_Boozer,0.13475,7.62867816637477e-09,6.3949870200695775e-09,1.8295719605987415e-08,4.597744607259813e-08,9.925664283827984e-08,1.3791046139403938e-07,3.6118074532989764e-09,4.139953056103038e-09,4.435758184212894e-07,1.3221268392062297e-06,1.1565983893676613e-08,3.218602187408553e-08,3.631886848171333e-09,4.3312069988656995e-09,4.58303261452464e-08,4.019339833183366e-08,5.474699826812923e-08
E2_A10,kin6d,2440,libneo_Boozer,0.21925,2.2496619927328714e-09,1.5945116642844238e-09,4.079740878459859e-09,4.597744607259813e-08,1.102863452945888e-07,1.4963358916381135e-07,3.4419532416888386e-09,4.650792568470908e-09,2.512998575686027e-07,7.274854630773949e-07,8.632812490757418e-09,2.2377906402708458e-08,3.421627479395528e-09,4.4504606453450185e-09,5.040689426971667e-08,4.1364695890777625e-08,4.4170266444432116e-08
E2_A10,kin6d,2440,libneo_Boozer,0.30375,4.5062647614326196e-09,4.31074487325488e-09,3.515292756883781e-08,4.597744607259813e-08,1.5691584543792339e-07,2.715471292054532e-07,4.5323678857988345e-09,4.810098934924531e-09,2.3317879122611527e-07,5.487294872114958e-07,9.739790738585394e-09,2.0152216426962184e-08,4.563384618580972e-09,5.4132692160853385e-09,1.2929400083905307e-07,1.1639914471173185e-07,1.0559943841581543e-07
E2_A10,kin6d,2440,libneo_Boozer,0.38825,6.019905873434408e-09,5.102080982718126e-09,8.84356698982458e-09,4.597744607259813e-08,1.471961524622435e-07,1.8459364370877893e-07,2.5308574891315008e-09,3.5618673709311898e-09,1.949858633561414e-07,7.01757700622359e-07,8.512603664746538e-09,2.8167872976881854e-08,2.5821812489069816e-09,4.016706923699309e-09,6.060934737428525e-08,4.425433736132689e-08,3.5511588669656646e-08
E2_A10,kin6d,2440,libneo_Boozer,0.47275,5.626500797673092e-09,5.315075671578594e-09,1.112715430906519e-08,4.597744607259813e-08,1.814045754925177e-07,3.225675282234373e-07,1.9489372392414607e-09,2.246027589302448e-09,1.742568765756876e-07,6.968720555693877e-07,8.226567025701434e-09,3.060715863575603e-08,1.9708379731212387e-09,2.765498840810894e-09,1.242768545850481e-07,1.0544953721325356e-07,7.668296375662464e-08
E2_A10,kin6d,2440,libneo_Boozer,0.55725,6.776299603975735e-09,6.386351330229031e-09,9.465299877220446e-09,4.597744607259813e-08,2.7843102596440884e-07,4.921980791022908e-07,1.5707550042691367e-08,1.680133353040783e-08,1.854543451609158e-07,5.11268411897558e-07,1.8191324247281453e-08,2.9353542282324647e-08,1.569741669475904e-08,1.7730318845315836e-08,1.785399630360729e-07,1.5659387375688283e-07,1.0488652635309847e-07
E2_A10,kin6d,2440,libneo_Boozer,0.64175,5.053609304720712e-09,4.712126482497609e-09,5.717843420960378e-09,4.597744607259813e-08,2.904644290192899e-07,4.2632112727717267e-07,4.9415061132609115e-09,5.2611909884911925e-09,1.3694591957783697e-07,4.957310998870054e-07,8.792036393616444e-09,2.530080098347777e-08,4.959454254943219e-09,5.685819456866883e-09,1.2091669676639327e-07,9.604256168138647e-08,5.994469909342826e-08
E2_A10,kin6d,2440,libneo_Boozer,0.72625,5.767133189807295e-09,4.593199740746187e-09,5.073952191736453e-08,4.597744607259813e-08,4.5684872144563757e-07,8.360758261920693e-07,7.086464573212214e-09,7.832344167327017e-09,2.247180635485156e-07,8.803035064596165e-07,1.4508038021804187e-08,4.700908366662387e-08,7.195482669850404e-09,8.403304953408703e-09,2.0294174207791116e-07,1.7622683512463766e-07,1.0339485945198845e-07
E2_A10,kin6d,2440,libneo_Boozer,0.81075,2.3140212023485956e-08,1.6658865592623085e-08,6.425217824457263e-08,4.597744607259813e-08,4.335140257807914e-07,9.226006885228579e-07,5.273435055578418e-09,6.303580796320468e-09,1.0624531141210344e-06,4.183420719968671e-06,6.330911163380846e-08,2.3435673388695477e-07,6.650754767643504e-09,2.0904731438678795e-08,1.5621464410919828e-07,1.3947364574384835e-07,7.744950747401447e-08
E2_A10,kin6d,2440,libneo_Boozer,0.89525,3.712038462843217e-08,3.104728910876887e-08,1.3739996873596283e-07,4.597744607259813e-08,1.9244985919254775e-06,4.951458350306932e-06,9.149741582776394e-09,1.6897561613400746e-08,1.1512750054920467e-06,4.22065747617542e-06,7.22121006357443e-08,2.4705292345622565e-07,9.874262570995084e-09,2.5177872711958937e-08,5.014897139776764e-07,4.4127437504037914e-07,2.3318815944861626e-07
E2_A10,kin6d,2440,libneo_Boozer,0.97975,7.070263914532949e-08,5.84789387371018e-08,1.2000697773295599e-06,4.597744607259813e-08,4.43212984993055e-06,9.51008079548762e-06,8.840306112104012e-09,2.2401719256149653e-08,1.8526141356831073e-06,6.395537559348326e-06,1.205639485482433e-07,3.8938805264880987e-07,9.888813804438698e-09,2.7152837364678e-08,1.87466667411762e-07,1.8596849749030753e-07,9.394025402009731e-08
E2_A10,kin6d,2440,NEO_RT,0.05,,5.78206745526669e-09,9.795307076565507e-08,,,,,,,,,,,,,,
E2_A10,kin6d,2440,NEO_RT,0.13454545454545455,,8.425209319239414e-09,1.5449671320055813e-08,,,,,,,,,,,,,,
E2_A10,kin6d,2440,NEO_RT,0.21909090909090911,,1.814824211755795e-09,4.800328246012953e-09,,,,,,,,,,,,,,
E2_A10,kin6d,2440,NEO_RT,0.30363636363636365,,3.3755875401017955e-09,3.7752633796905855e-08,,,,,,,,,,,,,,
E2_A10,kin6d,2440,NEO_RT,0.3881818181818182,,5.9999309837049955e-09,8.51702730564341e-09,,,,,,,,,,,,,,
E2_A10,kin6d,2440,NEO_RT,0.4727272727272728,,5.2685891015263124e-09,1.166344743008807e-08,,,,,,,,,,,,,,
E2_A10,kin6d,2440,NEO_RT,0.5572727272727274,,6.624355196632393e-09,9.412877699510602e-09,,,,,,,,,,,,,,
E2_A10,kin6d,2440,NEO_RT,0.641818181818182,,5.804820385440676e-09,4.142766907300199e-09,,,,,,,,,,,,,,
E2_A10,kin6d,2440,NEO_RT,0.7263636363636364,,4.469885127477069e-09,5.0394066808401305e-08,,,,,,,,,,,,,,
E2_A10,kin6d,2440,NEO_RT,0.810909090909091,,1.646474911813118e-08,6.605938529524735e-08,,,,,,,,,,,,,,
E2_A10,kin6d,2440,NEO_RT,0.8954545454545456,,2.9563815772641087e-08,1.3464926240658315e-07,,,,,,,,,,,,,,
E2_A10,kin6d,2440,NEO_RT,0.9800000000000001,,5.959621249604273e-08,1.2567892517800772e-06,,,,,,,,,,,,,,
E2_A10,kin6d,2440,NEO_2,0.05,,5.781712233661218e-09,9.795307120974428e-08,,,,,,,,,,,,,,
E2_A10,kin6d,2440,NEO_2,0.13454545454545455,,8.425201184153599e-09,1.5449675094814097e-08,,,,,,,,,,,,,,
E2_A10,kin6d,2440,NEO_2,0.21909090909090911,,1.8146935407993356e-09,4.8003342412172856e-09,,,,,,,,,,,,,,
E2_A10,kin6d,2440,NEO_2,0.30363636363636365,,3.3755863766783755e-09,3.775262902294685e-08,,,,,,,,,,,,,,
E2_A10,kin6d,2440,NEO_2,0.3881818181818182,,5.999911330361195e-09,8.517018201814608e-09,,,,,,,,,,,,,,
E2_A10,kin6d,2440,NEO_2,0.4727272727272728,,5.268588342416462e-09,1.1663448096221884e-08,,,,,,,,,,,,,,
E2_A10,kin6d,2440,NEO_2,0.5572727272727274,,6.624351319492684e-09,9.412874368841528e-09,,,,,,,,,,,,,,
E2_A10,kin6d,2440,NEO_2,0.641818181818182,,5.80480687497031e-09,4.142768350590131e-09,,,,,,,,,,,,,,
E2_A10,kin6d,2440,NEO_2,0.7263636363636364,,4.469890465969648e-09,5.0394066808401305e-08,,,,,,,,,,,,,,
E2_A10,kin6d,2440,NEO_2,0.810909090909091,,1.6464764992291024e-08,6.605938840387182e-08,,,,,,,,,,,,,,
E2_A10,kin6d,2440,NEO_2,0.8954545454545456,,2.956381422309566e-08,1.3464926240658315e-07,,,,,,,,,,,,,,
E2_A10,kin6d,2440,NEO_2,0.9800000000000001,,5.959621299600878e-08,1.2567892540005232e-06,,,,,,,,,,,,,,
E2_A10,kin6d,9640,libneo_Boozer,0.05025,5.110465051058657e-09,5.079489978902683e-09,9.152486213359623e-09,1.4603762643616847e-09,2.1341606195515798e-08,3.4338974590350206e-08,6.503504461130699e-10,1.1176542447203372e-09,2.678911449162994e-07,7.392954660658574e-07,4.115723025508717e-09,1.1069208651603902e-08,6.789760922269181e-10,1.1850104358602968e-09,2.7884100368968934e-08,2.7081656521488195e-08,6.040559108466681e-08
E2_A10,kin6d,9640,libneo_Boozer,0.13475,4.891697921219267e-09,4.873604147052128e-09,3.4995377706792397e-09,1.4603762643616847e-09,1.0421891926278953e-08,1.715650630175976e-08,3.5360969695577733e-09,3.5417617320769376e-09,4.949681426691299e-08,1.1771631450979233e-07,3.741607783699526e-09,4.3483531010838626e-09,3.5403345228853617e-09,3.570236932356032e-09,1.239874358738291e-08,1.3086634026437949e-08,1.7825166065410514e-08
E2_A10,kin6d,9640,libneo_Boozer,0.21925,4.750133562264992e-10,3.4734066447820333e-10,4.079740878459859e-09,1.4603762643616847e-09,2.9386028657478126e-08,4.804174571838501e-08,3.36497895905723e-09,4.123181282574634e-09,7.845995030161927e-08,1.508230688932025e-07,4.174065766531085e-09,5.884931401716773e-09,3.362166895194249e-09,4.2324097565629935e-09,3.3507258384579686e-08,3.196092354662561e-08,3.412868132546265e-08
E2_A10,kin6d,9640,libneo_Boozer,0.30375,4.14862082410306e-09,4.127069012070246e-09,5.378675504985608e-09,1.4603762643616847e-09,8.62552576800469e-08,1.35454629055284e-07,1.1509849692506695e-08,1.1518934254919845e-08,1.3817188678629342e-07,2.0225176451456798e-07,1.2585759466169101e-08,1.3341333058342007e-08,1.1469727247941623e-08,1.1273211323791015e-08,9.721694943509718e-08,9.814722790046915e-08,8.904098058870602e-08
E2_A10,kin6d,9640,libneo_Boozer,0.38825,4.001696618811366e-09,3.987313434375848e-09,6.08934047630072e-09,1.4603762643616847e-09,2.292102784802167e-08,3.054188312371037e-08,2.3890098786769086e-09,2.5386420183218533e-09,3.916134997024077e-08,1.1204354260209071e-07,2.8918093837737716e-09,4.9458130117592956e-09,2.3890317685993646e-09,2.576229532270499e-09,1.925265930013964e-08,2.1167008201761206e-08,1.698532092753169e-08
E2_A10,kin6d,9640,libneo_Boozer,0.47275,5.012870963705759e-09,4.9977361930709725e-09,1.112715430906519e-08,1.4603762643616847e-09,5.725917585505258e-08,8.390878597375784e-08,1.8972459986467187e-09,2.9695062026761332e-09,5.722756752090635e-08,1.8778669324243286e-07,3.2376297052586093e-09,8.246854589811305e-09,1.929912369907833e-09,2.9803341657457985e-09,4.2625854401734387e-08,4.489238297766818e-08,3.264576908801331e-08
E2_A10,kin6d,9640,libneo_Boozer,0.55725,6.001605871373736e-09,5.985237065227328e-09,5.559791960152438e-09,1.4603762643616847e-09,1.5915014131067427e-07,2.548015208778144e-07,4.2276884585353097e-10,8.612430689137346e-10,8.69196849089037e-08,1.3339879782312374e-07,4.336721677082505e-09,6.337878317531995e-09,4.422075109400919e-10,8.065985167183429e-10,1.1383918896434864e-07,1.1668069910264478e-07,7.815270441913214e-08
E2_A10,kin6d,9640,libneo_Boozer,0.64175,4.426272152417029e-09,4.384087859974069e-09,5.717843420960378e-09,1.4603762643616847e-09,4.6438977813755484e-08,9.250799673525439e-08,5.220987225132855e-09,6.319600334775245e-09,2.146681645783826e-08,6.097016429681086e-08,5.336930927255279e-09,6.502792135360249e-09,5.225999799189689e-09,6.3219480274929345e-09,3.100038248327053e-08,2.8285933373339844e-08,1.7654587458615367e-08
E2_A10,kin6d,9640,libneo_Boozer,0.72625,3.0356360288200765e-09,3.0056105191652848e-09,5.3851804127091896e-09,1.4603762643616847e-09,2.0224925230150706e-07,4.292275661096273e-07,7.287174055709806e-09,8.709589804675602e-09,5.8498086735140503e-08,1.4781643459323114e-07,7.98783041788125e-09,1.0927788570327135e-08,7.263246112629753e-09,8.441688182026539e-09,1.1461102467080764e-07,1.1243153386075733e-07,6.596522539314975e-08
E2_A10,kin6d,9640,libneo_Boozer,0.81075,4.229684701349391e-09,4.2085179813635745e-09,3.5923977126373074e-09,1.4603762643616847e-09,8.23469116405882e-08,1.301091877169535e-07,4.589379852371595e-09,5.268815746941653e-09,1.4321504709535244e-08,3.99248296994409e-08,4.659546061073254e-09,5.653863781864679e-09,4.600337318884353e-09,5.361560150146233e-09,2.3336779841898192e-08,2.0301209158191114e-08,1.1273231570463338e-08
E2_A10,kin6d,9640,libneo_Boozer,0.89525,5.415205003615245e-09,5.1185519644215016e-09,4.920652774131895e-10,1.4603762643616847e-09,1.441559572188147e-07,4.825694343159315e-07,6.112949923434916e-09,8.587435032850326e-09,7.280657938113844e-08,2.1856635869774485e-07,7.598988823512171e-09,1.5133091350556907e-08,6.113679641552623e-09,9.175830705923045e-09,5.0237272675168754e-08,5.361280153159953e-08,2.8331289869676368e-08
E2_A10,kin6d,9640,libneo_Boozer,0.97975,1.6828351403910235e-08,1.4991298275019026e-08,6.644901606733811e-08,1.4603762643616847e-09,6.024480338873959e-06,1.9248680628495644e-05,6.509101412917892e-09,1.810886171790421e-08,2.9822866804939576e-07,9.01889430004573e-07,2.0416795906608974e-08,5.586070108250832e-08,6.1734871981380014e-09,1.5956760749433303e-08,3.8295667526000443e-07,3.9204393775804647e-07,1.9803737194568072e-07
E2_A10,kin6d,9640,NEO_RT,0.05,,4.064253871982238e-09,5.194159991006586e-09,,,,,,,,,,,,,,
E2_A10,kin6d,9640,NEO_RT,0.13454545454545455,,5.280872691234315e-09,8.757317093710526e-10,,,,,,,,,,,,,,
E2_A10,kin6d,9640,NEO_RT,0.21909090909090911,,1.0723501218227407e-09,2.0980784887214554e-09,,,,,,,,,,,,,,
E2_A10,kin6d,9640,NEO_RT,0.30363636363636365,,3.262092721642112e-09,4.2409140643684395e-09,,,,,,,,,,,,,,
E2_A10,kin6d,9640,NEO_RT,0.3881818181818182,,5.0793561684259185e-09,5.2939089778547554e-09,,,,,,,,,,,,,,
E2_A10,kin6d,9640,NEO_RT,0.4727272727272728,,4.960867168432307e-09,1.0884599666027839e-08,,,,,,,,,,,,,,
E2_A10,kin6d,9640,NEO_RT,0.5572727272727274,,6.2001748863577465e-09,5.3374256125948705e-09,,,,,,,,,,,,,,
E2_A10,kin6d,9640,NEO_RT,0.641818181818182,,3.094821568524454e-09,6.082686243580326e-09,,,,,,,,,,,,,,
E2_A10,kin6d,9640,NEO_RT,0.7263636363636364,,2.7641830053435e-09,5.7646117879173175e-09,,,,,,,,,,,,,,
E2_A10,kin6d,9640,NEO_RT,0.810909090909091,,1.5815046164744432e-09,6.959151255259144e-09,,,,,,,,,,,,,,
E2_A10,kin6d,9640,NEO_RT,0.8954545454545456,,5.577737374840711e-09,3.962984385097457e-09,,,,,,,,,,,,,,
E2_A10,kin6d,9640,NEO_RT,0.9800000000000001,,1.3343786879910809e-08,6.207834313265437e-08,,,,,,,,,,,,,,
E2_A10,kin6d,9640,NEO_2,0.05,,4.064286233346396e-09,5.194159213850469e-09,,,,,,,,,,,,,,
E2_A10,kin6d,9640,NEO_2,0.13454545454545455,,5.280904429313057e-09,8.757383707092004e-10,,,,,,,,,,,,,,
E2_A10,kin6d,9640,NEO_2,0.21909090909090911,,1.0723209563046337e-09,2.0980804871228997e-09,,,,,,,,,,,,,,
E2_A10,kin6d,9640,NEO_2,0.30363636363636365,,3.2620776458075666e-09,4.240907514052594e-09,,,,,,,,,,,,,,
E2_A10,kin6d,9640,NEO_2,0.3881818181818182,,5.079348761235164e-09,5.29391053216699e-09,,,,,,,,,,,,,,
E2_A10,kin6d,9640,NEO_2,0.4727272727272728,,4.960867155374395e-09,1.0884603551808425e-08,,,,,,,,,,,,,,
E2_A10,kin6d,9640,NEO_2,0.5572727272727274,,6.200170360629043e-09,5.337433606200648e-09,,,,,,,,,,,,,,
E2_A10,kin6d,9640,NEO_2,0.641818181818182,,3.094831123696352e-09,6.082695125364523e-09,,,,,,,,,,,,,,
E2_A10,kin6d,9640,NEO_2,0.7263636363636364,,2.764192360605129e-09,5.764609456448966e-09,,,,,,,,,,,,,,
E2_A10,kin6d,9640,NEO_2,0.810909090909091,,1.5815008648256618e-09,6.959149922991514e-09,,,,,,,,,,,,,,
E2_A10,kin6d,9640,NEO_2,0.8954545454545456,,5.577729787995904e-09,3.962987493721926e-09,,,,,,,,,,,,,,
E2_A10,kin6d,9640,NEO_2,0.9800000000000001,,1.3343795771251074e-08,6.207833946891839e-08,,,,,,,,,,,,,,
E2_A10,kin6d,40177,libneo_Boozer,0.05025,5.049751006730813e-09,5.049022987183687e-09,5.598527863526215e-09,5.362024158017675e-10,1.9013801719883227e-08,2.790443467237217e-08,6.418231108595558e-10,1.1116781587220793e-09,2.440824514040909e-07,3.412715387715259e-07,3.758039072062875e-09,5.119752474753863e-09,6.733487552667091e-10,1.1550271538004077e-09,2.5782040551092233e-08,2.520783986409425e-08,5.6226046568630395e-08
E2_A10,kin6d,40177,libneo_Boozer,0.13475,4.885902419350091e-09,4.870697988308035e-09,3.4995377706792397e-09,5.362024158017675e-10,7.941895127601441e-09,1.2141546420926177e-08,3.5358309517052362e-09,3.5562441122076946e-09,3.8404444092937236e-08,7.36548827133854e-08,3.660526251046555e-09,3.851392847385121e-09,3.539873535418794e-09,3.5504212095259805e-09,1.1112603059970638e-08,1.1303097124937267e-08,1.5395829222608626e-08
E2_A10,kin6d,40177,libneo_Boozer,0.21925,4.430331250321911e-10,3.254692132736728e-10,4.079740878459859e-09,5.362024158017675e-10,2.9147697141559763e-08,4.294855738029609e-08,3.365338274389292e-09,4.039387732179326e-09,7.39458787895664e-08,1.1285464239973982e-07,4.09173522364909e-09,4.947481320342917e-09,3.362229571613061e-09,4.10248839532936e-09,3.282764496348456e-08,3.1993883431447045e-08,3.41638767276109e-08
E2_A10,kin6d,40177,libneo_Boozer,0.30375,4.145597327826965e-09,4.125550975953318e-09,5.378675504985608e-09,5.362024158017675e-10,8.503647252006186e-08,1.3713756333554815e-07,1.1510073579131392e-08,1.130073868740749e-08,1.3669767961711048e-07,1.8427585455353026e-07,1.256393226215276e-08,1.3022851672725601e-08,1.1469969830507559e-08,1.1035118034769452e-08,9.546083684641715e-08,9.539450412932027e-08,8.65436584618351e-08
E2_A10,kin6d,40177,libneo_Boozer,0.38825,3.9876107346993175e-09,3.98022994004766e-09,6.08934047630072e-09,5.362024158017675e-10,2.4271614348050354e-08,3.489091175945396e-08,2.3909027492225856e-09,2.3915391639624786e-09,3.0153998113029293e-08,6.003408010322348e-08,2.6993705424455416e-09,3.342692433864506e-09,2.390657272769026e-09,2.4196036279333464e-09,2.1638909331045397e-08,2.2260095822179693e-08,1.7862461620943293e-08
E2_A10,kin6d,40177,libneo_Boozer,0.47275,4.979081854650338e-09,4.98080510624299e-09,3.851741148253041e-09,5.362024158017675e-10,6.173399740061242e-08,8.721629112311083e-08,1.8571457313992585e-09,2.8715428932819194e-09,4.9792935393211035e-08,1.0561584054215397e-07,2.942451656140949e-09,5.295866610567114e-09,1.9157135798000113e-09,2.9876820604461335e-09,4.597205677248084e-08,4.6665124320277585e-08,3.393490777270358e-08
E2_A10,kin6d,40177,libneo_Boozer,0.55725,5.995040909505233e-09,5.981933264687886e-09,5.559791960152438e-09,5.362024158017675e-10,1.5307344796335078e-07,2.3513252569049103e-07,4.070150706076192e-10,4.3730471668731785e-10,8.531437381721287e-08,1.0748243410980362e-07,4.255861840417835e-09,5.090408741160206e-09,4.2780873801603017e-10,5.927535129812466e-10,1.033699927877052e-07,1.0431673591604351e-07,6.987132450397837e-08
E2_A10,kin6d,40177,libneo_Boozer,0.64175,4.421064017504897e-09,4.381445196974572e-09,5.717843420960378e-09,5.362024158017675e-10,4.0513751029931654e-08,7.253613906783643e-08,5.219406839395581e-09,5.960277514722642e-09,1.6304514209431014e-08,3.326768975341054e-08,5.28354561003976e-09,5.9724950175260185e-09,5.2245342873513414e-09,5.941198222894046e-09,2.5422914218253823e-08,2.4836621870250042e-08,1.5501709249576834e-08
E2_A10,kin6d,40177,libneo_Boozer,0.72625,3.0222204921155763e-09,2.9988364693867665e-09,5.3851804127091896e-09,5.362024158017675e-10,1.903561774862105e-07,3.1652076354670836e-07,7.28465745902465e-09,6.962321209646859e-09,5.129351385346523e-08,7.111833164692201e-08,7.826620893743414e-09,7.793647572004668e-09,7.261479640406774e-09,6.847165163278701e-09,8.530485928748277e-08,8.532426820639927e-08,5.006099668136699e-08
E2_A10,kin6d,40177,libneo_Boozer,0.81075,4.209619910882977e-09,4.198389954922801e-09,3.5923977126373074e-09,5.362024158017675e-10,5.862136656431733e-08,7.5755704051191e-08,4.59083928345036e-09,5.236654724235044e-09,9.694875626901113e-09,2.2671584462218795e-08,4.618756682515762e-09,5.27588307987431e-09,4.5996860455284525e-09,5.247673182386901e-09,1.3988714964163762e-08,1.3536787246692938e-08,7.516958056008605e-09
E2_A10,kin6d,40177,libneo_Boozer,0.89525,4.8010204120909645e-09,4.801108327842911e-09,4.920652774131895e-10,5.362024158017675e-10,1.5210799531775238e-07,2.9638343767718345e-07,6.041419512420233e-09,6.82655158217483e-09,1.607122808489038e-08,4.0782908005818e-08,6.11206635094432e-09,7.163934097346501e-09,6.035675582767493e-09,6.894431233860327e-09,3.046559482466904e-08,3.040893792327637e-08,1.6069378716565552e-08
E2_A10,kin6d,40177,libneo_Boozer,0.97975,5.657197960351734e-09,5.666495246353512e-09,5.412039483232434e-09,5.362024158017675e-10,1.6081791825404868e-06,3.1201434245245e-06,8.07433582235682e-09,8.05272783138096e-09,6.990890225419069e-08,2.630827339310488e-07,9.247027939665922e-09,1.7618638341004368e-08,8.01637995546315e-09,8.370791518185715e-09,6.207354197318438e-08,6.359243631681721e-08,3.2123128712591154e-08
E2_A10,kin6d,40177,NEO_RT,0.05,,4.02748905971353e-09,2.1689867679697272e-09,,,,,,,,,,,,,,
E2_A10,kin6d,40177,NEO_RT,0.13454545454545455,,5.2782577436203195e-09,8.672813578414207e-10,,,,,,,,,,,,,,
E2_A10,kin6d,40177,NEO_RT,0.21909090909090911,,1.0653763641553675e-09,2.098554885421322e-09,,,,,,,,,,,,,,
E2_A10,kin6d,40177,NEO_RT,0.30363636363636365,,3.2599940728610942e-09,4.2409140643684395e-09,,,,,,,,,,,,,,
E2_A10,kin6d,40177,NEO_RT,0.3881818181818182,,5.073656212289585e-09,5.292151716851379e-09,,,,,,,,,,,,,,
E2_A10,kin6d,40177,NEO_RT,0.4727272727272728,,4.9317594110415494e-09,3.870631148927828e-09,,,,,,,,,,,,,,
E2_A10,kin6d,40177,NEO_RT,0.5572727272727274,,6.196913860496662e-09,5.3374256125948705e-09,,,,,,,,,,,,,,
E2_A10,kin6d,40177,NEO_RT,0.641818181818182,,3.0910236419691047e-09,6.082720327427182e-09,,,,,,,,,,,,,,
E2_A10,kin6d,40177,NEO_RT,0.7263636363636364,,2.756508798940403e-09,5.640709899168428e-09,,,,,,,,,,,,,,
E2_A10,kin6d,40177,NEO_RT,0.810909090909091,,1.5499471182465944e-09,9.903224906793184e-10,,,,,,,,,,,,,,
E2_A10,kin6d,40177,NEO_RT,0.8954545454545456,,2.782144031327592e-09,4.326434988044525e-09,,,,,,,,,,,,,,
E2_A10,kin6d,40177,NEO_RT,0.9800000000000001,,1.8135321931242346e-09,2.5845091622400673e-09,,,,,,,,,,,,,,
E2_A10,kin6d,40177,NEO_2,0.05,,4.0275227272962974e-09,2.168984991612888e-09,,,,,,,,,,,,,,
E2_A10,kin6d,40177,NEO_2,0.13454545454545455,,5.278289554044902e-09,8.672846885104946e-10,,,,,,,,,,,,,,
E2_A10,kin6d,40177,NEO_2,0.21909090909090911,,1.0653526697363688e-09,2.098562323915587e-09,,,,,,,,,,,,,,
E2_A10,kin6d,40177,NEO_2,0.30363636363636365,,3.2599750564921674e-09,4.2409025180489834e-09,,,,,,,,,,,,,,
E2_A10,kin6d,40177,NEO_2,0.3881818181818182,,5.07365265739563e-09,5.292160376590971e-09,,,,,,,,,,,,,,
E2_A10,kin6d,40177,NEO_2,0.4727272727272728,,4.931758951416044e-09,3.870639142533605e-09,,,,,,,,,,,,,,
E2_A10,kin6d,40177,NEO_2,0.5572727272727274,,6.196911174035594e-09,5.3374287212193394e-09,,,,,,,,,,,,,,
E2_A10,kin6d,40177,NEO_2,0.641818181818182,,3.091033098739267e-09,6.082720882538695e-09,,,,,,,,,,,,,,
E2_A10,kin6d,40177,NEO_2,0.7263636363636364,,2.756511414260852e-09,5.640715894372761e-09,,,,,,,,,,,,,,
E2_A10,kin6d,40177,NEO_2,0.810909090909091,,1.549946168321791e-09,9.90324044991553e-10,,,,,,,,,,,,,,
E2_A10,kin6d,40177,NEO_2,0.8954545454545456,,2.7821315568770165e-09,4.326431657375451e-09,,,,,,,,,,,,,,
E2_A10,kin6d,40177,NEO_2,0.9800000000000001,,1.8135358702536358e-09,2.584514380288283e-09,,,,,,,,,,,,,,
E1_A40,chease_mars,4224,libneo_Boozer,0.05025,6.379835564848185e-09,6.3771908342146e-09,2.044531433043062e-09,5.170555095190821e-10,1.7694532516497494e-08,2.7798719744164987e-08,7.686329908362329e-09,7.762967256916651e-09,2.350304177632247e-07,2.682596681633956e-07,7.736247505180904e-09,7.827137986442856e-09,7.686309332787642e-09,7.766591644942476e-09,2.579720542739139e-08,2.5913841156244288e-08,5.780078113359899e-08
E1_A40,chease_mars,4224,libneo_Boozer,0.13475,5.331828099842288e-09,5.331749477436708e-09,2.3244994817872566e-10,5.170555095190821e-10,6.718493465812135e-08,9.704795104558892e-08,8.094702938615144e-09,8.050609217918446e-09,3.0111303745558597e-07,3.117624862498152e-07,8.301437083118383e-09,8.272040015682726e-09,8.094613966648096e-09,8.061836382990239e-09,8.341845952886118e-08,8.350761787623284e-08,1.1374482461468105e-07
E1_A40,chease_mars,4224,libneo_Boozer,0.21925,4.0882998342168575e-09,4.0884236160508626e-09,4.7934481939293505e-09,5.170555095190821e-10,2.10068223333372e-07,2.9923238783409075e-07,1.0289877929312046e-08,1.0207711284815282e-08,5.296543767081436e-07,5.358013247580984e-07,1.1088346486378102e-08,1.1009717404594553e-08,1.0289292094511044e-08,1.0239093691029782e-08,2.3411522970251397e-07,2.3400200208079092e-07,2.498733229772121e-07
E1_A40,chease_mars,4224,libneo_Boozer,0.30375,8.759119405937948e-09,8.759277713693935e-09,3.3555578315969115e-09,5.170555095190821e-10,3.1946637517877834e-07,4.5929524463776456e-07,1.6347119280507848e-09,1.7226166380797287e-09,5.174457955160393e-07,5.347983505111907e-07,5.025036506701281e-09,5.187144350821018e-09,1.637382702588486e-09,1.7660315772153556e-09,3.1932733685069437e-07,3.19375963897528e-07,2.8974368226908354e-07
E1_A40,chease_mars,4224,libneo_Boozer,0.38825,4.861737294255919e-10,4.856959501476756e-10,5.754435372651301e-09,5.170555095190821e-10,2.8672038921253396e-07,4.0720515079596786e-07,4.477782862594959e-09,4.520703985770835e-09,3.18625626032727e-07,3.2319397071889007e-07,5.566950798931947e-09,5.620606738954347e-09,4.4783613128412526e-09,4.554280327926745e-09,2.487045723253978e-07,2.4875301446458664e-07,1.9961011965552444e-07
E1_A40,chease_mars,4224,libneo_Boozer,0.47275,1.8747475220958247e-09,1.873673352160266e-09,2.1356327817301235e-09,5.170555095190821e-10,2.589336629439621e-07,4.3238379287744953e-07,5.3459114384241486e-09,6.1064261054994305e-09,2.0137841784150883e-07,2.34297558008813e-07,5.822132956004922e-09,6.665384214481783e-09,5.347925601102014e-09,6.1361214752477875e-09,2.2829441659322214e-07,2.282314540691388e-07,1.659700730183289e-07
E1_A40,chease_mars,4224,libneo_Boozer,0.55725,1.6863769336932836e-09,1.686240167788499e-09,7.923285361144394e-10,5.170555095190821e-10,2.5149641130523626e-07,4.383502588928216e-07,1.0045895509799325e-09,1.565457924371142e-09,1.549263361297487e-07,2.1317898026205027e-07,2.173025170511569e-09,3.068569404788723e-09,1.0120124866222283e-09,1.5978940300162728e-09,1.9434579323629464e-07,1.9429734499087914e-07,1.3014031985392194e-07
E1_A40,chease_mars,4224,libneo_Boozer,0.64175,7.749390290909446e-09,7.722125653733697e-09,1.722054610020507e-09,5.170555095190821e-10,3.071866731646944e-07,5.505106912974937e-07,1.006007541297289e-08,1.1385811643339435e-08,1.1741139649336517e-07,1.336890624518691e-07,1.0180516745319141e-08,1.1513498270044697e-08,1.0058291905506249e-08,1.1363043518660676e-08,1.9697424791242923e-07,1.9702165399149152e-07,1.2297051532605963e-07
E1_A40,chease_mars,4224,libneo_Boozer,0.72625,7.724838446298412e-09,7.71175350488724e-09,4.937619202394217e-09,5.170555095190821e-10,4.767383376404289e-07,6.850950046198322e-07,5.058588108697566e-09,5.601644741415928e-09,1.2691909129099545e-07,1.5007609717933904e-07,5.3695061173509405e-09,5.9518687410389345e-09,5.05983022321694e-09,5.624831023299528e-09,1.8735100137945437e-07,1.8738445373145396e-07,1.0994119692409043e-07
E1_A40,chease_mars,4224,libneo_Boozer,0.81075,8.709153796670778e-09,8.70450383573242e-09,4.587117352627956e-09,5.170555095190821e-10,1.0101125210042744e-06,1.681605061760994e-06,1.2384353736135316e-08,1.2270971312018314e-08,1.7188008855802936e-07,2.065752159439916e-07,1.2648567854934389e-08,1.265073190996885e-08,1.2382278046994075e-08,1.2221711074661004e-08,3.180864148744078e-07,3.181219910830535e-07,1.7665265750199666e-07
E1_A40,chease_mars,4224,libneo_Boozer,0.89525,9.570969070786808e-10,7.145119040341673e-10,3.1597771066316227e-09,5.170555095190821e-10,2.759447796339185e-06,4.407757594618654e-06,5.775412839792302e-09,6.965430543643198e-09,2.2721806146813393e-07,2.415168914396792e-07,6.7953349363956945e-09,7.916816566929562e-09,5.767841746477067e-09,6.904228746760576e-09,4.6158777600169287e-07,4.6163441524971205e-07,2.439472697179923e-07
E1_A40,chease_mars,4224,libneo_Boozer,0.97975,4.852719232048641e-09,4.85239836766369e-09,2.3243607039091785e-09,5.170555095190821e-10,2.1209214668625764e-05,3.186797470560902e-05,1.2526118213185334e-08,1.2543114100971645e-08,3.157315573523201e-07,3.9769363938164486e-07,1.356356502908102e-08,1.4114361804583247e-08,1.2521960912023001e-08,1.2451536339863982e-08,6.452402795398271e-07,6.454127313704205e-07,3.260241902003358e-07
E1_A40,chease_mars,4224,NEO_RT,0.05,,6.623282432486922e-09,1.157166584775382e-09,,,,,,,,,,,,,,
E1_A40,chease_mars,4224,NEO_RT,0.13454545454545455,,5.113339525455406e-09,4.3646948277853426e-09,,,,,,,,,,,,,,
E1_A40,chease_mars,4224,NEO_RT,0.21909090909090911,,3.9076435561761075e-09,2.2114585718213675e-09,,,,,,,,,,,,,,
E1_A40,chease_mars,4224,NEO_RT,0.30363636363636365,,1.0372584399794453e-08,2.7298026061828295e-09,,,,,,,,,,,,,,
E1_A40,chease_mars,4224,NEO_RT,0.3881818181818182,,3.985064939828171e-10,4.759889593586308e-09,,,,,,,,,,,,,,
E1_A40,chease_mars,4224,NEO_RT,0.4727272727272728,,1.904176157904089e-09,2.038293756001508e-09,,,,,,,,,,,,,,
E1_A40,chease_mars,4224,NEO_RT,0.5572727272727274,,1.7184499191547346e-09,3.0172930820526744e-10,,,,,,,,,,,,,,
E1_A40,chease_mars,4224,NEO_RT,0.641818181818182,,7.703487723863982e-09,2.68085664778539e-10,,,,,,,,,,,,,,
E1_A40,chease_mars,4224,NEO_RT,0.7263636363636364,,7.641612813850617e-09,5.245259560027193e-09,,,,,,,,,,,,,,
E1_A40,chease_mars,4224,NEO_RT,0.810909090909091,,1.0429175599232454e-08,1.970852370192233e-09,,,,,,,,,,,,,,
E1_A40,chease_mars,4224,NEO_RT,0.8954545454545456,,7.68504459975848e-10,1.1892103968236256e-09,,,,,,,,,,,,,,
E1_A40,chease_mars,4224,NEO_RT,0.9800000000000001,,4.412072427014702e-09,7.539186164251532e-09,,,,,,,,,,,,,,
E1_A40,chease_mars,4224,NEO_2,0.05,,6.623284650431417e-09,1.1571710256674805e-09,,,,,,,,,,,,,,
E1_A40,chease_mars,4224,NEO_2,0.13454545454545455,,5.1133405921464696e-09,4.364697159253694e-09,,,,,,,,,,,,,,
E1_A40,chease_mars,4224,NEO_2,0.21909090909090911,,3.907646083689302e-09,2.2114641229364906e-09,,,,,,,,,,,,,,
E1_A40,chease_mars,4224,NEO_2,0.30363636363636365,,1.0372588691589936e-08,2.7297994975583606e-09,,,,,,,,,,,,,,
E1_A40,chease_mars,4224,NEO_2,0.3881818181818182,,3.9849329140490093e-10,4.759897698214388e-09,,,,,,,,,,,,,,
E1_A40,chease_mars,4224,NEO_2,0.4727272727272728,,1.904167935250344e-09,2.038291646577761e-09,,,,,,,,,,,,,,
E1_A40,chease_mars,4224,NEO_2,0.5572727272727274,,1.7184444006427333e-09,3.0172631060310096e-10,,,,,,,,,,,,,,
E1_A40,chease_mars,4224,NEO_2,0.641818181818182,,7.703492828764415e-09,2.680911048713597e-10,,,,,,,,,,,,,,
E1_A40,chease_mars,4224,NEO_2,0.7263636363636364,,7.641612977736678e-09,5.245259893094101e-09,,,,,,,,,,,,,,
E1_A40,chease_mars,4224,NEO_2,0.810909090909091,,1.0429178167854113e-08,1.97086169606564e-09,,,,,,,,,,,,,,
E1_A40,chease_mars,4224,NEO_2,0.8954545454545456,,7.685446175483301e-10,1.1892051787754099e-09,,,,,,,,,,,,,,
E1_A40,chease_mars,4224,NEO_2,0.9800000000000001,,4.412070440352967e-09,7.539189272876001e-09,,,,,,,,,,,,,,
E1_A40,chease_mars,16640,libneo_Boozer,0.05025,6.379831455924858e-09,6.3771887798427736e-09,2.044531433043062e-09,7.490681408484079e-10,1.7795897041962892e-08,2.8307118592343614e-08,7.686330039969712e-09,7.761639040668453e-09,2.3515864413949992e-07,2.619147058909124e-07,7.736302000415811e-09,7.81464687895205e-09,7.686309392488859e-09,7.764907894321515e-09,2.598198301645427e-08,2.6108798935331468e-08,5.823563409279586e-08
E1_A40,chease_mars,16640,libneo_Boozer,0.13475,5.331713673319421e-09,5.331692255185576e-09,2.3244994817872566e-10,7.490681408484079e-10,6.659691226963041e-08,9.649249927634115e-08,8.094702417730651e-09,8.05089791706206e-09,3.0107193424668417e-07,3.1095583778516615e-07,8.30138080113539e-09,8.269906299556147e-09,8.094614004222625e-09,8.061965705957772e-09,8.266631651432377e-08,8.277382837484915e-08,1.1274533801008957e-07
E1_A40,chease_mars,16640,libneo_Boozer,0.21925,4.08835495587996e-09,4.088451179328663e-09,4.7934481939293505e-09,7.490681408484079e-10,2.0987974194204647e-07,2.98722244227567e-07,1.028987793386909e-08,1.020727014408101e-08,5.296512686146338e-07,5.346041082337392e-07,1.1088337453554058e-08,1.1001606037814145e-08,1.0289292156720929e-08,1.0237846148120654e-08,2.3396197287861575e-07,2.338298878135081e-07,2.496895348813588e-07
E1_A40,chease_mars,16640,libneo_Boozer,0.30375,8.759142113842672e-09,8.759289071728418e-09,3.3555578315969115e-09,7.490681408484079e-10,3.199340712388272e-07,4.600223659588151e-07,1.634717357306408e-09,1.7249096328993807e-09,5.174462515303058e-07,5.342111728076948e-07,5.025042232628425e-09,5.178525666383117e-09,1.6373875714727486e-09,1.7688073132922564e-09,3.196150694662059e-07,3.1969064107073564e-07,2.900291630192342e-07
E1_A40,chease_mars,16640,libneo_Boozer,0.38825,4.862006553234751e-10,4.857093887868309e-10,5.754435372651301e-09,7.490681408484079e-10,2.85288042254533e-07,4.0562775542699955e-07,4.4777771693614515e-09,4.519347434264593e-09,3.1863452603197046e-07,3.2585601968370254e-07,5.567001125463863e-09,5.629162429113296e-09,4.478358080661876e-09,4.55233814173545e-09,2.4754767091739183e-07,2.476312018773186e-07,1.9870992906678708e-07
E1_A40,chease_mars,16640,libneo_Boozer,0.47275,1.8749933883371932e-09,1.8737963743367595e-09,2.1356327817301235e-09,7.490681408484079e-10,2.5887939708153543e-07,4.3165715014279326e-07,5.333589260278868e-09,5.9209199113042195e-09,2.0128081576773415e-07,2.3285297196571227e-07,5.810378381272194e-09,6.4846582037034754e-09,5.33514834453239e-09,5.949707162982825e-09,2.280767827378405e-07,2.2797767912363653e-07,1.657855276393505e-07
E1_A40,chease_mars,16640,libneo_Boozer,0.55725,1.6863633312060048e-09,1.6862334033566242e-09,7.923285361144394e-10,7.490681408484079e-10,2.493204146596931e-07,4.3572452056152617e-07,1.0044704942115473e-09,1.5693758466224486e-09,1.549832724739787e-07,2.1504711517607359e-07,2.173598130429168e-09,3.090472395462274e-09,1.011990483796765e-09,1.6020977538196192e-09,1.933222830707848e-07,1.9325259414948448e-07,1.294405459484338e-07
E1_A40,chease_mars,16640,libneo_Boozer,0.64175,7.749422757755591e-09,7.722141951439045e-09,1.722054610020507e-09,7.490681408484079e-10,3.0628987470272044e-07,5.519084561414612e-07,1.006007555994044e-08,1.1411966828184223e-08,1.1739954513026576e-07,1.4255378496425006e-07,1.0180492542386181e-08,1.1566967567198791e-08,1.0058285916119462e-08,1.1384533980536727e-08,1.973625267659429e-07,1.974312581198845e-07,1.232261684913638e-07
E1_A40,chease_mars,16640,libneo_Boozer,0.72625,7.724788398859884e-09,7.711728434143466e-09,4.937619202394217e-09,7.490681408484079e-10,4.780918670624231e-07,6.888950894350244e-07,5.0586075794546995e-09,5.580587098721545e-09,1.2688544834557332e-07,1.4674930770746014e-07,5.369364161438005e-09,5.927732283519626e-09,5.05984284516057e-09,5.606173601479665e-09,1.883052610507363e-07,1.8836867943239355e-07,1.105186564487326e-07
E1_A40,chease_mars,16640,libneo_Boozer,0.81075,8.709153122394727e-09,8.704503499070863e-09,4.587117352627956e-09,7.490681408484079e-10,1.0101495591873022e-06,1.6820240714752413e-06,1.2384353151443817e-08,1.2268395519648537e-08,1.718802747590678e-07,2.062364673402962e-07,1.2648567852019411e-08,1.2646992556590162e-08,1.2382278422804723e-08,1.2219212711288706e-08,3.181063154000796e-07,3.1815737944196343e-07,1.7667230856055482e-07
E1_A40,chease_mars,16640,libneo_Boozer,0.89525,9.570835187058184e-10,7.145029115618396e-10,3.1597771066316227e-09,7.490681408484079e-10,2.759392906132851e-06,4.407074848418212e-06,5.775406947779131e-09,6.9635362275585815e-09,2.2721810607747281e-07,2.4151122786447177e-07,6.795330300633465e-09,7.919346976592836e-09,5.767838294134633e-09,6.902062280461631e-09,4.614833969407428e-07,4.6153859600828184e-07,2.438966347773075e-07
E1_A40,chease_mars,16640,libneo_Boozer,0.97975,4.852713095708694e-09,4.852395250348816e-09,2.3243607039091785e-09,7.490681408484079e-10,2.1208953547063088e-05,3.186761415045145e-05,1.2526116889671795e-08,1.2542402675853983e-08,3.157304127263877e-07,3.9775660768487835e-07,1.3563556561273827e-08,1.4113524528514048e-08,1.2521960584743987e-08,1.2449553996921253e-08,6.452266273493379e-07,6.454007343004164e-07,3.260181299369336e-07
E1_A40,chease_mars,16640,NEO_RT,0.05,,6.623281120127144e-09,1.1203467042975035e-09,,,,,,,,,,,,,,
E1_A40,chease_mars,16640,NEO_RT,0.13454545454545455,,5.113286302874723e-09,4.2459196158972645e-09,,,,,,,,,,,,,,
E1_A40,chease_mars,16640,NEO_RT,0.21909090909090911,,3.907674767306637e-09,2.2078682215820322e-09,,,,,,,,,,,,,,
E1_A40,chease_mars,16640,NEO_RT,0.30363636363636365,,1.0372594045544422e-08,2.7310733674568155e-09,,,,,,,,,,,,,,
E1_A40,chease_mars,16640,NEO_RT,0.3881818181818182,,3.987016559198574e-10,4.759889593586308e-09,,,,,,,,,,,,,,
E1_A40,chease_mars,16640,NEO_RT,0.4727272727272728,,1.904436469873093e-09,2.628237627533281e-09,,,,,,,,,,,,,,
E1_A40,chease_mars,16640,NEO_RT,0.5572727272727274,,1.7184429167898031e-09,3.001442427930101e-10,,,,,,,,,,,,,,
E1_A40,chease_mars,16640,NEO_RT,0.641818181818182,,7.703568266553124e-09,1.5461223412671643e-09,,,,,,,,,,,,,,
E1_A40,chease_mars,16640,NEO_RT,0.7263636363636364,,7.641589549633636e-09,5.245259560027193e-09,,,,,,,,,,,,,,
E1_A40,chease_mars,16640,NEO_RT,0.810909090909091,,1.0429175311676771e-08,1.970852370192233e-09,,,,,,,,,,,,,,
E1_A40,chease_mars,16640,NEO_RT,0.8954545454545456,,7.684966480611935e-10,1.1892103968236256e-09,,,,,,,,,,,,,,
E1_A40,chease_mars,16640,NEO_RT,0.9800000000000001,,4.412070889198845e-09,7.539186164251532e-09,,,,,,,,,,,,,,
E1_A40,chease_mars,16640,NEO_2,0.05,,6.623283338755696e-09,1.1203471483867133e-09,,,,,,,,,,,,,,
E1_A40,chease_mars,16640,NEO_2,0.13454545454545455,,5.113287366627359e-09,4.2459181726073325e-09,,,,,,,,,,,,,,
E1_A40,chease_mars,16640,NEO_2,0.21909090909090911,,3.907677293957101e-09,2.2078723294072233e-09,,,,,,,,,,,,,,
E1_A40,chease_mars,16640,NEO_2,0.30363636363636365,,1.037259833208709e-08,2.731069370653927e-09,,,,,,,,,,,,,,
E1_A40,chease_mars,16640,NEO_2,0.3881818181818182,,3.9868850091767105e-10,4.759896699013666e-09,,,,,,,,,,,,,,
E1_A40,chease_mars,16640,NEO_2,0.4727272727272728,,1.9044248071152453e-09,2.6282344078865094e-09,,,,,,,,,,,,,,
E1_A40,chease_mars,16640,NEO_2,0.5572727272727274,,1.7184343911394967e-09,3.0014091212393623e-10,,,,,,,,,,,,,,
E1_A40,chease_mars,16640,NEO_2,0.641818181818182,,7.703574275360009e-09,1.5461278923822874e-09,,,,,,,,,,,,,,
E1_A40,chease_mars,16640,NEO_2,0.7263636363636364,,7.641589713178289e-09,5.245264778075409e-09,,,,,,,,,,,,,,
E1_A40,chease_mars,16640,NEO_2,0.810909090909091,,1.0429177879047554e-08,1.97086169606564e-09,,,,,,,,,,,,,,
E1_A40,chease_mars,16640,NEO_2,0.8954545454545456,,7.685367989891853e-10,1.1892051787754099e-09,,,,,,,,,,,,,,
E1_A40,chease_mars,16640,NEO_2,0.9800000000000001,,4.412068912821823e-09,7.539189272876001e-09,,,,,,,,,,,,,,
