case,code,path,dof,psi_l2,psi_max,Bphi_l2,Bphi_max,bpol_l2,bpol_max,b_l2,b_max,bmod_l2,bmod_max,s_pol_max_abs,s_tor_max_abs,rho_tor_max_abs,q_max,phi_edge_rel
E1_A40,kin6d,FE,595,2.739131346933267e-06,4.723714553762607e-06,4.415674659725159e-10,1.3109850527676954e-09,2.07509027269452e-05,0.0001232160366700447,2.4281804173419533e-07,2.0198833111839333e-06,2.1845319711738317e-09,1.2678717247858493e-08,4.672735046562515e-06,5.224586490104599e-06,2.659327638543374e-06,1.3957075180925926e-05,1.4419868150650217e-06
E1_A40,kin6d,EQDSK_repo,595,2.739041612246606e-06,4.651104532424158e-06,4.5009362907894693e-10,1.2984830559734904e-09,2.0911370162767192e-05,0.00015012968784432464,2.446957712483762e-07,2.461079463381693e-06,2.3291643893506522e-09,2.33969562613825e-08,4.600132470500284e-06,5.151974157846517e-06,2.622367729854247e-06,1.3957075180925926e-05,1.4419868150650217e-06
E1_A40,kin6d,EQDSK_libneo,595,2.738845151215151e-06,4.620896804070509e-06,4.5048839308933505e-10,1.297872879548618e-09,2.1478081536127784e-05,0.000165391348255367,2.5132716017028055e-07,2.7112642038502873e-06,2.4433728566999182e-09,2.788864977962903e-08,4.56992751229901e-06,5.121765140780887e-06,2.60699124421393e-06,1.3957075180925926e-05,1.4419868150650217e-06
E1_A40,kin6d,FE,2422,1.6322023647230693e-07,3.130655163899806e-07,2.6305465795451422e-11,8.677499882467953e-11,1.7217840120904502e-06,1.5650333423617117e-05,2.0147551781689406e-08,2.565562727863443e-07,1.9054952061432275e-10,1.8312975615392332e-09,3.0901633396585027e-07,3.189634336653313e-07,1.6315974493696928e-07,1.6126141751948708e-06,8.99316636715497e-08
E1_A40,kin6d,EQDSK_repo,2422,1.6321929443859497e-07,3.1654171622738566e-07,8.381601193361723e-11,1.934612329013804e-10,1.6299284742842225e-06,1.1049545559216542e-05,1.907286696246342e-08,1.811354864020882e-07,2.0976529811500447e-10,1.7481586710319766e-09,3.124902144824304e-07,3.224377657096156e-07,1.6493697430064458e-07,1.6126141751948708e-06,8.99316636715497e-08
E1_A40,kin6d,EQDSK_libneo,2422,1.6320125668320575e-07,3.207044039685638e-07,8.606454454708018e-11,1.9912608271568327e-10,1.675953062088504e-06,1.1895419274490149e-05,1.961143046885986e-08,1.9500192363828493e-07,2.1778373277404703e-10,2.1118985080419517e-09,3.16652526088923e-07,3.266006183277881e-07,1.6706640348918e-07,1.6126141751948708e-06,8.99316636715497e-08
E1_A40,kin6d,FE,9946,9.341660759187032e-09,1.537036204100146e-08,1.5057315220522712e-12,4.267802425237262e-12,1.079148807082049e-07,9.407420799420947e-07,1.2627718252350708e-09,1.5421606440186616e-08,1.4121436687897665e-11,1.6009593747988984e-10,1.5199915992525348e-08,1.384718251173922e-08,7.036638383084437e-09,2.0245554233078167e-07,5.242451139864102e-09
E1_A40,kin6d,EQDSK_repo,9946,9.342033838139109e-09,1.5241406078897295e-08,8.036830751732747e-11,1.732868355695187e-10,9.995715618331602e-08,8.518772060658772e-07,1.1724107229879803e-09,1.3965153306152325e-08,8.158466468713993e-11,2.0095510402891871e-10,1.507424507440902e-08,1.3721494607210616e-08,1.0491400519174743e-08,2.0245554233078167e-07,5.242451139864102e-09
E1_A40,kin6d,EQDSK_libneo,9946,9.341909772059764e-09,1.5297118294471635e-08,8.298738413539123e-11,2.1482018650193971e-10,1.0278668575868102e-07,9.172519815731964e-07,1.2056222807084984e-09,1.5036875219949758e-08,8.429864782709642e-11,2.147839656464242e-10,1.5129952291026427e-08,1.3777209484366892e-08,1.0490505755744728e-08,2.0245554233078167e-07,5.242451139864102e-09
E1_A40,kin6d,FE,40636,0.0,0.0,0.0,0.0,0.0,0.0,0.0,0.0,0.0,0.0,0.0,3.803157788695444e-11,1.9678147999968587e-11,3.674823778609948e-10,2.8111291072718814e-11
E1_A40,kin6d,EQDSK_repo,40636,9.10612794335637e-11,1.9967497769236826e-10,8.040253155480475e-11,1.7431431186385196e-10,1.2316551155484054e-08,8.458941603936026e-08,1.650303948631057e-10,1.3911839132993825e-09,8.037822323101927e-11,1.7471009343140365e-10,1.9907731019230823e-10,1.8805301760238535e-10,5.16438637514216e-09,3.674823778609948e-10,2.8111291072718814e-11
E1_A40,kin6d,EQDSK_libneo,40636,9.583393632544286e-11,2.1837932414197464e-10,8.302049498943477e-11,2.148370223368612e-10,1.3075830848324057e-08,8.731709557703335e-08,1.7407680452664232e-10,1.4328449989149367e-09,8.299896607955072e-11,2.1482629472707107e-10,2.1778001624284116e-10,1.9211221502501985e-10,5.77302619250708e-09,3.674823778609948e-10,2.8111291072718814e-11
E2_A40,kin6d,FE,595,2.736950408152801e-06,4.5730623598599585e-06,0.0,0.0,2.1146754203129237e-05,0.00013237378044937318,2.473963155444924e-07,2.1412022985892685e-06,2.3098980922520257e-09,1.489397874013455e-08,4.523262116418181e-06,5.065602527443147e-06,2.5773253200522817e-06,1.3763814647127504e-05,1.4470551716883051e-06
E2_A40,kin6d,EQDSK_repo,595,2.73673607008185e-06,4.50155125492439e-06,0.0,0.0,2.1123761797834457e-05,0.0001592471639390256,2.4712732691858823e-07,2.5758907263396685e-06,2.422895420835598e-09,2.463718175644542e-08,4.451760007739836e-06,4.994024238924588e-06,2.540906992143377e-06,1.3763814647127504e-05,1.4470551716883051e-06
E2_A40,kin6d,EQDSK_libneo,595,2.736574921826179e-06,4.471236199879739e-06,1.218046662626531e-16,3.269174214907477e-16,2.1658370719751096e-05,0.00017501798898040952,2.5338172777221037e-07,2.830990540778943e-06,2.523664448124012e-09,2.9155080676305504e-08,4.421447454605598e-06,4.963679389957676e-06,2.5254678324149182e-06,1.3763814647127504e-05,1.4470551716883051e-06
E1_A20,kin6d,FE,595,2.7353600541730063e-06,4.6910295104105985e-06,1.7624211640753998e-09,5.2029281254994105e-09,2.075625009600886e-05,0.00012520809588474068,4.852643853877891e-07,4.069761479755204e-06,8.740713415900701e-09,5.008512305627211e-08,4.6406154473599415e-06,5.1868672666932625e-06,2.6398505392766225e-06,1.3810065680797123e-05,1.437406512705408e-06
E1_A20,kin6d,EQDSK_repo,595,2.7352440750247926e-06,4.618711913296282e-06,1.7615833683441603e-09,5.128834834575592e-09,2.089510872406232e-05,0.00014999871557280005,4.885107424328361e-07,4.8755555735040685e-06,9.294151504170453e-09,9.277637820181114e-08,4.568303949681329e-06,5.11451674012342e-06,2.603027767444921e-06,1.3810065680797123e-05,1.437406512705408e-06
E1_A20,kin6d,EQDSK_libneo,595,2.7350650894573975e-06,4.588446179426032e-06,1.7616722724335242e-09,5.09698845066717e-09,2.1465024296937335e-05,0.00016515973750426074,5.018347370361054e-07,5.368349066823288e-06,9.747986701048694e-09,1.100684372910679e-07,4.538040365931195e-06,5.084236822328059e-06,2.5876168157079604e-06,1.3810065680797123e-05,1.437406512705408e-06
E1_A3p1,kin6d,FE,613,2.820633040138471e-06,4.727744994398653e-06,7.090597246060387e-08,1.8735397059655934e-07,2.517010151103529e-05,0.00013785542497735622,3.6335905470197722e-06,2.576277565022549e-05,4.216032188513746e-07,2.056108516442486e-06,4.675575142720767e-06,5.1249192418723055e-06,3.878262968756707e-06,8.605172356679347e-06,1.4781343053993368e-06
E1_A3p1,kin6d,EQDSK_repo,613,2.820819631898819e-06,4.7285998661075606e-06,7.090328272472537e-08,1.8728295071568818e-07,2.479397036833374e-05,0.00013641656861565482,3.579312084244494e-06,2.549396178034588e-05,4.285524116720031e-07,3.071157328323632e-06,4.676427927785554e-06,5.125794932947514e-06,3.910185561555035e-06,8.605172356679347e-06,1.4781343053993368e-06
E1_A3p1,kin6d,EQDSK_libneo,613,2.8209444009601013e-06,4.73251664875696e-06,7.090044681467051e-08,1.874421107937607e-07,2.5251111766102564e-05,0.0001500212721302305,3.6452808402999877e-06,2.803643253334318e-05,4.406854881555226e-07,3.7782556838098374e-06,4.680344229290867e-06,5.129816427973388e-06,3.927351044173688e-06,8.605172356679347e-06,1.4781343053993368e-06
E2_A40,kin6d,FE,2422,1.6331878102685114e-07,2.7233290919974145e-07,0.0,0.0,1.8014406098494627e-06,1.6429492477339126e-05,2.1075091017184642e-08,2.6575404085092146e-07,1.9830128878610484e-10,1.962888014979389e-09,2.6839386302324186e-07,2.807337267096699e-07,1.435309829878051e-07,1.600031015569492e-06,9.107913689909708e-08
E2_A40,kin6d,EQDSK_repo,2422,1.6331661800650582e-07,2.757489370209764e-07,0.0,0.0,1.6816751904980644e-06,1.1956982441832694e-05,1.9673952894872117e-08,1.9340928544709335e-07,1.9952827577463575e-10,1.903015126017939e-09,2.718144481717033e-07,2.841578761181296e-07,1.4528165104277235e-07,1.600031015569492e-06,9.107913689909708e-08
E2_A40,kin6d,EQDSK_libneo,2422,1.6329608455847754e-07,2.798682354744087e-07,1.218046662626531e-16,3.269174214907477e-16,1.7248992786087451e-06,1.3172162538148251e-05,2.0179632397203046e-08,2.1306534125057572e-07,2.063432073515774e-10,2.2785730495924246e-09,2.7593341223042245e-07,2.8828113229906194e-07,1.473897520698486e-07,1.600031015569492e-06,9.107913689909708e-08
E1_A20,kin6d,FE,2422,1.6308548847629068e-07,3.013071015521554e-07,1.0502870715599735e-10,3.3331210106201327e-10,1.7267171900667672e-06,1.5229345907026553e-05,4.036912559598385e-08,4.950143498380904e-07,7.605446190079941e-10,7.168957970908187e-09,2.972794671540768e-07,3.0774751813567036e-07,1.5740239989181504e-07,1.5967179257669883e-06,8.93136127277927e-08
E1_A20,kin6d,EQDSK_repo,2422,1.6307972260039765e-07,3.047647476949273e-07,1.3348556401221968e-10,3.60679198462281e-10,1.6285426477683745e-06,1.1120489558523044e-05,3.807399643064497e-08,3.6146016877486387e-07,7.844882569176147e-10,7.175426774992246e-09,3.007423157175282e-07,3.112121916837296e-07,1.5917446283264525e-07,1.5967179257669883e-06,8.93136127277927e-08
E1_A20,kin6d,EQDSK_libneo,2422,1.6305956887282206e-07,3.089125580548075e-07,1.3499048165926246e-10,3.709579923019317e-10,1.6737148728092526e-06,1.2028821601903433e-05,3.9130078503027515e-08,3.9098461106391136e-07,8.139493533506921e-10,8.637402455377753e-09,3.0488983704390904e-07,3.1536189870617903e-07,1.6129689717203632e-07,1.5967179257669883e-06,8.93136127277927e-08
E1_A3p1,kin6d,FE,2395,1.6842749667779312e-07,3.38347464129846e-07,4.237130075242283e-09,1.3183505508430116e-08,2.405523808403031e-06,1.649883232920937e-05,3.4722530010980863e-07,3.0833422771541207e-06,3.982718181824612e-08,2.9847442325172454e-07,3.364512888293092e-07,3.5904838058264943e-07,3.8113286755098175e-07,5.663826826429741e-07,1.1796556509402478e-07
E1_A3p1,kin6d,EQDSK_repo,2395,1.6838722966763428e-07,3.4111697800629327e-07,4.2274058492941295e-09,1.3264637234661609e-08,2.2595947586449404e-06,1.3962151831396664e-05,3.2616422038752304e-07,2.6092808972080938e-06,3.851080783274538e-08,2.6302728407490316e-07,3.3922120401541633e-07,3.6189556484877983e-07,4.024420755671665e-07,5.663826826429741e-07,1.1796556509402478e-07
E1_A3p1,kin6d,EQDSK_libneo,2395,1.6838653494799434e-07,3.4157573010425116e-07,4.227466591349264e-09,1.3264886765979948e-08,2.2957130539470643e-06,1.392165672660441e-05,3.313769138572711e-07,2.6017130498390355e-06,3.92404542411599e-08,2.6556002378245064e-07,3.396799004296014e-07,3.623670571384352e-07,4.0428808639747515e-07,5.663826826429741e-07,1.1796556509402478e-07
E2_A40,kin6d,FE,9946,9.342740246838903e-09,1.4940035740798808e-08,0.0,0.0,1.1486307019132188e-07,1.0161847210678502e-06,1.3437854379210794e-09,1.643722082390734e-08,1.5099128492486275e-11,1.9584086702618185e-10,1.4774638179559929e-08,1.3577093338490442e-08,6.896723747651379e-09,2.0005799739042374e-07,5.842572647907218e-09
E2_A40,kin6d,EQDSK_repo,9946,9.3447000918814e-09,1.4804532336817651e-08,0.0,0.0,1.0845619808348258e-07,1.0107345977266121e-06,1.2688313083927915e-09,1.6349062756756596e-08,1.482355876972036e-11,2.4127809640506503e-10,1.4640050505221325e-08,1.3442361113114032e-08,6.8282841603206634e-09,2.0005799739042374e-07,5.842572647907218e-09
E2_A40,kin6d,EQDSK_libneo,9946,9.345112310995315e-09,1.4853965481829617e-08,1.218046662626531e-16,3.269174214907477e-16,1.115681068140683e-07,1.0946912994409134e-06,1.3052375931049787e-09,1.7707098177988584e-08,1.5396837563658973e-11,2.640927309077504e-10,1.4689479743701384e-08,1.3491843420254668e-08,6.853419609598177e-09,2.0005799739042374e-07,5.842572647907218e-09
E1_A20,kin6d,FE,9766,9.33278062250411e-09,1.2119659388614899e-08,6.011475160921264e-12,1.2796550229999094e-11,1.14428888728646e-07,1.1243554008205631e-06,2.6752442368670975e-09,3.654602594634009e-08,6.111167804791074e-11,7.129062898488833e-10,1.1992257742399204e-08,1.2414837602392481e-08,6.2730872718574915e-09,2.032175011601467e-07,5.608542297252939e-09
E1_A20,kin6d,EQDSK_repo,9766,9.333167905447708e-09,1.3705041690171825e-08,8.568495030319771e-11,1.964288146101553e-10,1.036326523794275e-07,8.019298279646935e-07,2.4243457021445605e-09,2.606591625074785e-08,1.022644587303184e-10,7.530770201759583e-10,1.355283663073692e-08,1.2864374010490565e-08,1.3633729797901672e-08,2.032175011601467e-07,5.608542297252939e-09
E1_A20,kin6d,EQDSK_libneo,9766,9.333233146760708e-09,1.3802562460866806e-08,8.76448511313582e-11,2.065948017465806e-10,1.0668486589483404e-07,8.231001760533161e-07,2.4957282589643e-09,2.675403768827713e-08,1.050327347108835e-10,8.039079561649073e-10,1.3650350738636519e-08,1.2961941520117648e-08,1.3631466776534151e-08,2.032175011601467e-07,5.608542297252939e-09
E1_A3p1,kin6d,FE,9937,9.537995152678298e-09,1.5858549213583363e-08,2.406832690161677e-10,5.389136108465261e-10,2.020414073373699e-07,1.6713800736062094e-06,2.9162510402803114e-08,3.123517576776322e-07,3.595455938368374e-09,3.108511536111115e-08,1.5746190240584212e-08,1.5819641485670388e-08,3.141911384535456e-08,1.0718668119746866e-07,3.693871875043442e-09
E1_A3p1,kin6d,EQDSK_repo,9937,9.549062672166143e-09,1.620826924495658e-08,2.5989582821291737e-10,5.661906744638108e-10,1.7382566442057447e-07,1.023151277238344e-06,2.5090351841697243e-08,1.9120927671956923e-07,3.2526464174002277e-09,2.899920157957408e-08,1.605620758571291e-08,1.557538420460247e-08,3.07424223577879e-08,1.0718668119746866e-07,3.693871875043442e-09
E1_A3p1,kin6d,EQDSK_libneo,9937,9.55593145186626e-09,1.6149346830426098e-08,2.6066054179990746e-10,5.70698348045501e-10,1.7874144295858744e-07,1.061360796025923e-06,2.579983940015135e-08,1.9834991506532057e-07,3.3570503341289416e-09,3.120134511361302e-08,1.5997292268643548e-08,1.561190332566298e-08,3.071118279823759e-08,1.0718668119746866e-07,3.693871875043442e-09
E2_A40,kin6d,FE,40636,0.0,0.0,0.0,0.0,0.0,0.0,0.0,0.0,0.0,0.0,0.0,3.405042914295109e-11,7.708422788965663e-11,3.425512096200123e-10,6.180367329022829e-11
E2_A40,kin6d,EQDSK_repo,40636,9.195896598612527e-11,2.474496906903472e-10,0.0,0.0,1.2356873977750521e-08,1.1025015891206753e-07,1.4456332467753953e-10,1.7833432941248974e-09,1.262184735993246e-12,2.0391666449341988e-11,2.500605278399348e-10,2.8320723544084103e-10,3.2370572802115083e-09,3.425512096200123e-10,6.180367329022829e-11
E2_A40,kin6d,EQDSK_libneo,40636,9.6765762831497e-11,2.512415710198401e-10,1.218046662626531e-16,3.269174214907477e-16,1.3123698258078538e-08,1.1196010810186008e-07,1.5353441782034233e-10,1.8110024508191185e-09,1.3302090821902064e-12,2.0688796696962782e-11,2.5385216151363466e-10,2.87002976939732e-10,3.3823179222680633e-09,3.425512096200123e-10,6.180367329022829e-11
E1_A20,kin6d,FE,40483,0.0,0.0,0.0,0.0,0.0,0.0,0.0,0.0,0.0,0.0,0.0,4.000444420171334e-11,2.0207613360412324e-11,3.6542735504241364e-10,1.734590249213852e-10
E1_A20,kin6d,EQDSK_repo,40483,1.6451728251949218e-10,3.705029461921807e-10,8.516372048822072e-11,1.919305676532943e-10,2.0924622765720847e-08,9.45154045241664e-08,4.965512715567967e-10,3.072136398785337e-09,8.529854488199152e-11,1.9289110337198844e-10,5.142299919214111e-10,5.255771096113193e-10,1.3272904950470399e-08,3.6542735504241364e-10,1.734590249213852e-10
E1_A20,kin6d,EQDSK_libneo,40483,1.7212965548057515e-10,4.1558548422031414e-10,8.711567932267509e-11,2.020949614747023e-10,2.2220634657258173e-08,9.268170467248051e-08,5.2674682813448e-10,3.0125308486000675e-09,8.727019368664781e-11,2.0298725339599698e-10,5.593093765909884e-10,5.706375649783268e-10,1.3270926031705432e-08,3.6542735504241364e-10,1.734590249213852e-10
E1_A3p1,kin6d,FE,40753,0.0,0.0,0.0,0.0,0.0,0.0,0.0,0.0,0.0,0.0,0.0,4.284544377272659e-09,4.18605486038337e-08,6.283520370686801e-10,4.083813620603394e-09
E1_A3p1,kin6d,EQDSK_repo,40753,7.766345720680936e-11,3.83764553031535e-10,7.824977683580548e-11,1.5642414540362363e-10,1.5669161504697046e-08,1.6552632114564104e-07,2.262925104242674e-09,3.0934021696293847e-08,2.728395368726029e-10,3.604399971046979e-09,3.81670473004192e-10,4.356247973458238e-09,4.2641138495169706e-08,6.283520370686801e-10,4.083813620603394e-09
E1_A3p1,kin6d,EQDSK_libneo,40753,8.116562885008355e-11,4.515616660501722e-10,8.016882060312862e-11,1.6375538467675211e-10,1.624601141012756e-08,1.65221196951703e-07,2.346200839865804e-09,3.087700400508386e-08,2.8654378890063866e-10,3.6737764726887972e-09,4.5278203408827267e-10,4.359797124015019e-09,4.26334585967858e-08,6.283520370686801e-10,4.083813620603394e-09
E2_A20,kin6d,FE,595,2.768549287930196e-06,4.374957481154601e-06,0.0,0.0,2.295556638061398e-05,0.00014345834117574985,5.371705977334846e-07,4.553723643819548e-06,1.0334711766686e-08,6.724468103724017e-08,4.326879384342064e-06,4.861115197596355e-06,2.4720756020002455e-06,1.3282407908987715e-05,1.4472966214373884e-06
E2_A20,kin6d,EQDSK_repo,595,2.768592074587171e-06,4.304817511185608e-06,0.0,0.0,2.2886758740573565e-05,0.00016828798920932595,5.355604679498711e-07,5.341878270392951e-06,1.0799092743778937e-08,9.986676272964691e-08,4.256745216646429e-06,4.790680972699413e-06,2.436256877791365e-06,1.3282407908987715e-05,1.4472966214373884e-06
E2_A20,kin6d,EQDSK_libneo,595,2.768539912399627e-06,4.27442750826509e-06,1.2135144879351004e-16,3.186731751701274e-16,2.3405680887247402e-05,0.00018445096212102452,5.47703480023027e-07,5.8549311281019894e-06,1.1184757533007947e-08,1.1764343691479493e-07,4.226356602243797e-06,4.760162345851526e-06,2.4207368908291116e-06,1.3282407908987715e-05,1.4472966214373884e-06
E2_A20,kin6d,FE,2422,1.6509525066373313e-07,2.699663141756365e-07,0.0,0.0,2.030337688474875e-06,1.669199870217966e-05,4.7510816837867934e-08,5.298454487188059e-07,8.992462277385992e-10,8.272488074436583e-09,2.677810527762503e-07,3.044054929235429e-07,1.5408154863116863e-07,1.5422453947255832e-06,8.91756752885442e-08
E2_A20,kin6d,EQDSK_repo,2422,1.6511742498461364e-07,2.7254937456347755e-07,0.0,0.0,1.8787594254995665e-06,1.3393291034408928e-05,4.396381717879562e-08,4.2513628383048613e-07,8.86299633894008e-10,7.610173718261081e-09,2.7036219751863655e-07,3.069978921077521e-07,1.553937487575041e-07,1.5422453947255832e-06,8.91756752885442e-08
E2_A20,kin6d,EQDSK_libneo,2422,1.651040698904946e-07,2.7313751089367354e-07,1.2135144879351004e-16,3.186731751701274e-16,1.9204008119756603e-06,1.4628608710239458e-05,4.4938244387122075e-08,4.64348331467132e-07,9.113260741574292e-10,9.098092881678136e-09,2.7095030785684315e-07,3.0758856672807866e-07,1.5569273181803567e-07,1.5422453947255832e-06,8.91756752885442e-08
E2_A20,kin6d,FE,9766,9.418514321035248e-09,1.6175722819832677e-08,0.0,0.0,1.4899701690523774e-07,1.6456472537214052e-06,3.4865973378502176e-09,5.2236926394382586e-08,7.760387722422935e-11,9.988062095681485e-10,1.6052186135873114e-08,1.6237940436703013e-08,1.9623109193123156e-08,1.9634540759927432e-07,7.559918246968778e-09
E2_A20,kin6d,EQDSK_repo,9766,9.423920933336132e-09,1.557287361453394e-08,0.0,0.0,1.3309354893116594e-07,1.1049113248896218e-06,3.11444902070471e-09,3.50726265425713e-08,7.303365860993618e-11,1.0775770187519911e-09,1.538222460517602e-08,1.5328278424320274e-08,2.5247575800857458e-08,1.9634540759927432e-07,7.559918246968778e-09
E2_A20,kin6d,EQDSK_libneo,9766,9.42435750997517e-09,1.559790474502914e-08,1.2135144879351004e-16,3.186731751701274e-16,1.3693042278898791e-07,1.1731676217121696e-06,3.2042335979815673e-09,3.723925073558087e-08,7.524556551429961e-11,1.132142434509964e-09,1.5407254583266194e-08,1.5261427566137797e-08,2.5188329242677165e-08,1.9634540759927432e-07,7.559918246968778e-09
E1_A10,kin6d,FE,595,2.733684346237759e-06,4.633546854508112e-06,7.009155304485758e-09,2.0506899428853387e-08,2.092227277090236e-05,0.00012899415941808594,9.75072200127767e-07,8.250270178611916e-06,3.509813692011883e-08,1.9348354881625584e-07,4.584389944328748e-06,5.114436740116801e-06,2.6024575896510527e-06,1.3286138005330628e-05,1.4170293802795442e-06
E1_A10,kin6d,EQDSK_repo,595,2.733546514693897e-06,4.561854080405889e-06,7.0085650188667395e-09,2.0153724144032418e-08,2.1009432890689957e-05,0.0001488118517225969,9.791340412868994e-07,9.517782194631979e-06,3.7102310219072866e-08,3.692986839930685e-07,4.512705055859101e-06,5.042594701687442e-06,2.56590105141008e-06,1.3286138005330628e-05,1.4170293802795442e-06
E1_A10,kin6d,EQDSK_libneo,595,2.733413002731628e-06,4.531430633039721e-06,7.008081133623416e-09,2.0013793234676338e-08,2.1584237772589746e-05,0.00016371383697344371,1.0059211787055695e-06,1.0470890027605206e-05,3.8895065673098956e-08,4.257396567738146e-07,4.482284302054218e-06,5.012107258339782e-06,2.5503876363019984e-06,1.3286138005330628e-05,1.4170293802795442e-06
E2_A3p1,kin6d,FE,613,4.533799654036883e-06,1.189284545207072e-05,0.0,0.0,6.954684947206039e-05,0.0003653909863631101,1.0363559679909203e-05,5.692087660988224e-05,1.4891595333381734e-06,6.897948879597509e-06,1.1977866166912321e-05,1.349784785498187e-05,1.531589321014659e-05,1.8279927467501622e-05,1.4108978989568755e-06
E2_A3p1,kin6d,EQDSK_repo,613,4.53641761569247e-06,1.1913625662647267e-05,0.0,0.0,6.783896387565668e-05,0.0003120189013650832,1.0109058226009442e-05,4.860653395238216e-05,1.4755677281855431e-06,7.125604542617468e-06,1.1998643172139722e-05,1.3550654280658492e-05,1.5317089122512256e-05,1.8279927467501622e-05,1.4108978989568755e-06
E2_A3p1,kin6d,EQDSK_libneo,613,4.537371805745218e-06,1.1966059631202562e-05,1.2449065623371543e-16,3.437395244656616e-16,6.82604344236853e-05,0.0003134711277367763,1.0171863877321848e-05,4.8832762844713446e-05,1.4807786998861214e-06,7.271835673626205e-06,1.2051073484786734e-05,1.3568867463842338e-05,1.531619427710615e-05,1.8279927467501622e-05,1.4108978989568755e-06
E1_A10,kin6d,FE,2440,1.6344934575019295e-07,3.111835354688728e-07,4.1887663669259295e-10,1.3762238813362986e-09,1.8163287758103318e-06,1.5077858457574483e-05,8.464795834604235e-08,9.643568203727467e-07,3.0696194075614923e-09,2.7371122266999545e-08,3.0460089317507766e-07,2.781164617493559e-07,1.4445104346005877e-07,1.5149139406256396e-06,9.128482103548663e-08
E1_A10,kin6d,EQDSK_repo,2440,1.6347765518577274e-07,3.100908134792833e-07,4.255973991888229e-10,1.4991153817505081e-09,1.7006395032652775e-06,1.4508642668845664e-05,7.925656195098327e-08,9.279513346564439e-07,3.092037942886697e-09,2.911948001122725e-08,3.03512210586554e-07,2.7702559379783054e-07,1.4388445690460827e-07,1.5149139406256396e-06,9.128482103548663e-08
E1_A10,kin6d,EQDSK_libneo,2440,1.6345523042275085e-07,3.0869563011588536e-07,4.259799949331663e-10,1.4991755089327588e-09,1.747295892685182e-06,1.5283399862050798e-05,8.143087545457039e-08,9.775035790694293e-07,3.213109730578276e-09,3.315188859199029e-08,3.021171489647756e-07,2.7562773197153945e-07,1.4315842078449492e-07,1.5149139406256396e-06,9.128482103548663e-08
E2_A3p1,kin6d,FE,2395,2.719836342247223e-07,1.0053663224052182e-06,0.0,0.0,7.610013613957416e-06,4.189638677340009e-05,1.1340101076016822e-06,6.526649947403784e-06,1.6064252627127717e-07,9.9198528070421e-07,9.946814946149019e-07,1.1003298856504529e-06,1.6561154776856268e-06,3.130684332774969e-06,2.284565536747607e-07
E2_A3p1,kin6d,EQDSK_repo,2395,2.719612938432161e-07,1.0058578212645027e-06,0.0,0.0,7.033557784803051e-06,3.4371694407405614e-05,1.0481092446061148e-06,5.354447836029159e-06,1.5243360948470397e-07,9.907651903465549e-07,9.951803324748099e-07,1.1247322173613128e-06,1.6886502687309124e-06,3.130684332774969e-06,2.284565536747607e-07
E2_A3p1,kin6d,EQDSK_libneo,2395,2.721581076701165e-07,1.0035443462781522e-06,1.2449065623371543e-16,3.437395244656616e-16,7.08245858756716e-06,3.4630049086825254e-05,1.0553962229766435e-06,5.394694518015497e-06,1.5297915611247522e-07,9.858880876104493e-07,9.94929018061086e-07,1.138701874681125e-06,1.6841768864551965e-06,3.130684332774969e-06,2.284565536747607e-07
E2_A20,kin6d,FE,40483,0.0,0.0,0.0,0.0,0.0,0.0,0.0,0.0,0.0,0.0,0.0,1.0609406322220627e-10,9.844922654878019e-10,3.4316671726486447e-10,3.021138894609976e-12
E2_A20,kin6d,EQDSK_repo,40483,1.6610080029193494e-10,3.6818983550292404e-10,0.0,0.0,2.1316697949523703e-08,1.3637959782814128e-07,4.988203379255296e-10,4.329026768849796e-09,6.411515362386594e-12,1.0362933065071302e-10,4.2080787812648346e-10,3.912057344734876e-10,2.0052232587927654e-08,3.4316671726486447e-10,3.021138894609976e-12
E2_A20,kin6d,EQDSK_libneo,40483,1.7394794077355e-10,4.0828792798908265e-10,1.2135144879351004e-16,3.186731751701274e-16,2.2626643682579482e-08,1.3800977944265576e-07,5.294736583776255e-10,4.380772777488221e-09,6.718915409914098e-12,1.0467073622498804e-10,4.827684085828565e-10,4.139306397643594e-10,2.0001427110047376e-08,3.4316671726486447e-10,3.021138894609976e-12
E1_A10,kin6d,FE,9640,9.348259719610886e-09,1.758067488890147e-08,2.3975659595239985e-11,7.213464097539038e-11,1.1432751380650566e-07,7.520879262093348e-07,5.32809383976547e-09,4.81023931251685e-08,2.373228590619601e-10,2.5014553360666653e-09,1.746957301040908e-08,1.8330018503043277e-08,1.1933980650913334e-08,1.9047194055321626e-07,4.324870683802828e-09
E1_A10,kin6d,EQDSK_repo,9640,9.34884064742399e-09,1.737708733741428e-08,8.480390610141035e-11,1.8560566223482216e-10,1.0754339793879732e-07,8.351235496773549e-07,5.012593647670182e-09,5.341322837187117e-08,2.391934497484735e-10,3.0907406388416514e-09,1.7265284535383785e-08,1.812526917444046e-08,1.0783849237194776e-08,1.9047194055321626e-07,4.324870683802828e-09
E1_A10,kin6d,EQDSK_libneo,9640,9.349007226547884e-09,1.7450452818742307e-08,8.690962663056053e-11,1.8956106395765022e-10,1.1039339758700879e-07,9.040486162748422e-07,5.1454296323145745e-09,5.782156918011744e-08,2.480482803244529e-10,3.3882402157252543e-09,1.7338643631958917e-08,1.8198793694246262e-08,1.08079135779926e-08,1.9047194055321626e-07,4.324870683802828e-09
E2_A3p1,kin6d,FE,9937,1.3859213339883056e-08,5.6140417883710694e-08,0.0,0.0,6.74841485512448e-07,4.623981379739782e-06,1.0056185237257218e-07,7.203272203901689e-07,1.4319212580243238e-08,1.1666229064366461e-07,5.554847848365796e-08,9.808555545554043e-08,1.3785223648699052e-07,2.634968575554453e-07,3.0912837845065155e-09
E2_A3p1,kin6d,EQDSK_repo,9937,1.37805840814701e-08,5.4871586458176774e-08,0.0,0.0,5.902381789810836e-07,2.90031759372333e-06,8.79546469705836e-08,4.5181360800657015e-07,1.3309032566477689e-08,1.2101983956667145e-07,5.504280875534562e-08,9.811560197636737e-08,1.3868095631586197e-07,2.634968575554453e-07,3.0912837845065155e-09
E2_A3p1,kin6d,EQDSK_libneo,9937,1.3837065444964975e-08,5.564953330772285e-08,1.2449065623371543e-16,3.437395244656616e-16,6.030163564674489e-07,3.0280544190678285e-06,8.985879368586537e-08,4.717125446123757e-07,1.3543328774711504e-08,1.211242254339843e-07,5.5820702393738486e-08,9.855129112779082e-08,1.3868953875617596e-07,2.634968575554453e-07,3.0912837845065155e-09
E1_A10,kin6d,FE,40177,0.0,0.0,0.0,0.0,0.0,0.0,0.0,0.0,0.0,0.0,0.0,7.214806529987072e-11,2.6567455180259714e-10,3.3931013554422407e-10,3.329447828548382e-11
E1_A10,kin6d,EQDSK_repo,40177,6.250809682099589e-11,2.54064868500173e-10,8.162389598532992e-11,1.6298152578978966e-10,8.743810665001879e-09,6.973415252802834e-08,4.155676586754326e-10,4.460439856648762e-09,8.283444235829486e-11,2.442592524347638e-10,2.5439295114892957e-10,3.0339708523285935e-10,3.32536356957569e-09,3.3931013554422407e-10,3.329447828548382e-11
E1_A10,kin6d,EQDSK_libneo,40177,6.591161064894611e-11,2.554276620568342e-10,8.379059512568625e-11,1.6873847688030257e-10,9.282239779443985e-09,7.787133802946246e-08,4.406060747701873e-10,4.980846951874437e-09,8.519381798531827e-11,2.7371078545086364e-10,2.5575574991165695e-10,3.047628815977532e-10,3.341400944129047e-09,3.3931013554422407e-10,3.329447828548382e-11
E2_A3p1,kin6d,FE,40753,0.0,0.0,0.0,0.0,0.0,0.0,0.0,0.0,0.0,0.0,0.0,9.481155360813176e-08,1.2350157475166101e-07,3.54118137035897e-08,1.1309416958482643e-08
E2_A3p1,kin6d,EQDSK_repo,40753,1.9346262555066735e-10,1.4742135407030823e-09,0.0,0.0,4.901038748500114e-08,4.988980909371516e-07,7.303308194289032e-09,7.77187115582511e-08,9.660684750903452e-10,1.3118463225871709e-08,1.4764183209337034e-09,9.519215871112152e-08,1.2351292216772336e-07,3.54118137035897e-08,1.1309416958482643e-08
E2_A3p1,kin6d,EQDSK_libneo,40753,1.9783818039860554e-10,1.5156005212061843e-09,1.2449065623371543e-16,3.437395244656616e-16,4.924696780670878e-08,4.913808060795615e-07,7.338562333070607e-09,7.654766339398413e-08,9.704510966720578e-10,1.30468893544875e-08,1.5178024392881184e-09,9.519663335399997e-08,1.2345548655590122e-07,3.54118137035897e-08,1.1309416958482643e-08
E1_A40,chease_mars,NOUT,4224,1.3291821039617787e-09,2.5992115058710524e-09,8.04064521125831e-11,1.743950584895918e-10,2.72176266240442e-08,8.607893255469167e-08,3.284800051232242e-10,1.4155310611979696e-09,8.038791035581496e-11,1.74384208540246e-10,2.40836883769191e-09,2.3944486393645548e-09,1.954097994527615e-09,4.152972632454066e-09,4.66448324409896e-10
E1_A40,chease_mars,EQDSK_repo,4224,1.3293729605788456e-09,2.5587123935091932e-09,8.040632668069265e-11,1.7437953029233416e-10,2.93510570889505e-08,8.66487053915773e-08,3.527379728700815e-10,1.424842132214094e-09,8.036760148494488e-11,1.7398134682675368e-10,2.313854996494058e-09,2.2999359083897275e-09,1.068365789932968e-08,4.152972632454066e-09,4.66448324409896e-10
E1_A40,chease_mars,EQDSK_libneo,4224,1.3297904185963153e-09,2.5632875256288713e-09,8.302409475336219e-11,2.1482345559609923e-10,2.9669986279034936e-08,8.66584956080023e-08,3.569723747462635e-10,1.4257744607389115e-09,8.298457771653477e-11,2.1478559997386232e-10,2.318429725978177e-09,2.3045105268515442e-09,1.0682255531524465e-08,4.152972632454066e-09,4.66448324409896e-10
E1_A40,chease_mars,NOUT,16640,6.17950191415945e-10,6.410699015283863e-10,8.0404527894939e-11,1.7440568304561021e-10,7.183484838412371e-09,8.798445258312529e-08,1.1631736606355133e-10,1.4466718555752617e-09,8.037394949964174e-11,1.743958122650565e-10,6.336826618991154e-10,5.548244086384102e-10,2.803302034948274e-10,4.152972632454066e-09,4.410802834087235e-10
E1_A40,chease_mars,EQDSK_repo,16640,6.26432484423859e-10,6.461638190530878e-10,8.040456659436629e-11,1.7437609774346666e-10,1.3014503043119671e-08,8.819633766345539e-08,1.7220973740187483e-10,1.4501347439732819e-09,8.039228642454187e-11,1.7436770183312116e-10,6.367336657930878e-10,5.578758566215924e-10,1.0610313140244076e-08,4.152972632454066e-09,4.410802834087235e-10
E1_A40,chease_mars,EQDSK_libneo,16640,6.272679770648812e-10,6.467522706202247e-10,8.302242335035673e-11,2.1482247486785138e-10,1.3623515756026547e-08,8.814897573372667e-08,1.7973675779445944e-10,1.4501199646275167e-09,8.301125428047283e-11,2.1478625370483754e-10,6.373220839961391e-10,5.584643858469462e-10,1.0609375360876028e-08,4.152972632454066e-09,4.410802834087235e-10
E1_A40,chease_mars,NOUT,66048,6.113296810650013e-10,6.418549915799457e-10,8.040468274810984e-11,1.7438639539006911e-10,6.426668218775772e-09,8.78200972276074e-08,1.1008797177140253e-10,1.4439858131459968e-09,8.037421362253689e-11,1.7434318692154962e-10,6.344851311013144e-10,5.556981541587902e-10,2.8077173919172083e-10,4.1529727434763686e-09,4.376431439467865e-10
E1_A40,chease_mars,EQDSK_repo,66048,6.192880637597491e-10,6.442226396199677e-10,8.040452450245669e-11,1.743826359317857e-10,1.2575322311359251e-08,8.70959795723647e-08,1.6768224141860636e-10,1.4321514214293886e-09,8.039389788743519e-11,1.7341194714731874e-10,6.347926628791356e-10,5.560056859366114e-10,1.0615395135832317e-08,4.1529727434763686e-09,4.376431439467865e-10
E1_A40,chease_mars,EQDSK_libneo,66048,6.202130131717812e-10,6.443507002764679e-10,8.302232454339176e-11,2.148223114131434e-10,1.3197149302397173e-08,8.71024521697953e-08,1.7532676847920284e-10,1.4330256125516787e-09,8.301323148074519e-11,2.1478625370483754e-10,6.349206715938749e-10,5.561336946513507e-10,1.0614534787581342e-08,4.1529727434763686e-09,4.376431439467865e-10
E2_A40,chease_mars,NOUT,1088,1.0174700041027178e-07,1.8273145922810988e-07,0.0,0.0,1.0888976877847024e-06,2.3179554225646834e-06,1.2739036609362441e-08,3.749391655941379e-08,2.7927623559938343e-11,1.484557838017846e-10,1.8300505344459594e-07,1.826805189897307e-07,1.5628972138692632e-07,7.72956432193439e-09,3.9866532297594404e-10
E2_A40,chease_mars,EQDSK_repo,1088,1.0174502873087114e-07,1.826796369742868e-07,0.0,0.0,1.0889821610163184e-06,2.3276800024984775e-06,1.2740024863449248e-08,3.765121578314502e-08,2.793762737335558e-11,1.480901730405482e-10,1.8288837355662224e-07,1.8256385431181243e-07,1.561594383803211e-07,7.72956432193439e-09,3.9866532297594404e-10
E2_A40,chease_mars,EQDSK_libneo,1088,1.0174540842378191e-07,1.8267876921610465e-07,1.218046662626531e-16,3.269174214907477e-16,1.0890770759341791e-06,2.3305981905168487e-06,1.2741135275039765e-08,3.7698418717679646e-08,2.79410044016679e-11,1.4808755803286839e-10,1.8288750586181735e-07,1.82562986783541e-07,1.5615519521894328e-07,7.72956432193439e-09,3.9866532297594404e-10
E1_A20,chease_mars,NOUT,1088,4.5391202468365926e-08,9.841929712396962e-08,9.050088442544785e-11,2.5320659525188873e-10,4.748910544007676e-07,1.1106503594783782e-06,1.1102865269879088e-08,3.6100638628305374e-08,1.0940746375678238e-10,5.283774466688649e-10,9.85409340792387e-08,9.870206640893997e-08,8.143222374190628e-08,4.727684244087982e-09,8.697413900193851e-10
E1_A20,chease_mars,EQDSK_repo,1088,4.53878411751505e-08,9.842877142317164e-08,9.051651150744187e-11,2.5345228442755745e-10,4.749006873202124e-07,1.1134028053419973e-06,1.110309059812108e-08,3.61901770931372e-08,1.0946179746017433e-10,5.286351095774099e-10,9.862773830970895e-08,9.878887186065555e-08,8.168077347825431e-08,4.727684244087982e-09,8.697413900193851e-10
E1_A20,chease_mars,EQDSK_libneo,1088,4.5387815618495656e-08,9.842868238315584e-08,9.235384450189475e-11,2.574997825660223e-10,4.749538064076897e-07,1.1192628894040228e-06,1.1104347550781683e-08,3.638064959961725e-08,1.1099245197032216e-10,5.301689841973764e-10,9.862764926982237e-08,9.878878282076897e-08,8.16927926416966e-08,4.727684244087982e-09,8.697413900193851e-10
E2_A10,kin6d,FE,595,2.9215937679374927e-06,5.180816966585595e-06,0.0,0.0,2.914447345055489e-05,0.00016693514589614624,1.362855880631369e-06,1.015592294195232e-05,5.4973769491325804e-08,3.291997989206246e-07,5.225295060529156e-06,5.244358840084118e-06,2.685080127351469e-06,1.172136392879608e-05,1.4364830231983206e-06
E2_A10,kin6d,EQDSK_repo,595,2.922181072727791e-06,5.162642134465877e-06,0.0,0.0,2.864377408593277e-05,0.00018784831970260717,1.3394421423574098e-06,1.142822890550422e-05,5.583845746028477e-08,4.1202479230450604e-07,5.207129536333177e-06,5.511153350123976e-06,2.7846277921295126e-06,1.172136392879608e-05,1.4364830231983206e-06
E2_A10,kin6d,EQDSK_libneo,595,2.9224047487764853e-06,5.1448029619687265e-06,1.2036951669699877e-16,3.0218468252888666e-16,2.9086762689951013e-05,0.00020491135579289442,1.3601572060576752e-06,1.246630197728574e-05,5.6998555703882824e-08,4.803240736443538e-07,5.184674360947383e-06,5.5971671816257285e-06,2.828088177420085e-06,1.172136392879608e-05,1.4364830231983206e-06
E2_A10,kin6d,FE,2440,1.723942003599745e-07,3.458947147962773e-07,0.0,0.0,2.742708722834243e-06,1.994754502422623e-05,1.2825473474808763e-07,1.2135594877857463e-06,5.052448837340935e-09,4.1392721099354e-08,3.350146217107053e-07,3.702317858955695e-07,1.916478876706762e-07,1.2935600611774234e-06,9.191491434634713e-08
E2_A10,kin6d,EQDSK_repo,2440,1.7250127598591436e-07,3.4766437064023684e-07,0.0,0.0,2.5251358970507723e-06,1.637313760285869e-05,1.1808057924009226e-07,9.961013477417374e-07,4.837528137904084e-09,3.9992597046882877e-08,3.454656395396327e-07,3.6377234768902866e-07,1.9264382988826156e-07,1.2935600611774234e-06,9.191491434634713e-08
E2_A10,kin6d,EQDSK_libneo,2440,1.725333675868625e-07,3.510180695641161e-07,1.2036951669699877e-16,3.0218468252888666e-16,2.5700677062446605e-06,1.7680450441990768e-05,1.2018168360525385e-07,1.0756350396073805e-06,4.925151496887592e-09,3.983937151964484e-08,3.5312584623081733e-07,3.580806369196665e-07,1.9368323622703798e-07,1.2935600611774234e-06,9.191491434634713e-08
E2_A10,kin6d,FE,9640,9.716396969915204e-09,2.3933184612163912e-08,0.0,0.0,2.1249544579974892e-07,1.54275620793516e-06,9.936726714479665e-09,9.385748628246032e-08,4.307553917178433e-10,5.240522758847339e-09,2.3741703492063948e-08,2.4589382641160284e-08,1.5921877503932702e-08,1.5172329681512053e-07,6.678512631808076e-09
E2_A10,kin6d,EQDSK_repo,9640,9.721619904166903e-09,2.452442111780743e-08,0.0,0.0,1.9845446785751907e-07,1.4793072493277631e-06,9.280141534073225e-09,8.99974079813653e-08,4.1953127158386364e-10,5.9312276046069825e-09,2.4619071115061786e-08,2.423224498837584e-08,1.5805773710686477e-08,1.5172329681512053e-07,6.678512631808076e-09
E2_A10,kin6d,EQDSK_libneo,9640,9.728812141474611e-09,2.529644446354488e-08,1.2036951669699877e-16,3.0218468252888666e-16,2.031625069249906e-07,1.6182219223895593e-06,9.500299182151223e-09,9.844863439955642e-08,4.303308015719058e-10,6.5219546408740646e-09,2.5390753388698784e-08,2.4620731897684323e-08,1.580880347462621e-08,1.5172329681512053e-07,6.678512631808076e-09
E2_A40,chease_mars,NOUT,4224,5.8727762617104014e-09,1.0761770893711682e-08,0.0,0.0,1.3225393564741282e-07,2.767336316959972e-07,1.5472415331988231e-09,4.476284399168045e-09,1.9803557244329425e-12,2.339402214174793e-11,1.0567257624494175e-08,1.0666115379809327e-08,9.1391445522504e-09,3.96866162155618e-09,2.546591826302347e-10
E2_A40,chease_mars,EQDSK_repo,4224,5.874870373672944e-09,1.079474202665276e-08,0.0,0.0,1.3254954363247928e-07,2.831556566599917e-07,1.5506998571405725e-09,4.5801633891600374e-09,2.1901528987419754e-12,2.352509940169946e-11,1.058050330682292e-08,1.0679360229470802e-08,9.174279780310712e-09,3.96866162155618e-09,2.546591826302347e-10
E2_A40,chease_mars,EQDSK_libneo,4224,5.8755493801674095e-09,1.0800379798517505e-08,1.218046662626531e-16,3.269174214907477e-16,1.326609971549696e-07,2.8318367418627844e-07,1.5520037542093044e-09,4.58061658458501e-09,2.2154135056769205e-12,2.3543894769398243e-11,1.0586140630763907e-08,1.068499710932258e-08,9.177790638581484e-09,3.96866162155618e-09,2.546591826302347e-10
E2_A10,kin6d,FE,40177,0.0,0.0,0.0,0.0,0.0,0.0,0.0,0.0,0.0,0.0,0.0,1.0148838436307983e-09,8.269798804083628e-09,5.975606676145162e-10,8.151710417791946e-10
E2_A10,kin6d,EQDSK_repo,40177,7.300121269522395e-11,6.273946706799414e-10,0.0,0.0,1.1870385294615756e-08,1.5124348381613867e-07,5.550837770863621e-10,9.201280885839973e-09,2.0596471192655745e-11,3.3549264503237134e-10,6.285307829756448e-10,1.1275714806302517e-09,9.45735089546984e-09,5.975606676145162e-10,8.151710417791946e-10
E2_A10,kin6d,EQDSK_libneo,40177,7.617058708020254e-11,5.879287677964576e-10,1.2036951669699877e-16,3.0218468252888666e-16,1.2383848454069294e-08,1.4800489134212924e-07,5.790943768158918e-10,9.00425289973279e-09,2.1185783086275353e-11,3.323518639789244e-10,5.890823384646637e-10,1.133605431746787e-09,9.473184535424561e-09,5.975606676145162e-10,8.151710417791946e-10
E1_A20,chease_mars,NOUT,4224,2.5808504761902004e-09,5.645606649061703e-09,8.515776062434729e-11,1.910553597142876e-10,5.74575906023872e-08,1.3386667336453778e-07,1.345998347735544e-09,4.3512986899705935e-09,8.523610150129125e-11,1.9210776354063308e-10,5.457724994162305e-09,5.425089766308844e-09,4.407645581849806e-09,4.007029152930386e-09,5.45385736572257e-10
E1_A20,chease_mars,EQDSK_repo,4224,2.58688856940116e-09,5.611163289120001e-09,8.516538420968793e-11,1.9110347782781025e-10,6.110181014025428e-08,1.629420983582956e-07,1.4310367073904047e-09,5.296267837206393e-09,8.538878973500138e-11,1.9261337524312408e-10,5.383457457597274e-09,5.350825504901735e-09,2.2363141392520158e-08,4.007029152930386e-09,5.45385736572257e-10
E1_A20,chease_mars,EQDSK_libneo,4224,2.587451510980884e-09,5.610464296378875e-09,8.711773946867635e-11,2.0136904715281725e-10,6.155085644658883e-08,1.6685473870291124e-07,1.4416331158023158e-09,5.423443368924187e-09,8.735526935387169e-11,2.030398051635e-10,5.382758516692121e-09,5.3501266195077335e-09,2.2352825500282503e-08,4.007029152930386e-09,5.45385736572257e-10
E1_A3p1,chease_mars,NOUT,1088,1.0411274874401835e-06,2.8984179680055138e-06,3.014743114609572e-08,1.164290152549654e-07,1.0462648598156317e-05,2.2982930017308537e-05,1.5104153866728958e-06,4.29522888499213e-06,7.088909404405665e-08,4.7399234200014013e-07,2.8965816928350208e-06,2.9003822699102955e-06,2.0435365886140033e-06,2.2293330770306596e-07,1.246816305755516e-08
E1_A3p1,chease_mars,EQDSK_repo,1088,1.0411266974964583e-06,2.898425734264874e-06,3.0147429636641775e-08,1.1643032940754029e-07,1.0462539585921121e-05,2.2982724295627697e-05,1.510399655490264e-06,4.295190438776399e-06,7.08839318063091e-08,4.7399082741512387e-07,2.8966144292041918e-06,2.9004151038680703e-06,2.0435986678446483e-06,2.2293330770306596e-07,1.246816305755516e-08
E1_A3p1,chease_mars,EQDSK_libneo,1088,1.0411287191784673e-06,2.8984329018569863e-06,3.0147527442166125e-08,1.1643167349473302e-07,1.0462825781015773e-05,2.2981761521568443e-05,1.5104409571591992e-06,4.295010552572384e-06,7.088544245359102e-08,4.739869062629418e-07,2.8966215959158603e-06,2.900422291896021e-06,2.0435885271785637e-06,2.2293330770306596e-07,1.246816305755516e-08
E2_A40,chease_mars,NOUT,16640,7.183831293913658e-10,1.0166995524730255e-09,0.0,0.0,1.7334561727928202e-08,1.1688929627115811e-07,2.0279739679545744e-10,1.890734169611539e-09,1.0228139383502445e-12,2.516895860443321e-11,8.258070338662549e-10,8.719249211530666e-10,6.954413156456951e-10,4.11654643706072e-09,3.386145808192964e-10
E2_A40,chease_mars,EQDSK_repo,16640,7.226486238223398e-10,1.0643972373120692e-09,0.0,0.0,2.0424963275623307e-08,1.1694709527843984e-07,2.389520685294122e-10,1.8916690931804485e-09,1.396327741040171e-12,2.5089527746158342e-11,8.371765503056849e-10,8.838669796062959e-10,3.480276490608336e-09,4.11654643706072e-09,3.386145808192964e-10
E2_A40,chease_mars,EQDSK_libneo,16640,7.235709839649022e-10,1.0685997794811872e-09,1.218046662626531e-16,3.269174214907477e-16,2.0876799570366252e-08,1.1697739450647723e-07,2.442381107028622e-10,1.8921591961033978e-09,1.4374661456432445e-12,2.5085114920698626e-11,8.388557626304305e-10,8.855463029533439e-10,3.465273618399878e-09,4.11654643706072e-09,3.386145808192964e-10
E1_A3p1,chease_mars,NOUT,4224,4.79959538177521e-08,1.2105506290184798e-07,1.3697986580051725e-09,4.777094739782338e-09,1.1638807716076174e-06,2.641428090810155e-06,1.6799357360615674e-07,4.936365064975023e-07,3.2942952501039102e-09,1.9728367655895325e-08,1.2107119728987925e-07,1.1929985910263952e-07,8.517968386190233e-08,2.1007091177693837e-08,4.14996292885661e-09
E1_A3p1,chease_mars,EQDSK_repo,4224,4.79923204754279e-08,1.2101352448321374e-07,1.369709743089105e-09,4.775110485933627e-09,1.1629532557505843e-06,2.6443032507847057e-06,1.678597047544161e-07,4.941738235485596e-07,3.2995325546213035e-09,1.9760881623061047e-08,1.2102176605299775e-07,1.1925028042814034e-07,8.52210523261121e-08,2.1007091177693837e-08,4.14996292885661e-09
E1_A3p1,chease_mars,EQDSK_libneo,4224,4.799604193506206e-08,1.2101861708424991e-07,1.3699193172627603e-09,4.77633095000986e-09,1.1634666692152898e-06,2.6457687561420575e-06,1.6793380727001223e-07,4.944477010817534e-07,3.299969598525455e-09,1.9698223777450812e-08,1.210268579798779e-07,1.1925538756507592e-07,8.521814542916673e-08,2.1007091177693837e-08,4.14996292885661e-09
E1_A20,chease_mars,NOUT,16640,6.342824010216138e-10,6.899655225551179e-10,8.515556331652874e-11,1.9176151692995802e-10,9.52917653432441e-09,1.0384300457138508e-07,2.384947971850574e-10,3.375320705106072e-09,8.518733436451679e-11,1.9167890926825252e-10,6.717427725178027e-10,6.28041618710995e-10,3.7383240947264085e-10,3.9874480384227695e-09,4.505105177798896e-10
E1_A20,chease_mars,EQDSK_repo,16640,6.522774186797652e-10,8.824576087267993e-10,8.516581322012783e-11,1.918008718108855e-10,2.2201254740227717e-08,1.0370765694034292e-07,5.259809241093596e-10,3.3709213787377374e-09,8.527569923076312e-11,1.9033438025907723e-10,6.689778730972762e-10,6.302857125106698e-10,2.2018529421616306e-08,3.9874480384227695e-09,4.505105177798896e-10
E1_A20,chease_mars,EQDSK_libneo,16640,6.543887199739346e-10,9.171501825970253e-10,8.711768558783232e-11,2.0196654028430735e-10,2.333967531533275e-08,1.0362657080968594e-07,5.525660961265414e-10,3.3682826818880995e-09,8.723306341775704e-11,2.002733527239177e-10,6.672896679660312e-10,6.649718553575212e-10,2.197785364983773e-08,3.9874480384227695e-09,4.505105177798896e-10
E1_A3p1,chease_mars,NOUT,16640,2.9509735619889938e-09,7.486785821792109e-09,1.1526677950844211e-10,3.8840075269024716e-10,1.391077148956525e-07,3.2851406487965747e-07,2.007836119631126e-08,6.139350770665711e-08,3.9318085853080955e-10,5.041154465878285e-09,7.335276164255333e-09,1.0503680647477864e-08,1.1008836113546305e-08,4.231879735527855e-09,1.464079191215717e-09
E1_A3p1,chease_mars,EQDSK_repo,16640,2.947403526058733e-09,7.491738611273196e-09,1.1497746545227831e-10,3.8823279891828855e-10,1.380707688802492e-07,3.318453878487681e-07,1.992869494743729e-08,6.201607315548636e-08,3.952556329204468e-10,4.849668447685506e-09,7.316597550044435e-09,1.048503195377748e-08,1.104915080957225e-08,4.231879735527855e-09,1.464079191215717e-09
E1_A3p1,chease_mars,EQDSK_libneo,16640,2.951405800558759e-09,7.486848375738105e-09,1.1647898919312387e-10,3.9795206661842907e-10,1.3863874012548585e-07,3.325751814343613e-07,2.0010679944085883e-08,6.215245839706798e-08,3.9749894912182505e-10,4.8553557177889214e-09,7.3117079057993806e-09,1.04801501921159e-08,1.1084517283210804e-08,4.231879735527855e-09,1.464079191215717e-09
E2_A40,chease_mars,NOUT,66048,6.115026027256843e-10,6.837277547131143e-10,0.0,0.0,6.846532111136343e-09,1.1616794988717991e-07,8.009772101581159e-11,1.879066084510321e-09,1.0131195666375061e-12,2.4758402398699745e-11,6.754583559143157e-10,6.237501626316089e-10,3.175055773851909e-10,4.116542995369343e-09,3.9239334004292914e-10
E2_A40,chease_mars,EQDSK_repo,66048,6.179835602406682e-10,6.848200178422022e-10,0.0,0.0,1.2822171733017514e-08,1.1575620105176815e-07,1.500068527565268e-10,1.8724058716658125e-09,1.3785259133665846e-12,2.463484328582773e-11,6.754568016020812e-10,6.296795307392244e-10,3.3392169428853036e-09,4.116542995369343e-09,3.9239334004292914e-10
E2_A40,chease_mars,EQDSK_libneo,66048,6.186518083604619e-10,6.851685115959939e-10,1.218046662626531e-16,3.269174214907477e-16,1.3451977590473903e-08,1.1573530304276939e-07,1.573749645313821e-10,1.872067837466356e-09,1.4228049090651305e-12,2.460885664700941e-11,6.758051895872086e-10,6.300223676092287e-10,3.3243319902398483e-09,4.116542995369343e-09,3.9239334004292914e-10
E1_A20,chease_mars,NOUT,66048,6.103266902648424e-10,6.721258668547632e-10,8.515754075967833e-11,1.9166384671939712e-10,6.615712728170065e-09,1.0332790180029283e-07,1.765512533261141e-10,3.358577882492059e-09,8.51915248563216e-11,1.9133891525728614e-10,6.640348271247376e-10,6.208074054825374e-10,3.140002702295419e-10,4.007004394956937e-09,4.3600922872144565e-10
E1_A20,chease_mars,EQDSK_repo,66048,6.306863091330794e-10,7.150210886545035e-10,8.516351629081311e-11,1.916866311241446e-10,2.101177511076993e-08,1.0314448446074427e-07,4.985587222099314e-10,3.352616104878501e-09,8.536195533166877e-11,1.9112663796613006e-10,6.657270290588713e-10,6.225003845727883e-10,1.834105113965312e-08,4.007004394956937e-09,4.3600922872144565e-10
E1_A20,chease_mars,EQDSK_libneo,66048,6.327747767266177e-10,7.527647343609547e-10,8.711500271160695e-11,2.0184959096203702e-10,2.225300188347981e-08,1.0317702795513335e-07,5.27493031107892e-10,3.353670800327156e-09,8.732593607049398e-11,2.0119858232753117e-10,6.66774968571815e-10,6.235489902195468e-10,1.830838905828025e-08,4.007004394956937e-09,4.3600922872144565e-10
E1_A3p1,chease_mars,NOUT,66048,6.419011853157253e-10,8.854549716379176e-10,8.024006328713581e-11,1.6846243195372663e-10,2.504884113599671e-08,1.8040507750485164e-07,3.6162827801080383e-09,3.371458044305817e-08,3.181597322846533e-10,3.849575749567521e-09,8.043077315278424e-10,4.398786446202507e-09,3.1359936869534977e-09,3.5375632423395587e-09,6.506621907931276e-10
E1_A3p1,chease_mars,EQDSK_repo,66048,6.456203881811789e-10,8.738935827536358e-10,8.011816022697298e-11,1.6786511064774034e-10,2.53214354983318e-08,1.8085152849764612e-07,3.6556155401484634e-09,3.379801429739951e-08,3.33432173212585e-10,3.900359805367216e-09,8.102690740585672e-10,4.354031579723028e-09,3.94507065210048e-09,3.5375632423395587e-09,6.506621907931276e-10
E1_A3p1,chease_mars,EQDSK_libneo,66048,6.449413470378399e-10,8.783756648822204e-10,8.225737830214272e-11,1.7562548894636317e-10,2.5641102358304784e-08,1.8074638033406058e-07,3.7017897085718545e-09,3.3778367708522236e-08,3.3491504618543297e-10,3.879518266998307e-09,8.147506003197691e-10,4.3611155797762535e-09,3.918427075866315e-09,3.5375632423395587e-09,6.506621907931276e-10
E1_A40,chease_public,NOUT,1088,2.051474758214262e-08,3.911102440559306e-08,8.042840770807535e-11,1.7679473705737842e-10,2.1777320339744318e-07,4.701162071340486e-07,2.549551873890603e-09,7.70680442039656e-09,8.065259771518671e-11,1.805276453800738e-10,3.929523789691913e-08,3.935034204038956e-08,3.303653051123234e-08,3.6280634052587857e-09,3.141533699846377e-10
E1_A40,chease_public,EQDSK_repo,1088,2.0371966556488806e-08,3.661471376318166e-08,8.042741851151096e-11,1.7601685610212356e-10,2.1779094122079956e-07,4.7582537806698226e-07,2.5497592993656797e-09,7.800352923728541e-09,8.062408824237714e-11,1.808045004480884e-10,3.673423398797837e-08,3.678938714779534e-08,3.095233658267915e-08,3.6280634052587857e-09,3.141533699846377e-10
E1_A40,chease_public,EQDSK_libneo,1088,2.0372534667493435e-08,3.66192614263595e-08,8.304461329334407e-11,2.1483506088036548e-10,2.1869983952320682e-07,4.7616676244317877e-07,2.5604730815479668e-09,7.805994671123908e-09,8.32573657041972e-11,2.1477514027825846e-10,3.673878123944263e-08,3.6793934232726144e-08,3.095921929929801e-08,3.6280634052587857e-09,3.141533699846377e-10
E1_A40,chease_public,NOUT,4224,1.329281746641634e-09,2.596458071462769e-09,8.040647410788317e-11,1.7439603921783965e-10,2.7215789833445688e-08,8.611058800375065e-08,3.2845917104204997e-10,1.4160484411939893e-09,8.038798304562943e-11,1.7438567943494028e-10,2.4055077374462996e-09,2.3915874836077933e-09,1.9529097228243586e-09,4.152972632454066e-09,4.66448324409896e-10
E1_A40,chease_public,EQDSK_repo,4224,3.4529044436833164e-09,5.253724940655003e-09,8.040859577148837e-11,1.7501880165522587e-10,2.9192872227009155e-08,8.497466121388476e-08,3.509364635409105e-10,1.3974047334311511e-09,8.040836627104476e-11,1.734176672933521e-10,5.052693152762799e-09,5.0456525624298365e-09,4.794870108598692e-09,4.152972632454066e-09,4.66448324409896e-10
E1_A40,chease_public,EQDSK_libneo,4224,3.4551357425309086e-09,5.256958182264659e-09,8.302538278954178e-11,2.1481528286070044e-10,3.451772953243701e-08,4.875162974613343e-07,4.123544607021033e-10,7.9921013867945e-09,8.305422602798618e-11,2.1480243354647475e-10,5.055926122210508e-09,5.048885531877545e-09,4.883001364364148e-09,4.152972632454066e-09,4.66448324409896e-10
E1_A40,chease_public,NOUT,16640,6.185198912656548e-10,6.409437569532087e-10,8.040450274686463e-11,1.7440388504382248e-10,7.187310253843737e-09,8.813996759089323e-08,1.1634970141713055e-10,1.4492135554747814e-09,8.037384118674028e-11,1.743909092827422e-10,6.335578728311475e-10,5.54681300890536e-10,2.802579279759243e-10,4.152972632454066e-09,4.419646870701399e-10
E1_A40,chease_public,EQDSK_repo,16640,4.63725300026976e-09,5.726094972009844e-09,8.040670075388558e-11,1.7346777993124747e-10,1.3271436853949693e-08,9.020431666435842e-08,1.74875102619526e-10,1.4830594747865019e-09,8.03783747706352e-11,1.731841219024472e-10,5.713284401132057e-09,5.6646706214635856e-09,8.88471353779896e-09,4.152972632454066e-09,4.419646870701399e-10
E1_A40,chease_public,EQDSK_libneo,16640,4.6391019786036835e-09,5.75119051245666e-09,8.302542274160802e-11,2.148401279763127e-10,2.2577132522288274e-08,4.73205036929226e-07,2.769245997199397e-10,7.75750406809484e-09,8.30357662579791e-11,2.147821678862423e-10,5.738377661934635e-09,5.688353343913377e-09,9.043561984348192e-09,4.152972632454066e-09,4.419646870701399e-10
E1_A40,chease_public,NOUT,66048,6.118153626686536e-10,6.418970048564119e-10,8.040469080229019e-11,1.7438688575419305e-10,6.42976827408919e-09,8.791653400283564e-08,1.1011276087470112e-10,1.4455619726242905e-09,8.037424277486229e-11,1.743444943835001e-10,6.345117764539054e-10,5.557980742310065e-10,2.8082225433934127e-10,4.1529727434763686e-09,4.341049741896086e-10
E1_A40,chease_public,EQDSK_repo,66048,1.240911327483859e-09,1.5852638708420354e-09,8.040454630814629e-11,1.7415118406529254e-10,1.2554970995605884e-08,8.854872449524301e-08,1.6747330777839561e-10,1.4559143341140759e-09,8.035709871212873e-11,1.747919732360526e-10,1.574877894761073e-09,1.5115314555558257e-09,9.58533803545325e-09,4.1529727434763686e-09,4.341049741896086e-10
E1_A40,chease_public,EQDSK_libneo,66048,1.2473875661995068e-09,4.063404004943719e-09,8.302246569106671e-11,2.148262343261348e-10,2.21495142354192e-08,4.6961755037354836e-07,2.721541883677491e-10,7.69869588880388e-09,8.301296912552194e-11,2.1486257679619694e-10,4.053665403347395e-09,3.975425322266801e-09,9.616973028689357e-09,4.1529727434763686e-09,4.341049741896086e-10
E1_A20,chease_public,NOUT,1088,4.539338934516762e-08,9.843542669421497e-08,9.05014741826245e-11,2.5322236907056005e-10,4.7492229726587696e-07,1.1107599183971137e-06,1.1103595678603829e-08,3.610419973593408e-08,1.0940965816668012e-10,5.284387570642851e-10,9.85571921852113e-08,9.872036932367934e-08,8.145368646239604e-08,5.370440314678149e-09,8.57926840680534e-10
E1_A20,chease_public,EQDSK_repo,1088,4.535671084459533e-08,9.824379769932595e-08,9.051459569678547e-11,2.531557685028366e-10,4.7476460282783427e-07,1.1171183278503067e-06,1.109990916350988e-08,3.6310894523910074e-08,1.0949954454440323e-10,5.284556373289982e-10,9.844277737425244e-08,9.860595284738594e-08,8.13469821503432e-08,5.370440314678149e-09,8.57926840680534e-10
E1_A20,chease_public,EQDSK_libneo,1088,4.5357471329002964e-08,9.824512234330757e-08,9.235177415455646e-11,2.569617200846777e-10,4.750785897444567e-07,1.121110256391154e-06,1.1107264747294101e-08,3.644054487065536e-08,1.1185287223380565e-10,5.329773188031807e-10,9.844410198134312e-08,9.860727745447662e-08,8.133650430952599e-08,5.370440314678149e-09,8.57926840680534e-10
E1_A20,chease_public,NOUT,4224,2.5808713478594258e-09,5.645080585276884e-09,8.515770510479666e-11,1.9105010177473046e-10,5.7454641695677095e-08,1.3378841064620632e-07,1.345929539669004e-09,4.348754902526717e-09,8.523603889773679e-11,1.920975716826931e-10,5.457096052818855e-09,5.423233306878217e-09,4.409634213331515e-09,4.007029152930386e-09,5.427809313118814e-10
E1_A20,chease_public,EQDSK_repo,4224,3.3279096823161493e-09,6.291519930410648e-09,8.515913994169138e-11,1.9228141562010528e-10,5.982521292642648e-08,1.568932259859259e-07,1.4012447084219703e-09,5.099755162997896e-09,8.541011083064433e-11,1.8982367262761623e-10,6.485528114552608e-09,6.515426309583461e-09,6.455476313227404e-09,4.007029152930386e-09,5.427809313118814e-10
E1_A20,chease_public,EQDSK_libneo,4224,3.330694200979843e-09,6.291321654893367e-09,8.711123365599435e-11,2.025407710165448e-10,6.274470165338155e-08,4.85815565224534e-07,1.4694936708377731e-09,1.5790958282659132e-08,8.852693191049735e-11,4.903259858021837e-10,6.48532982872041e-09,6.515228023751263e-09,6.660608599384776e-09,4.007029152930386e-09,5.427809313118814e-10
E1_A20,chease_public,NOUT,16640,6.349547826494874e-10,6.946305162204579e-10,8.515559038405505e-11,1.9176518155449784e-10,9.535354095382495e-09,1.0398376450282221e-07,2.3862972324322445e-10,3.3798959472863945e-09,8.518752227643459e-11,1.9169133059511687e-10,6.740337177291167e-10,6.306000166489412e-10,3.7541403319352185e-10,4.007004283934634e-09,4.453081237087986e-10
E1_A20,chease_public,EQDSK_repo,16640,1.515988921355763e-09,2.0402032299027043e-09,8.518389441772689e-11,1.9063631786473587e-10,2.1241256633600097e-08,1.0379283525486166e-07,5.038492454342519e-10,3.3736889533496222e-09,8.536654689319704e-11,1.9000203014156582e-10,2.030237089556408e-09,1.9907006043595743e-09,5.353387101669771e-09,4.007004283934634e-09,4.453081237087986e-10
E1_A20,chease_public,EQDSK_libneo,16640,1.522575160927863e-09,3.715363783735129e-09,8.713626746920115e-11,2.0080310165866983e-10,2.8385829447233954e-08,4.676928112989332e-07,6.693264510560684e-10,1.5201896473929684e-08,8.846684169522859e-11,4.714040052977165e-10,3.7063551117100246e-09,3.6535154901429223e-09,5.766468788581669e-09,4.007004283934634e-09,4.453081237087986e-10
E1_A20,chease_public,NOUT,66048,6.105472546738406e-10,6.723946426049408e-10,8.515750428274305e-11,1.9166257206738327e-10,6.621445418326865e-09,1.0344936033684311e-07,1.7666866096342377e-10,3.362525756927464e-09,8.519146839211902e-11,1.913360487972405e-10,6.643059435873511e-10,6.211603453820658e-10,3.1417879409190164e-10,4.007004617001542e-09,4.3242454061953595e-10
E1_A20,chease_public,EQDSK_repo,66048,2.485175298603965e-09,3.28047464229432e-09,8.518982615501937e-11,1.8953103523723002e-10,2.0309935023229723e-08,1.0352129361971651e-07,4.82404187785592e-10,3.3648626902312604e-09,8.538300700460876e-11,1.917387864336499e-10,3.270422266332673e-09,3.2318714371371016e-09,1.2333222401683663e-08,4.007004617001542e-09,4.3242454061953595e-10
E1_A20,chease_public,EQDSK_libneo,66048,2.488780307324865e-09,3.817666101394371e-09,8.714273875651066e-11,1.9969495106413282e-10,2.7694826933701793e-08,4.661108176593993e-07,6.533131300611516e-10,1.5150475549417614e-08,8.851202890920845e-11,4.69557368037217e-10,3.808650284042869e-09,3.756134736576655e-09,1.2533328940661503e-08,4.007004617001542e-09,4.3242454061953595e-10
E2_A40,chease_public,NOUT,1088,1.0174943933945545e-07,1.827523543253147e-07,0.0,0.0,1.0889504861559265e-06,2.3181364521282073e-06,1.2739654298601278e-08,3.749684478973413e-08,2.7928209227045324e-11,1.4848863483576245e-10,1.8302619897436756e-07,1.826927075176954e-07,1.562985801895067e-07,8.239754878403005e-09,3.9166048182437407e-10
E2_A40,chease_public,EQDSK_repo,1088,1.0127539683647326e-07,1.7909168255565002e-07,0.0,0.0,1.0885043123627957e-06,2.3167838788013793e-06,1.2734434502151534e-08,3.747496633988868e-08,2.797154557292361e-11,1.490341908129672e-10,1.7930071005700654e-07,1.7896770310166232e-07,1.5357107541191795e-07,8.239754878403005e-09,3.9166048182437407e-10
E2_A40,chease_public,EQDSK_libneo,1088,1.0127581456460638e-07,1.7909164888169588e-07,1.218046662626531e-16,3.269174214907477e-16,1.0886883884834558e-06,2.317547310930811e-06,1.2736588012500858e-08,3.748731517985386e-08,2.813864691168037e-11,1.4971719813134305e-10,1.7930067636173774e-07,1.7896766940639353e-07,1.5356366922514297e-07,8.239754878403005e-09,3.9166048182437407e-10
E2_A20,chease_public,NOUT,1088,2.2107951744078026e-07,4.173954833181096e-07,0.0,0.0,2.3602618368161884e-06,5.300595856987181e-06,5.523119058220218e-08,1.6825406234639114e-07,2.405097103210689e-10,1.2780811161726781e-09,4.17945461350655e-07,4.166690602547263e-07,3.562512166377374e-07,2.9806434764800827e-08,2.0407471268413246e-09
E2_A20,chease_public,EQDSK_repo,1088,2.2090767924411985e-07,4.164101499483556e-07,0.0,0.0,2.358520030582241e-06,5.2965664003710745e-06,5.519043153142069e-08,1.681261573970231e-07,2.406009668607795e-10,1.2785311868490662e-09,4.1703502501322376e-07,4.1561762498254495e-07,3.5576359758149323e-07,2.9806434764800827e-08,2.0407471268413246e-09
E2_A20,chease_public,EQDSK_libneo,1088,2.2090797677443632e-07,4.1641459717797386e-07,1.2135144879351004e-16,3.186731751701274e-16,2.358638752400264e-06,5.29833305515762e-06,5.519320967546183e-08,1.681822354027077e-07,2.4067390460488946e-10,1.2808380777717415e-09,4.1703947206706005e-07,4.156170878011345e-07,3.5578827783933065e-07,2.9806434764800827e-08,2.0407471268413246e-09
E2_A20,chease_public,NOUT,4224,1.2327555528371817e-08,2.29471137614445e-08,0.0,0.0,2.830287536864388e-07,6.259386319275778e-07,6.623000377019715e-09,1.9868845020985752e-08,1.4934216478042624e-11,1.1624086523026499e-10,2.2739977012520285e-08,2.3151961903167262e-08,2.0102545739142386e-08,3.277473625828975e-09,2.3715873709306834e-10
E2_A20,chease_public,EQDSK_repo,4224,1.2343354962114376e-08,2.2346002521007366e-08,0.0,0.0,2.8088970478841293e-07,6.265750731871736e-07,6.572945668890009e-09,1.9889047245464095e-08,1.578668201824966e-11,1.1618432768952976e-10,2.2084647666176238e-08,2.2496756235668158e-08,1.9637061643429377e-08,3.277473625828975e-09,2.3715873709306834e-10
E2_A20,chease_public,EQDSK_libneo,4224,1.2344895544966885e-08,2.2353574671944374e-08,1.2135144879351004e-16,3.186731751701274e-16,2.8166806421029835e-07,6.264348755480991e-07,6.591159630112888e-09,1.9884597024594197e-08,2.1124964038458447e-11,5.365156206081004e-10,2.2092219442715333e-08,2.250432651340617e-08,1.9655625682624134e-08,3.277473625828975e-09,2.3715873709306834e-10
E2_A40,chease_public,NOUT,4224,5.872692920965487e-09,1.076313223686717e-08,0.0,0.0,1.3225662802584323e-07,2.768523343844708e-07,1.5472730313898616e-09,4.478204465729155e-09,1.9805852381724577e-12,2.3392224323968047e-11,1.056844944891111e-08,1.0671433792186491e-08,9.144084878176528e-09,4.116536223008893e-09,2.468965032420556e-10
E2_A40,chease_public,EQDSK_repo,4224,6.943926485891804e-09,1.3820422653747968e-08,0.0,0.0,1.3196029168491732e-07,2.8718886623582036e-07,1.543806186397822e-09,4.645402272458075e-09,2.228814956741957e-12,2.3693930835028545e-11,1.3605938598004741e-08,1.3708703949788514e-08,1.1284053913485081e-08,4.116536223008893e-09,2.468965032420556e-10
E2_A40,chease_public,EQDSK_libneo,4224,6.9452022631997225e-09,1.3839389917078596e-08,1.218046662626531e-16,3.269174214907477e-16,1.333052650223353e-07,4.964091433908701e-07,1.5595410573376683e-09,8.029629396856089e-09,4.119488266733514e-12,1.3042595960126994e-10,1.3624904315889808e-08,1.3727668335405951e-08,1.1286179657510331e-08,4.116536223008893e-09,2.468965032420556e-10
E2_A40,chease_public,NOUT,16640,7.187993207784741e-10,1.0163947704949508e-09,0.0,0.0,1.7337561792138825e-08,1.169935686405405e-07,2.0283249460881335e-10,1.892420819613095e-09,1.0225956321209957e-12,2.5168795166453216e-11,8.255357508701877e-10,8.716537491793019e-10,6.948266961792626e-10,4.11654643706072e-09,3.386145808192964e-10
E2_A40,chease_public,EQDSK_repo,16640,4.8406223779889106e-09,5.783351755077647e-09,0.0,0.0,2.0145566539701102e-08,1.1525775521943541e-07,2.356834003272688e-10,1.8643432979575596e-09,1.457684096062418e-12,2.4534982680054183e-11,5.79324532790082e-09,5.858864837726685e-09,5.601381357009383e-09,4.11654643706072e-09,3.386145808192964e-10
E2_A40,chease_public,EQDSK_libneo,16640,4.8422124254382915e-09,5.762105272817759e-09,1.218046662626531e-16,3.269174214907477e-16,2.7223302415922594e-08,4.790003291698889e-07,3.1848597898095416e-10,7.748034409547142e-09,3.732739017623084e-12,1.2566452093023768e-10,5.772000544190803e-09,5.837597072400058e-09,5.840783521768311e-09,4.11654643706072e-09,3.386145808192964e-10
E2_A20,chease_public,NOUT,16640,9.887416848880746e-10,1.8071982138769856e-09,0.0,0.0,3.549631433006777e-08,1.4791673262615902e-07,8.306297509662302e-10,4.695244048940216e-09,5.2279734078952805e-12,1.2644501539924328e-10,1.618241596279546e-09,1.7582498235135802e-09,1.95818168624573e-09,2.585585412440139e-09,3.1600833061418143e-10
E2_A20,chease_public,EQDSK_repo,16640,1.0875078314033578e-09,2.0657808786710806e-09,0.0,0.0,3.865297644786064e-08,1.4814414101030039e-07,9.044970670037657e-10,4.702462555213049e-09,7.1685186287102975e-12,1.2690575654106583e-10,1.8022116021754186e-09,1.9421746433323506e-09,1.9274851431085038e-08,2.585585412440139e-09,3.1600833061418143e-10
E2_A20,chease_public,EQDSK_libneo,16640,1.097153102913234e-09,4.0743786266189605e-09,1.2135144879351004e-16,3.186731751701274e-16,4.3133728886046e-08,4.896530821304122e-07,1.0093486932110208e-09,1.5542803569955737e-08,1.537342330666351e-11,5.079869368137844e-10,4.063798630937754e-09,4.033441025619311e-09,1.9811344425212096e-08,2.585585412440139e-09,3.1600833061418143e-10
E1_A10,chease_public,NOUT,1088,1.1970433792027594e-07,2.859661804854644e-07,3.281944541458894e-10,1.3167963196409676e-09,1.2144870242065493e-06,2.9366468574435272e-06,5.660005884790867e-08,1.8782351202334354e-07,7.369346258012856e-10,4.267856661569572e-09,2.859372967289886e-07,2.8668561924405367e-07,2.2777999530987358e-07,2.1587202692074925e-08,1.7353466441605292e-09
E1_A10,chease_public,EQDSK_repo,1088,1.195899629866665e-07,2.8490080783791546e-07,3.2785264817976396e-10,1.3122116975310194e-09,1.2136529926382561e-06,2.940451757975052e-06,5.6561188894708296e-08,1.8806681482395323e-07,7.363895334300002e-10,4.263577040094991e-09,2.8487150549594276e-07,2.8561974774188315e-07,2.270381734836846e-07,2.1587202692074925e-08,1.7353466441605292e-09
E1_A10,chease_public,EQDSK_libneo,1088,1.1959058177088285e-07,2.8490461523317523e-07,3.283933021187236e-10,1.3142258070630928e-09,1.2136306759681012e-06,2.940859635751246e-06,5.6560152011242497e-08,1.8809290174249905e-07,7.366021623822875e-10,4.257444966388388e-09,2.848753125617165e-07,2.856235551407238e-07,2.2703440993865343e-07,2.1587202692074925e-08,1.7353466441605292e-09
E2_A40,chease_public,NOUT,66048,6.118617130327274e-10,6.848037019123623e-10,0.0,0.0,6.8501915469768815e-09,1.1626293418491441e-07,8.014053283152686e-11,1.880602495995651e-09,1.0131641473482775e-12,2.4757421770819806e-11,6.765418225640474e-10,6.233560334578669e-10,3.1728775162775946e-10,4.116542995369343e-09,3.924437441682471e-10
E2_A40,chease_public,EQDSK_repo,66048,1.6713965406477053e-09,2.2119860242876448e-09,0.0,0.0,1.2640364432270436e-08,1.1584706199682759e-07,1.478798853783719e-10,1.8738755861648074e-09,1.392308084386586e-12,2.4670963079405394e-11,2.2016526379786683e-09,2.1557658991255835e-09,6.5878965060939265e-09,4.116542995369343e-09,3.924437441682471e-10
E2_A40,chease_public,EQDSK_libneo,66048,1.6764911880581433e-09,3.6552502528324594e-09,1.218046662626531e-16,3.269174214907477e-16,2.2229513669469114e-08,4.795545688257664e-07,2.6006354097402764e-10,7.75699947212302e-09,3.7065846291743916e-12,1.2595396959279898e-10,3.6466277775204503e-09,3.5726767100285883e-09,6.715901794754342e-09,4.116542995369343e-09,3.924437441682471e-10
E2_A3p1,chease_public,NOUT,1088,6.354740625416519e-06,1.1584707506411938e-05,0.0,0.0,4.960792231874639e-05,9.56394602034848e-05,7.392350156036433e-06,1.4898785455721128e-05,3.5013255098353523e-07,1.4480578623769932e-06,1.1570281138906235e-05,1.1483088543040587e-05,9.732072457413476e-06,2.302568293144347e-06,7.023558601382263e-08
E2_A3p1,chease_public,EQDSK_repo,1088,6.3544217954057526e-06,1.1584421830154638e-05,0.0,0.0,4.957678873352329e-05,9.564092915507276e-05,7.387710768760684e-06,1.489901429007995e-05,3.501370110237892e-07,1.4480432866482674e-06,1.1569998259408631e-05,1.148284185414905e-05,9.731680055524716e-06,2.302568293144347e-06,7.023558601382263e-08
E2_A3p1,chease_public,EQDSK_libneo,1088,6.354436503085745e-06,1.1584446138716964e-05,1.2449065623371543e-16,3.437395244656616e-16,4.957924291227379e-05,9.5642816104909e-05,7.3880764794742406e-06,1.4899308240513338e-05,3.501598396484212e-07,1.4480924450298176e-06,1.1570022566298466e-05,1.1482853983280084e-05,9.731685452485372e-06,2.302568293144347e-06,7.023558601382263e-08
E1_A10,chease_public,NOUT,4224,6.198483331441033e-09,1.4293959428210327e-08,8.289564396631843e-11,2.0061948007212933e-10,1.4245460234957762e-07,3.5188116642826393e-07,6.639371695016295e-09,2.250585429708764e-08,9.000027386275365e-11,3.1939113881461165e-10,1.4116482038861733e-08,1.394115389796724e-08,1.1457778503753957e-08,4.635949402143069e-09,6.924959494725158e-10
E1_A10,chease_public,EQDSK_repo,4224,6.358500324421062e-09,1.5353973595220135e-08,8.297569867130514e-11,2.0502885712828177e-10,1.4175737817314482e-07,3.564041463325258e-07,6.6068822863388886e-09,2.2795148292913222e-08,9.089426868588801e-11,4.189358338639808e-10,1.5200396774606162e-08,1.502489277438457e-08,1.1966418633768683e-08,4.635949402143069e-09,6.924959494725158e-10
E1_A10,chease_public,EQDSK_libneo,4224,6.359983286873003e-09,1.5356794821274937e-08,8.512036154587708e-11,2.0959414185298353e-10,1.4298098054399705e-07,5.126550986277435e-07,6.6639287424878465e-09,3.278864808927701e-08,1.0880587856895279e-10,2.1796260221485895e-09,1.5203217740289432e-08,1.5027713240467477e-08,1.196641896683559e-08,4.635949402143069e-09,6.924959494725158e-10
E2_A3p1,chease_public,NOUT,4224,2.840327392153524e-07,5.474736302651942e-07,0.0,0.0,5.430038448644794e-06,1.03645921000023e-05,8.091599828593174e-07,1.6146037807558618e-06,1.88314121858808e-08,6.952528448800559e-08,5.485090459611541e-07,5.543219179227066e-07,4.976285954971793e-07,1.4375126611287925e-07,1.9731652978194347e-08
E2_A3p1,chease_public,EQDSK_repo,4224,2.8362172394984856e-07,5.470558923595116e-07,0.0,0.0,5.389368999369981e-06,1.0377902219339508e-05,8.03099603878701e-07,1.616677240936139e-06,1.8799346478389415e-08,7.0422640549272e-08,5.480883236708145e-07,5.541065090097774e-07,4.961380808410354e-07,1.4375126611287925e-07,1.9731652978194347e-08
E2_A3p1,chease_public,EQDSK_libneo,4224,2.8363948397744203e-07,5.470263561113143e-07,1.2449065623371543e-16,3.437395244656616e-16,5.391222329976438e-06,1.0369668323110402e-05,8.033757788958645e-07,1.6153945585253315e-06,1.8798135960917722e-08,7.032704142770941e-08,5.480587894624023e-07,5.54113917250465e-07,4.961399434622038e-07,1.4375126611287925e-07,1.9731652978194347e-08
E2_A20,chease_public,NOUT,66048,6.143393214142615e-10,8.309961321821833e-10,0.0,0.0,1.000635482899255e-08,1.4698740907202964e-07,2.3415321214477055e-10,4.665745013843938e-09,5.13437957945345e-12,1.2399256021675956e-10,8.224447789473288e-10,7.873871554764378e-10,3.984977903215281e-10,2.584270242245168e-09,4.4431425205715414e-10
E2_A20,chease_public,EQDSK_repo,66048,1.6935817037272816e-09,2.7506173593449e-09,0.0,0.0,2.1334091485253115e-08,1.475800117190652e-07,4.992273544996166e-10,4.684555692003738e-09,7.205790612357545e-12,1.2507744395616335e-10,2.7385429479664936e-09,2.71184530387103e-09,2.5216520263375564e-08,2.584270242245168e-09,4.4431425205715414e-10
E2_A20,chease_public,EQDSK_libneo,66048,1.6994525671051876e-09,4.022777399466643e-09,1.2135144879351004e-16,3.186731751701274e-16,2.8596918204105934e-08,4.8759633770983e-07,6.691807725558082e-10,1.5477517399625462e-08,1.54356062723819e-11,5.061041570769624e-10,4.01219968360067e-09,3.976796225657608e-09,2.5299742834571093e-08,2.584270242245168e-09,4.4431425205715414e-10
E1_A10,chease_public,NOUT,16640,7.276040341488682e-10,1.2585712451658503e-09,8.155077523683334e-11,1.647993910762762e-10,1.7976471666124785e-08,6.759158990984659e-08,8.417142745593162e-10,4.323110206229466e-09,8.224299236667943e-11,2.4166850293081107e-10,1.0686404539050898e-09,1.0665143213017814e-09,1.2457503431595462e-09,5.300686556353185e-09,3.9884717750737764e-10
E1_A10,chease_public,EQDSK_repo,16640,5.705609972265045e-10,1.1988683291484027e-09,8.161888154184262e-11,1.6406789405000112e-10,1.8611121438214642e-08,6.764219599637825e-08,8.711632757466701e-10,4.326838911101012e-09,8.313956914162838e-11,3.0624637176380106e-10,1.041507324828217e-09,1.050391218448965e-09,3.99241550930185e-09,5.300686556353185e-09,3.9884717750737764e-10
E1_A10,chease_public,EQDSK_libneo,16640,5.857586477298567e-10,3.1346527651062443e-09,8.378638304650473e-11,1.689215777468547e-10,2.612218680677982e-08,4.78866853436641e-07,1.2202538945340368e-09,3.062760485270494e-08,1.0231010786198383e-10,2.0390419794372986e-09,3.1284611567983234e-09,3.0880362711371845e-09,4.0046186176173615e-09,5.300686556353185e-09,3.9884717750737764e-10
E2_A3p1,chease_public,NOUT,16640,1.6296262771622292e-08,3.324510550399603e-08,0.0,0.0,6.538050907016139e-07,1.2705716504652964e-06,9.742710313911058e-08,1.9793058624680736e-07,1.945044627950213e-09,1.308742620163707e-08,3.2997529042511076e-08,1.2249726455415555e-07,9.250156551843247e-08,4.173534462470485e-08,5.356987520244161e-09
E2_A3p1,chease_public,EQDSK_repo,16640,1.5977272572959296e-08,3.23677658549813e-08,0.0,0.0,6.137606722433898e-07,1.2496018447239142e-06,9.145986344832078e-08,1.9466389448459664e-07,1.927543545451299e-09,1.3301292350286718e-08,3.215015065283211e-08,1.2179387126609598e-07,9.182521409911715e-08,4.173534462470485e-08,5.356987520244161e-09
E2_A3p1,chease_public,EQDSK_libneo,16640,1.599444049730832e-08,3.237934956132063e-08,1.2449065623371543e-16,3.437395244656616e-16,6.159237710865448e-07,1.244636758895842e-06,9.178219873920386e-08,1.9389042976235434e-07,2.0192332287305743e-09,1.7025220434898127e-08,3.216173355413687e-08,1.21850825984815e-07,9.183445925931011e-08,4.173534462470485e-08,5.356987520244161e-09
E2_A20,chease_mars,NOUT,1088,2.2107172972004093e-07,4.173870519281682e-07,0.0,0.0,2.3601606178515587e-06,5.30036432260499e-06,5.5228822012817727e-08,1.6824671287070434e-07,2.405035085497824e-10,1.2780588196777403e-09,4.179362050882318e-07,4.1672207018450536e-07,3.563078299073652e-07,2.807073751220912e-08,2.019059364144482e-09
E2_A20,chease_mars,EQDSK_repo,1088,2.2106901936740819e-07,4.1739868894369076e-07,0.0,0.0,2.360221762982775e-06,5.320219123917159e-06,5.5230252836441905e-08,1.6887695352062094e-07,2.405485969263752e-10,1.277858310483978e-09,4.1797381472585826e-07,4.1677657836025617e-07,3.5615843374525724e-07,2.807073751220912e-08,2.019059364144482e-09
E2_A20,chease_mars,EQDSK_libneo,1088,2.2106940672608543e-07,4.17396826864373e-07,1.2135144879351004e-16,3.186731751701274e-16,2.3603931548188905e-06,5.32093995040527e-06,5.523426348264102e-08,1.688998343415973e-07,2.405475090933019e-10,1.2777746986279612e-09,4.179719527153125e-07,4.167747171823777e-07,3.5614851034981854e-07,2.807073751220912e-08,2.019059364144482e-09
E2_A20,chease_mars,NOUT,4224,1.2327613340266853e-08,2.296163530087252e-08,0.0,0.0,2.8302818484912077e-07,6.259641995477836e-07,6.622987065970139e-09,1.9869656600679848e-08,1.4933841109653848e-11,1.1624484674721817e-10,2.275442873012068e-08,2.3162965379075473e-08,2.0097315034384167e-08,3.1959201951536897e-09,2.0054313765172083e-10
E2_A20,chease_mars,EQDSK_repo,4224,1.2327059813105038e-08,2.2961041863153453e-08,0.0,0.0,2.839436112280372e-07,6.356150863139589e-07,6.644408455753786e-09,2.017599968879013e-08,1.579416428517116e-11,1.1621745391058027e-10,2.2699659762981383e-08,2.3108206737010306e-08,2.2927465805240577e-08,3.1959201951536897e-09,2.0054313765172083e-10
E2_A20,chease_mars,EQDSK_libneo,4224,1.2327893358668665e-08,2.2970892112445175e-08,1.2135144879351004e-16,3.186731751701274e-16,2.842300942338998e-07,6.375672220100323e-07,6.651112287188313e-09,2.023796531868866e-08,1.5901589032552928e-11,1.1620710196650198e-10,2.2709509606144707e-08,2.311805474830564e-08,2.294037859933845e-08,3.1959201951536897e-09,2.0054313765172083e-10
E2_A20,chease_mars,NOUT,16640,9.885329539396288e-10,1.8121057355182413e-09,0.0,0.0,3.549554043891631e-08,1.478079981645403e-07,8.306116415645487e-10,4.691792547377372e-09,5.228246968980454e-12,1.2643545975855564e-10,1.623267298356268e-09,1.7660197193514193e-09,1.9564800474158872e-09,2.585586411640861e-09,3.1080016338336236e-10
E2_A20,chease_mars,EQDSK_repo,16640,1.0012533570671744e-09,1.8556714973849584e-09,0.0,0.0,3.9959475087717657e-08,1.4776453618784555e-07,9.35069723921639e-10,4.690412956415564e-09,7.246435101525451e-12,1.265322902508571e-10,1.5496920968693928e-09,1.6924626700109968e-09,2.436717411267303e-08,2.585586411640861e-09,3.1080016338336236e-10
E2_A20,chease_mars,EQDSK_libneo,16640,1.0038624005336688e-09,1.865014241026501e-09,1.2135144879351004e-16,3.186731751701274e-16,4.0741028560049406e-08,1.4774376588410673e-07,9.533584273642973e-10,4.6897536554474254e-09,7.454551926704015e-12,1.2653133468678832e-10,1.5487666704672165e-09,1.6915374656534254e-09,2.4371768322234422e-08,2.585586411640861e-09,3.1080016338336236e-10
E1_A10,chease_public,NOUT,66048,6.108523677362166e-10,6.270655504755768e-10,8.15783014762235e-11,1.6431625859175995e-10,6.15551618474971e-09,6.735658563511734e-08,2.982171526378732e-10,4.308079946738368e-09,8.227124700069828e-11,2.412027891727972e-10,6.164033727884544e-10,6.431659649308585e-10,4.3636511765088315e-10,5.300777705663506e-09,3.16961901170032e-10
E1_A10,chease_public,EQDSK_repo,66048,1.0735278995943972e-09,1.5063313424561564e-09,8.15627698395654e-11,1.6823177695751725e-10,9.51586634221722e-09,6.896891122389748e-08,4.5089290068803697e-10,4.411738392720687e-09,8.299276364152595e-11,3.105222241079354e-10,1.4985938046052638e-09,1.4946167636864516e-09,4.846855498549796e-09,5.300777705663506e-09,3.16961901170032e-10
E1_A10,chease_public,EQDSK_libneo,66048,1.0804038538864464e-09,4.006389199385593e-09,8.373503828853384e-11,1.720252280789065e-10,2.0631298225251965e-08,4.804773690633375e-07,9.651181158153826e-10,3.0730608008693476e-08,1.0226263319161042e-10,2.0424732450309007e-09,4.0001216783380755e-09,3.9624855618924926e-09,4.855609518628068e-09,5.300777705663506e-09,3.16961901170032e-10
E2_A3p1,chease_public,NOUT,66048,1.2790676409878675e-09,3.366708764728977e-09,0.0,0.0,1.0373422320384516e-07,6.315693923426936e-07,1.545800882689822e-08,9.838634447427692e-08,1.2889932223385463e-09,1.5739326453526888e-08,3.35973804332923e-09,9.249690124946142e-08,6.612425518248699e-08,3.7287322784962385e-08,9.553784430238466e-10
E2_A3p1,chease_public,EQDSK_repo,66048,9.899186649728732e-10,2.7422455664987236e-09,0.0,0.0,8.689892017813061e-08,6.303538673015187e-07,1.29492874547469e-08,9.819698908931354e-08,1.293499305571758e-09,1.56316745111241e-08,2.734419690675338e-09,9.198728434522963e-08,6.572284949601936e-08,3.7287322784962385e-08,9.553784430238466e-10
E2_A3p1,chease_public,EQDSK_libneo,66048,1.0087850841128268e-09,3.728195475822378e-09,1.2449065623371543e-16,3.437395244656616e-16,8.930020874325618e-08,6.313751303448494e-07,1.3307116710022655e-08,9.835608219736818e-08,1.4063101968607314e-09,1.5990204599895668e-08,3.7206190350858037e-09,9.199934913883823e-08,6.575433164623945e-08,3.7287322784962385e-08,9.553784430238466e-10
E1_A10,chease_mars,NOUT,1088,1.1970115824998905e-07,2.859708127972742e-07,3.28186481120763e-10,1.3168158080995364e-09,1.2144573154178899e-06,2.9364958508252944e-06,5.6598674297259276e-08,1.8781385385999428e-07,7.369210636948691e-10,4.26805114870063e-09,2.8594182599483986e-07,2.86680071237555e-07,2.2775904118255141e-07,1.9614839752435387e-08,1.7999758350484285e-09
E1_A10,chease_mars,EQDSK_repo,1088,1.197002813925418e-07,2.859951682477458e-07,3.281834529859656e-10,1.3169188401053024e-09,1.2144064519136031e-06,2.937961925772244e-06,5.6596303912091675e-08,1.879075675135606e-07,7.3691986577756e-10,4.269894404254362e-09,2.8596577050787886e-07,2.8670401752695085e-07,2.277710371423325e-07,1.9614839752435387e-08,1.7999758350484285e-09
E1_A10,chease_mars,EQDSK_libneo,1088,1.1970058126072088e-07,2.8599906964569486e-07,3.2872262275664026e-10,1.3189334028573424e-09,1.2144517289480893e-06,2.9379542889076503e-06,5.659841705827431e-08,1.879070787713131e-07,7.371353204743341e-10,4.253028450095977e-09,2.859696716095428e-07,2.867079189616817e-07,2.277685360319026e-07,1.9614839752435387e-08,1.7999758350484285e-09
E2_A3p1,chease_mars,NOUT,1088,6.355050171686137e-06,1.1585175004056499e-05,0.0,0.0,4.960943654157991e-05,9.564160393466886e-05,7.392575798733737e-06,1.489911940774175e-05,3.501572634557506e-07,1.4481164039683616e-06,1.1570736472843457e-05,1.148404861600616e-05,9.731808179869184e-06,2.181923326460833e-06,5.4773768409788204e-08
E2_A3p1,chease_mars,EQDSK_repo,1088,6.3550353898401284e-06,1.1585131572022932e-05,0.0,0.0,4.961121318961699e-05,9.563728585335414e-05,7.392840546858235e-06,1.4898446733858484e-05,3.5015871469835347e-07,1.4481105461757105e-06,1.1570707952768267e-05,1.1484046551990534e-05,9.73181290325753e-06,2.181923326460833e-06,5.4773768409788204e-08
E2_A3p1,chease_mars,EQDSK_libneo,1088,6.3550481025182905e-06,1.1585143020866131e-05,1.2449065623371543e-16,3.437395244656616e-16,4.9613072729919635e-05,9.564471356408208e-05,7.393117647216483e-06,1.4899603828098952e-05,3.501564125561761e-07,1.4480732002353256e-06,1.1570719400832985e-05,1.1484059921074152e-05,9.731847926019999e-06,2.181923326460833e-06,5.4773768409788204e-08
E1_A10,chease_mars,NOUT,4224,6.198433005653342e-09,1.4292655826077243e-08,8.289616359380452e-11,2.0062068865870725e-10,1.4245661064821415e-07,3.5199791883182023e-07,6.639465287564795e-09,2.251332156364242e-08,9.000149971895457e-11,3.1940515997987396e-10,1.411536199036334e-08,1.3945215815436285e-08,1.1453728521182427e-08,4.63560589913925e-09,7.167298976540337e-10
E1_A10,chease_mars,EQDSK_repo,4224,6.198388261310503e-09,1.428072820199123e-08,8.289332250869831e-11,2.0062522085837438e-10,1.4256067583771806e-07,3.5504074311330884e-07,6.644314657057334e-09,2.2707935743552232e-08,9.08472026941032e-11,3.2198399903161463e-10,1.4127244873929357e-08,1.3957096700600857e-08,1.1453949233519722e-08,4.63560589913925e-09,7.167298976540337e-10
E1_A10,chease_mars,EQDSK_libneo,4224,6.1987674831413975e-09,1.42879439924102e-08,8.503486745089222e-11,2.052003253490216e-10,1.4266652668804665e-07,3.5574709604986165e-07,6.649274257541939e-09,2.2753118881515778e-08,9.291305646269953e-11,3.255149204342318e-10,1.4134460046832942e-08,1.3964310707770267e-08,1.145957706505385e-08,4.63560589913925e-09,7.167298976540337e-10
E2_A3p1,chease_mars,NOUT,4224,2.8403371118654646e-07,5.474785788270809e-07,0.0,0.0,5.430050192903451e-06,1.036455148034888e-05,8.091617329360845e-07,1.6145974529963755e-06,1.8831521863595918e-08,6.952593636316521e-08,5.485138755978447e-07,5.541010222320786e-07,4.972007547898727e-07,1.6201484331901383e-07,1.8276583357845766e-08
E2_A3p1,chease_mars,EQDSK_repo,4224,2.8402164800061894e-07,5.475402734046567e-07,0.0,0.0,5.425304962928463e-06,1.0353077288557782e-05,8.08454620041482e-07,1.6128099949596022e-06,1.8829761476568543e-08,6.957732345149714e-08,5.485726716214501e-07,5.541019063581842e-07,4.972577427042602e-07,1.6201484331901383e-07,1.8276583357845766e-08
E2_A3p1,chease_mars,EQDSK_libneo,4224,2.8403810376802785e-07,5.47509889166325e-07,1.2449065623371543e-16,3.437395244656616e-16,5.427533085023137e-06,1.0350115780559159e-05,8.087866448057606e-07,1.6123486490653134e-06,1.8832244059963667e-08,6.971467630682935e-08,5.485422894246916e-07,5.541160555400104e-07,4.972788811286044e-07,1.6201484331901383e-07,1.8276583357845766e-08
E2_A20,chease_mars,NOUT,66048,6.140143686131395e-10,8.304436490173364e-10,0.0,0.0,1.0001151942474122e-08,1.4688421615479987e-07,2.3403146225567155e-10,4.662469414647595e-09,5.134422237362413e-12,1.2399542690896587e-10,8.219045444235462e-10,7.869718210429255e-10,4.481796461730525e-10,2.58427124144589e-09,4.3900483248648925e-10
E2_A20,chease_mars,EQDSK_repo,66048,6.317223999015542e-10,8.322831272616472e-10,0.0,0.0,2.2572750041319557e-08,1.470275521430504e-07,5.28212522886131e-10,4.667019254506032e-09,7.354573081129492e-12,1.2421743629427545e-10,8.202934997925126e-10,7.853536709845343e-10,2.4985507569158516e-08,2.58427124144589e-09,4.3900483248648925e-10
E2_A20,chease_mars,EQDSK_libneo,66048,6.337428262681558e-10,8.338113927571925e-10,1.2135144879351004e-16,3.186731751701274e-16,2.386456566520947e-08,1.4708167979544683e-07,5.584415906138053e-10,4.6687374004742766e-09,7.608555171755002e-12,1.243160186540363e-10,8.218217217859092e-10,7.868885543160786e-10,2.4796679447616765e-08,2.58427124144589e-09,4.3900483248648925e-10
E1_A10,chease_mars,NOUT,16640,7.271573117421762e-10,1.2574152329818118e-09,8.155036147701664e-11,1.6476993177843983e-10,1.7968097074519127e-08,6.773241349091736e-08,8.413257838581499e-10,4.332116927908666e-09,8.224371649566495e-11,2.41946966288225e-10,1.0675517136959911e-09,1.0664740202059875e-09,1.239401838104559e-09,5.300686445330882e-09,4.009741427779545e-10
E1_A10,chease_mars,EQDSK_repo,16640,7.300506793004931e-10,1.2808235388635746e-09,8.155140508412815e-11,1.6472748017489103e-10,1.9365485400382433e-08,6.789776910809678e-08,9.061647430021733e-10,4.342692682993449e-09,8.282968826844424e-11,2.4438287991342076e-10,1.127318294269486e-09,1.1183182158092109e-09,4.469539493720531e-09,5.300686445330882e-09,4.009741427779545e-10
E1_A10,chease_mars,EQDSK_libneo,16640,7.30455714701632e-10,1.279568206170589e-09,8.372139975386419e-11,1.6849932781120025e-10,1.961773830021342e-08,6.785027079122239e-08,9.180684904319789e-10,4.339687659666619e-09,8.503166432061759e-11,2.438153996333417e-10,1.1260630761178447e-09,1.1170632752133258e-09,4.489402372423457e-09,5.300686445330882e-09,4.009741427779545e-10
E2_A3p1,chease_mars,NOUT,16640,1.6296302992591906e-08,3.3244451204181624e-08,0.0,0.0,6.538071793096803e-07,1.2705103907397848e-06,9.74274143741199e-08,1.9792104316170908e-07,1.9450678211404794e-09,1.3087588120114272e-08,3.299655570998539e-08,1.2240283930875506e-07,9.23978171751827e-08,4.17055682211398e-08,5.086192134129419e-09
E2_A3p1,chease_mars,EQDSK_repo,16640,1.6271829631486114e-08,3.3243470547772607e-08,0.0,0.0,6.479875003757753e-07,1.2954110879472484e-06,9.656019191318493e-08,2.0180009208777523e-07,1.946980227274895e-09,1.3012377328095559e-08,3.3025795431740335e-08,1.2226313839125424e-07,9.242115539542795e-08,4.17055682211398e-08,5.086192134129419e-09
E2_A3p1,chease_mars,EQDSK_libneo,16640,1.6292415847862336e-08,3.324561053899548e-08,1.2449065623371543e-16,3.437395244656616e-16,6.504227891396778e-07,1.2977063688895325e-06,9.692308772563514e-08,2.0215765264120096e-07,1.949699346176105e-09,1.3055841879323807e-08,3.3027935275598e-08,1.2230282264713566e-07,9.242286336252903e-08,4.17055682211398e-08,5.086192134129419e-09
E1_A10,chease_mars,NOUT,66048,6.103596265695643e-10,6.27278871743738e-10,8.157839329740665e-11,1.6431580537179324e-10,6.153442460695007e-09,6.749098844156028e-08,2.98124214566587e-10,4.3166760465163595e-09,8.227120240264717e-11,2.411608764422281e-10,6.166450683409153e-10,6.430731502859999e-10,5.296218394401642e-10,5.300777039529692e-09,3.2405178540528823e-10
E1_A10,chease_mars,EQDSK_repo,66048,6.133210538998344e-10,6.266951029759783e-10,8.158059789213975e-11,1.6428906539375716e-10,9.383853127021776e-09,6.714066619578158e-08,4.4484657092058113e-10,4.294270278429951e-09,8.289734477410175e-11,2.43344710623138e-10,6.207094838117655e-10,6.500353588734242e-10,1.4399978934959146e-09,5.300777039529692e-09,3.2405178540528823e-10
E1_A10,chease_mars,EQDSK_libneo,66048,6.13526220031435e-10,6.269547404081657e-10,8.374924124441925e-11,1.6916722296881325e-10,9.7529864141503e-09,6.707120387724119e-08,4.6215625814212393e-10,4.289860910433555e-09,8.511092136032411e-11,2.426502860296088e-10,6.209691649772253e-10,6.501238436484869e-10,1.4315852739366086e-09,5.300777039529692e-09,3.2405178540528823e-10
E2_A3p1,chease_mars,NOUT,66048,1.2784906502100433e-09,3.366801014015555e-09,0.0,0.0,1.0373123302847422e-07,6.315157995156263e-07,1.5457563244371545e-08,9.83779957442575e-08,1.2890000215889326e-09,1.5738990126367366e-08,3.3598749338281664e-09,9.247520038613288e-08,6.610394320816226e-08,3.728022679450049e-08,9.012306456668284e-10
E2_A3p1,chease_mars,EQDSK_repo,66048,1.2538511973064116e-09,3.3583261814813604e-09,0.0,0.0,9.963573880060598e-08,6.312596049572733e-07,1.4847271057573244e-08,9.833808556751976e-08,1.294729156939979e-09,1.572684658121912e-08,3.3504581331555983e-09,9.248456656063553e-08,6.602732083305085e-08,3.728022679450049e-08,9.012306456668284e-10
E2_A3p1,chease_mars,EQDSK_libneo,66048,1.2708153338544224e-09,3.360655965113323e-09,1.2449065623371543e-16,3.437395244656616e-16,1.0093643020973146e-07,6.31057437292728e-07,1.5041094259428453e-08,9.83065917400375e-08,1.2959889911558871e-09,1.5703391225035886e-08,3.3527878251504717e-09,9.249878196726513e-08,6.60314123379635e-08,3.728022679450049e-08,9.012306456668284e-10
E1_A3p1,chease_public,NOUT,1088,1.0411237779566892e-06,2.8984047200684464e-06,3.014730378211587e-08,1.1642849208467847e-07,1.0462651570183759e-05,2.2982824263897687e-05,1.5104158130660216e-06,4.295209136641396e-06,7.088981921065553e-08,4.739916257879726e-07,2.8965686628135145e-06,2.9016398855885583e-06,2.044639969778217e-06,2.1396071436807773e-07,1.5384943874430235e-08
E1_A3p1,chease_public,EQDSK_repo,1088,1.0410372407352465e-06,2.8980168502384194e-06,3.0144489936791376e-08,1.1641391883871445e-07,1.0457495974549816e-05,2.2981731966088953e-05,1.5096717731481983e-06,4.2950049440158705e-06,7.087119651111507e-08,4.739893284316577e-07,2.8962055947934218e-06,2.9012757349899942e-06,2.0444164023913913e-06,2.1396071436807773e-07,1.5384943874430235e-08
E1_A3p1,chease_public,EQDSK_libneo,1088,1.0410398916306798e-06,2.898035876271437e-06,3.014459952549377e-08,1.1641573879492775e-07,1.0457657754661628e-05,2.2982565457423924e-05,1.5096951211778821e-06,4.2951607849314584e-06,7.085766812313838e-08,4.740632305052468e-07,2.896224618575971e-06,2.90129481550494e-06,2.0444079834591733e-06,2.1396071436807773e-07,1.5384943874430235e-08
E1_A3p1,chease_public,NOUT,4224,4.799577436958831e-08,1.2105433792252857e-07,1.369798284367331e-09,4.777065833452879e-09,1.163881419350426e-06,2.6413756099646784e-06,1.679936670917403e-07,4.93626698743818e-07,3.2943014489224803e-09,1.972739867616762e-08,1.2107047531184634e-07,1.1932991994534348e-07,8.517477845249033e-08,2.1533380190064122e-08,4.143352327901084e-09
E1_A3p1,chease_public,EQDSK_repo,4224,4.7934233885533396e-08,1.2070191057522752e-07,1.367970214602774e-09,4.762603985398839e-09,1.1574759569601086e-06,2.6388740696767197e-06,1.6706915371666767e-07,4.931592066747769e-07,3.2878992457529325e-09,1.961756993662663e-08,1.2071018995474248e-07,1.1896856033644099e-07,8.498779380250454e-08,2.1533380190064122e-08,4.143352327901084e-09
E1_A3p1,chease_public,EQDSK_libneo,4224,4.793760701180979e-08,1.207130709090254e-07,1.3681776962862308e-09,4.764067811063012e-09,1.157973184820823e-06,2.6382619708422147e-06,1.6714092014075088e-07,4.930448165722833e-07,3.3376034040058525e-09,2.0798919423646987e-08,1.207213490284076e-07,1.1897975271679684e-07,8.498514481036779e-08,2.1533380190064122e-08,4.143352327901084e-09
E1_A3p1,chease_public,NOUT,16640,2.9509392863255625e-09,7.488762577187903e-09,1.1526544322799566e-10,3.8844199848050367e-10,1.391111122283025e-07,3.286605966623317e-07,2.0078851533069097e-08,6.142089190578982e-08,3.931744655926696e-10,5.041324399309045e-09,7.3372104503199864e-09,1.0489464519203295e-08,1.1048594726614791e-08,4.212887816379407e-09,1.4726720953817107e-09
E1_A3p1,chease_public,EQDSK_repo,16640,2.915340372705368e-09,7.550759305056094e-09,1.1475307854373093e-10,3.9198170991523223e-10,1.32404922738101e-07,3.2885822765691706e-07,1.9110930668137384e-08,6.14578246064508e-08,3.9394531420746294e-10,4.869681420277755e-09,7.375611066340326e-09,1.061004750724237e-08,1.1090031414029422e-08,4.212887816379407e-09,1.4726720953817107e-09
E1_A3p1,chease_public,EQDSK_libneo,16640,2.921308440112932e-09,7.555506370009617e-09,1.1631530997378627e-10,4.012892052384075e-10,1.340270959064402e-07,3.916399100262624e-07,1.934507121280068e-08,7.319073793280821e-08,6.610778445922312e-10,1.494506371274832e-08,7.380357547326355e-09,1.0631504454572394e-08,1.1150293667550049e-08,4.212887816379407e-09,1.4726720953817107e-09
E1_A3p1,chease_public,NOUT,66048,6.422275928369171e-10,8.883833455738798e-10,8.024311731439993e-11,1.6861164802595656e-10,2.5054757116768022e-08,1.8059060307545014e-07,3.617136520556202e-09,3.374925202069669e-08,3.181461233961872e-10,3.848440877098296e-09,8.062159828625681e-10,4.397725628102478e-09,3.1313108772579312e-09,3.537405590670062e-09,6.598047663786133e-10
E1_A3p1,chease_public,EQDSK_repo,66048,5.995086302629556e-10,9.881422927262555e-10,7.979589039553187e-11,1.6377069474848166e-10,2.3331736348148625e-08,1.807489597053408e-07,3.368499193101277e-09,3.377884999765631e-08,3.390921240265768e-10,3.878879501374495e-09,9.809708600982958e-10,4.286291988009339e-09,3.2309968450716653e-09,3.537405590670062e-09,6.598047663786133e-10
E1_A3p1,chease_public,EQDSK_libneo,66048,6.108613577477984e-10,3.832413624746956e-09,8.204952227253041e-11,1.7144355427885936e-10,2.969877451807729e-08,3.9520141625572146e-07,4.287325481364747e-09,7.385630191368507e-08,6.333363545487427e-10,1.5121243487863682e-08,3.824896510629117e-09,4.293583821812774e-09,3.3394213436177544e-09,3.537405590670062e-09,6.598047663786133e-10
E1_A40,chease_mars,NOUT,1088,2.0514518166062153e-08,3.911353405314251e-08,8.042839693465208e-11,1.767953908762103e-10,2.177671729216567e-07,4.7017168036090564e-07,2.5494813427786336e-09,7.707713766496621e-09,8.065254104196512e-11,1.8052650135086715e-10,3.929762265597603e-08,3.934291098461884e-08,3.3028803470003254e-08,3.6280634052587857e-09,3.198259435066575e-10
E1_A40,chease_mars,EQDSK_repo,1088,2.0512024719990657e-08,3.917291585569393e-08,8.042864091827614e-11,1.767747955830054e-10,2.181683746757545e-07,4.725653454464402e-07,2.5541736991256503e-09,7.746895719925128e-09,8.067245726862064e-11,1.8186485208992939e-10,3.929220521170507e-08,3.933749359585903e-08,3.304523255032166e-08,3.6280634052587857e-09,3.198259435066575e-10
E1_A40,chease_mars,EQDSK_libneo,1088,2.051209141180976e-08,3.917222504450777e-08,8.304666207140184e-11,2.1486268472601332e-10,2.1821054327136813e-07,4.7386477659093793e-07,2.554750644120016e-09,7.768197062783894e-09,8.328973562117483e-11,2.1489477304672756e-10,3.9291514430939145e-08,3.933680287060426e-08,3.3044859182318476e-08,3.6280634052587857e-09,3.198259435066575e-10
E2_A10,chease_public,NOUT,1088,5.71048291363677e-07,9.843251438671774e-07,0.0,0.0,5.941360611281852e-06,1.2791202410023894e-05,2.778303153005803e-07,7.781852366303676e-07,2.4493446722690243e-09,1.1589206503366346e-08,9.85554193477789e-07,9.7753095196218e-07,8.280471721633376e-07,8.069611223682216e-08,9.328364969363179e-09
E2_A10,chease_public,EQDSK_repo,1088,5.710034785690514e-07,9.844037485593764e-07,0.0,0.0,5.936286206458087e-06,1.2794672584702078e-05,2.775930256317e-07,7.783963535071496e-07,2.449189810469388e-09,1.1590735563857114e-08,9.856093462490279e-07,9.775859657334962e-07,8.279710220771008e-07,8.069611223682216e-08,9.328364969363179e-09
E2_A10,chease_public,EQDSK_libneo,1088,5.710054249187597e-07,9.844052631782606e-07,1.2036951669699877e-16,3.0218468252888666e-16,5.9366545036922056e-06,1.2794882225968977e-05,2.7761024797240177e-07,7.784091075652639e-07,2.4494893417355423e-09,1.1590573713022883e-08,9.856108602046554e-07,9.775874759143655e-07,8.279649134079747e-07,8.069611223682216e-08,9.328364969363179e-09
E2_A10,chease_public,NOUT,4224,2.955764074653043e-08,5.034489921874e-08,0.0,0.0,6.918472406746225e-07,1.5119309125049038e-06,3.2352208457347966e-08,9.198215126315074e-08,1.4049555644348722e-10,7.321747099744648e-10,4.99972358514178e-08,5.204539338388159e-08,4.577655504656164e-08,1.2011745265105844e-08,2.226776318892121e-09
E2_A10,chease_public,EQDSK_repo,4224,2.9515533649154948e-08,5.068061576640631e-08,0.0,0.0,6.854541216870055e-07,1.5115798262735353e-06,3.205325298564828e-08,9.196079204192372e-08,1.4070470883867151e-10,7.331423456702607e-10,5.040481398932428e-08,5.228839849991118e-08,4.5517776825487744e-08,1.2011745265105844e-08,2.226776318892121e-09
E2_A10,chease_public,EQDSK_libneo,4224,2.951850348462687e-08,5.0689629933941416e-08,1.2036951669699877e-16,3.0218468252888666e-16,6.860708275670972e-07,1.5140985583689204e-06,3.20820914286117e-08,9.2114025496358e-08,1.5322627469393976e-10,2.2192648509107498e-09,5.041382422632523e-08,5.22974207273208e-08,4.5519716385111764e-08,1.2011745265105844e-08,2.226776318892121e-09
E2_A10,chease_public,NOUT,16640,1.9069466341901363e-09,3.6250760853414902e-09,0.0,0.0,8.522522387449987e-08,1.8962828462280494e-07,3.9853078056991176e-09,1.1536517585349703e-08,2.9066511528154852e-11,4.695200688904498e-10,3.4461904996341275e-09,4.4045035396678145e-09,7.986722845576555e-09,3.6999100450074707e-09,3.336386722452289e-10
E2_A10,chease_public,EQDSK_repo,16640,1.917810178565595e-09,3.5323843612390447e-09,0.0,0.0,8.024723643533732e-08,1.888271940921517e-07,3.752526813217587e-09,1.1487781211381434e-08,3.1743892504745664e-11,4.649813069128194e-10,3.327753683723955e-09,4.286092203376057e-09,6.995108131624406e-09,3.6999100450074707e-09,3.336386722452289e-10
E2_A10,chease_public,EQDSK_libneo,16640,1.9245359307181672e-09,4.206073791074768e-09,1.2036951669699877e-16,3.0218468252888666e-16,8.274529266864628e-08,5.372952478956699e-07,3.869341091351276e-09,3.2687718966623945e-08,6.578303720117582e-11,2.161354230240235e-09,4.19581158705995e-09,4.2883812612082295e-09,7.016541681004185e-09,3.6999100450074707e-09,3.336386722452289e-10
E2_A10,chease_public,NOUT,66048,6.262377219886851e-10,1.0509946634745004e-09,0.0,0.0,1.62503545148807e-08,1.8533953978555668e-07,7.599002003080628e-10,1.1275600917077306e-08,2.7432807652042994e-11,4.4933698326675995e-10,1.0397246397175763e-09,1.168830143782884e-09,1.9736154030502995e-09,3.063444720119435e-09,2.0715051896047498e-10
E2_A10,chease_public,EQDSK_repo,66048,1.8627532730918736e-09,3.417481009261195e-09,0.0,0.0,1.62473260554614e-08,1.849668754664633e-07,7.597585832795086e-10,1.1252928938162319e-08,3.0413150710357194e-11,4.543276605280387e-10,3.404878490265162e-09,3.5014021682044927e-09,2.091175482776819e-09,3.063444720119435e-09,2.0715051896047498e-10
E2_A10,chease_public,EQDSK_libneo,66048,1.868081442675883e-09,3.4179255759138193e-09,1.2036951669699877e-16,3.0218468252888666e-16,2.4802905113581063e-08,5.289712533775596e-07,1.1598351621666509e-09,3.218130765077225e-08,6.46931647722488e-11,2.129272921127164e-09,3.4053229125419193e-09,3.50185425102012e-09,2.112421453037694e-09,3.063444720119435e-09,2.0715051896047498e-10
E2_A10,chease_mars,NOUT,1088,5.71045973475175e-07,9.843054831747608e-07,0.0,0.0,5.941246829233499e-06,1.2790753942076247e-05,2.778249946165758e-07,7.781579529454743e-07,2.449353481479187e-09,1.1589451919309768e-08,9.855349957232917e-07,9.776356172386258e-07,8.282194920994357e-07,8.455203359680752e-08,9.035481474128915e-09
E2_A10,chease_mars,EQDSK_repo,1088,5.710443278827371e-07,9.842419036714893e-07,0.0,0.0,5.941022748146964e-06,1.2788903648464113e-05,2.7781451612132894e-07,7.78045385641304e-07,2.4495405376497695e-09,1.1590291643069472e-08,9.854475728765522e-07,9.775484147156455e-07,8.282195445019624e-07,8.455203359680752e-08,9.035481474128915e-09
E2_A10,chease_mars,EQDSK_libneo,1088,5.710463370106398e-07,9.842414896300005e-07,1.2036951669699877e-16,3.0218468252888666e-16,5.941286006888092e-06,1.2786056498204103e-05,2.7782682664476605e-07,7.778721720349684e-07,2.4495681463351693e-09,1.1589872158288488e-08,9.854471589854086e-07,9.775480018237026e-07,8.28221413784469e-07,8.455203359680752e-08,9.035481474128915e-09
E2_A10,chease_mars,NOUT,4224,2.955769570117532e-08,5.0341262372232994e-08,0.0,0.0,6.918476475020632e-07,1.5118626279537448e-06,3.2352227481440855e-08,9.197799699931388e-08,1.4049443854957318e-10,7.319504115676607e-10,4.999421338025556e-08,5.206276387781372e-08,4.577927725790687e-08,1.225560397610792e-08,2.2300621349558014e-09
E2_A10,chease_mars,EQDSK_repo,4224,2.9556623864293305e-08,5.0187373391841234e-08,0.0,0.0,6.9127727227823e-07,1.5088275479249697e-06,3.232555555582564e-08,9.179335020891257e-08,1.4077380003277635e-10,7.34538667359424e-10,4.990944779681428e-08,5.1878703555274797e-08,4.5639331647251424e-08,1.225560397610792e-08,2.2300621349558014e-09
E2_A10,chease_mars,EQDSK_libneo,4224,2.955967827212144e-08,5.0233716033207385e-08,1.2036951669699877e-16,3.0218468252888666e-16,6.917437278021819e-07,1.508285064228582e-06,3.234736798125681e-08,9.176034683752423e-08,1.4083618940122958e-10,7.347085126896604e-10,4.9910402144526245e-08,5.192477475768342e-08,4.566239697467722e-08,1.225560397610792e-08,2.2300621349558014e-09
E2_A10,chease_mars,NOUT,16640,1.906589244703282e-09,3.612794838560367e-09,0.0,0.0,8.522371003998425e-08,1.897660714829718e-07,3.985237015664931e-09,1.1544900198410339e-08,2.9068127442737463e-11,4.695090576034983e-10,3.4343173305195762e-09,4.388159058343888e-09,7.944470845067109e-09,3.699873185603053e-09,3.2480818035196535e-10
E2_A10,chease_mars,EQDSK_repo,16640,1.902198586809968e-09,3.6214081734923778e-09,0.0,0.0,8.47431728589974e-08,1.9640544163728687e-07,3.962766102814814e-09,1.1948823118945424e-08,3.0785399314767657e-11,4.672176540407804e-10,3.416738170169964e-09,4.370583672752559e-09,7.645248836785079e-09,3.699873185603053e-09,3.2480818035196535e-10
E2_A10,chease_mars,EQDSK_libneo,16640,1.905305431764509e-09,3.618970726414077e-09,1.2036951669699877e-16,3.0218468252888666e-16,8.523581500049067e-08,1.9806217507377968e-07,3.985803068664276e-09,1.2049614698969229e-08,3.097230160859404e-11,4.672265535740699e-10,3.414301785742424e-09,4.368147843436532e-09,7.677394421590211e-09,3.699873185603053e-09,3.2480818035196535e-10
E2_A10,chease_mars,NOUT,66048,6.26107257133361e-10,1.0506563080850182e-09,0.0,0.0,1.6249807446771814e-08,1.8545119414506498e-07,7.598746182713667e-10,1.1282393693189322e-08,2.742789752327493e-11,4.4921269147980195e-10,1.0393887972526272e-09,1.1713012781910948e-09,1.9914531829146043e-09,3.0675226803111855e-09,2.0538004630310525e-10
E2_A10,chease_mars,EQDSK_repo,66048,6.288151146540535e-10,1.0518862275816162e-09,0.0,0.0,1.7289588875328866e-08,1.8556382665776207e-07,8.084969492558122e-10,1.1289245977731138e-08,2.939555473506726e-11,4.482948328346082e-10,1.038686137100342e-09,1.1712298908506114e-09,2.0555816042377995e-09,3.0675226803111855e-09,2.0538004630310525e-10
E2_A10,chease_mars,EQDSK_libneo,66048,6.305850544098706e-10,1.0531574758059795e-09,1.2036951669699877e-16,3.0218468252888666e-16,1.7604750870984184e-08,1.8556437875784049e-07,8.232345762662752e-10,1.1289279566139513e-08,2.9619643041509756e-11,4.48120763997048e-10,1.039956898374328e-09,1.1718993553344603e-09,2.0730770017296507e-09,3.0675226803111855e-09,2.0538004630310525e-10
